"geocodigoFundar","geonombreFundar","tipo_carne","valor"
"AFG","Afganistán","aviar","0.81000"
"AFG","Afganistán","caprina_ovina","3.57000"
"AFG","Afganistán","otras_carnes","0.28000"
"AFG","Afganistán","pescado_mariscos","0.38000"
"AFG","Afganistán","porcina","0.00000"
"AFG","Afganistán","vacuna","1.73000"
"AGO","Angola","aviar","7.41000"
"AGO","Angola","caprina_ovina","0.65000"
"AGO","Angola","otras_carnes","0.26000"
"AGO","Angola","pescado_mariscos","14.35000"
"AGO","Angola","porcina","6.79000"
"AGO","Angola","vacuna","3.48000"
"ALB","Albania","aviar","24.78000"
"ALB","Albania","caprina_ovina","8.41000"
"ALB","Albania","otras_carnes","0.08000"
"ALB","Albania","pescado_mariscos","8.61000"
"ALB","Albania","porcina","7.51000"
"ALB","Albania","vacuna","15.90000"
"ARE","Emiratos Árabes Unidos","aviar","46.44000"
"ARE","Emiratos Árabes Unidos","caprina_ovina","8.49000"
"ARE","Emiratos Árabes Unidos","otras_carnes","3.58000"
"ARE","Emiratos Árabes Unidos","pescado_mariscos","23.11000"
"ARE","Emiratos Árabes Unidos","porcina","0.00000"
"ARE","Emiratos Árabes Unidos","vacuna","9.33000"
"ARG","Argentina","aviar","46.73000"
"ARG","Argentina","caprina_ovina","1.07000"
"ARG","Argentina","otras_carnes","1.12000"
"ARG","Argentina","pescado_mariscos","7.12000"
"ARG","Argentina","porcina","17.04000"
"ARG","Argentina","vacuna","48.99000"
"ARM","Armenia","aviar","18.04000"
"ARM","Armenia","caprina_ovina","3.50000"
"ARM","Armenia","otras_carnes","0.07000"
"ARM","Armenia","pescado_mariscos","4.86000"
"ARM","Armenia","porcina","10.77000"
"ARM","Armenia","vacuna","22.30000"
"ATG","Antigua y Barbuda","aviar","67.80000"
"ATG","Antigua y Barbuda","caprina_ovina","1.95000"
"ATG","Antigua y Barbuda","otras_carnes","0.09000"
"ATG","Antigua y Barbuda","pescado_mariscos","54.52000"
"ATG","Antigua y Barbuda","porcina","11.85000"
"ATG","Antigua y Barbuda","vacuna","14.69000"
"AUS","Australia","aviar","53.13000"
"AUS","Australia","caprina_ovina","10.56000"
"AUS","Australia","otras_carnes","1.13000"
"AUS","Australia","pescado_mariscos","24.24000"
"AUS","Australia","porcina","25.05000"
"AUS","Australia","vacuna","26.91000"
"AUT","Austria","aviar","17.54000"
"AUT","Austria","caprina_ovina","1.00000"
"AUT","Austria","otras_carnes","0.46000"
"AUT","Austria","pescado_mariscos","14.12000"
"AUT","Austria","porcina","40.86000"
"AUT","Austria","vacuna","13.85000"
"AZE","Azerbaiyán","aviar","15.68000"
"AZE","Azerbaiyán","caprina_ovina","8.61000"
"AZE","Azerbaiyán","otras_carnes","0.00000"
"AZE","Azerbaiyán","pescado_mariscos","2.13000"
"AZE","Azerbaiyán","porcina","0.93000"
"AZE","Azerbaiyán","vacuna","14.21000"
"BEL","Bélgica","aviar","13.25000"
"BEL","Bélgica","caprina_ovina","0.96000"
"BEL","Bélgica","otras_carnes","2.05000"
"BEL","Bélgica","pescado_mariscos","23.93000"
"BEL","Bélgica","porcina","30.55000"
"BEL","Bélgica","vacuna","13.15000"
"BFA","Burkina Faso","aviar","6.65000"
"BFA","Burkina Faso","caprina_ovina","2.21000"
"BFA","Burkina Faso","otras_carnes","0.43000"
"BFA","Burkina Faso","pescado_mariscos","10.50000"
"BFA","Burkina Faso","porcina","8.03000"
"BFA","Burkina Faso","vacuna","5.76000"
"BGD","Bangladesh","aviar","1.70000"
"BGD","Bangladesh","caprina_ovina","1.45000"
"BGD","Bangladesh","otras_carnes","0.12000"
"BGD","Bangladesh","pescado_mariscos","26.98000"
"BGD","Bangladesh","porcina","0.01000"
"BGD","Bangladesh","vacuna","1.22000"
"BGR","Bulgaria","aviar","25.91000"
"BGR","Bulgaria","caprina_ovina","1.57000"
"BGR","Bulgaria","otras_carnes","0.65000"
"BGR","Bulgaria","pescado_mariscos","7.18000"
"BGR","Bulgaria","porcina","32.80000"
"BGR","Bulgaria","vacuna","2.81000"
"BHR","Bahrein","aviar","39.20000"
"BHR","Bahrein","caprina_ovina","21.63000"
"BHR","Bahrein","otras_carnes","0.90000"
"BHR","Bahrein","pescado_mariscos","19.77000"
"BHR","Bahrein","porcina","0.64000"
"BHR","Bahrein","vacuna","13.89000"
"BHS","Bahamas","aviar","66.29000"
"BHS","Bahamas","caprina_ovina","3.27000"
"BHS","Bahamas","otras_carnes","0.62000"
"BHS","Bahamas","pescado_mariscos","27.68000"
"BHS","Bahamas","porcina","32.46000"
"BHS","Bahamas","vacuna","12.27000"
"BIH","Bosnia y Herzegovina","aviar","22.57000"
"BIH","Bosnia y Herzegovina","caprina_ovina","0.44000"
"BIH","Bosnia y Herzegovina","otras_carnes","0.49000"
"BIH","Bosnia y Herzegovina","pescado_mariscos","5.86000"
"BIH","Bosnia y Herzegovina","porcina","13.33000"
"BIH","Bosnia y Herzegovina","vacuna","15.05000"
"BLR","Belarús","aviar","46.00000"
"BLR","Belarús","caprina_ovina","0.10000"
"BLR","Belarús","otras_carnes","0.21000"
"BLR","Belarús","pescado_mariscos","12.46000"
"BLR","Belarús","porcina","39.12000"
"BLR","Belarús","vacuna","26.29000"
"BLZ","Belice","aviar","47.30000"
"BLZ","Belice","caprina_ovina","0.31000"
"BLZ","Belice","otras_carnes","0.01000"
"BLZ","Belice","pescado_mariscos","16.94000"
"BLZ","Belice","porcina","16.01000"
"BLZ","Belice","vacuna","4.56000"
"BOL","Bolivia","aviar","45.17000"
"BOL","Bolivia","caprina_ovina","3.34000"
"BOL","Bolivia","otras_carnes","1.80000"
"BOL","Bolivia","pescado_mariscos","2.13000"
"BOL","Bolivia","porcina","10.58000"
"BOL","Bolivia","vacuna","23.54000"
"BRA","Brasil","aviar","47.55000"
"BRA","Brasil","caprina_ovina","0.72000"
"BRA","Brasil","otras_carnes","0.48000"
"BRA","Brasil","pescado_mariscos","8.19000"
"BRA","Brasil","porcina","16.75000"
"BRA","Brasil","vacuna","39.07000"
"BRB","Barbados","aviar","48.97000"
"BRB","Barbados","caprina_ovina","3.92000"
"BRB","Barbados","otras_carnes","0.10000"
"BRB","Barbados","pescado_mariscos","43.16000"
"BRB","Barbados","porcina","11.31000"
"BRB","Barbados","vacuna","11.94000"
"BTN","Bhután","aviar","5.34000"
"BTN","Bhután","caprina_ovina","0.32000"
"BTN","Bhután","otras_carnes","0.00000"
"BTN","Bhután","pescado_mariscos","6.26000"
"BTN","Bhután","porcina","2.15000"
"BTN","Bhután","vacuna","6.85000"
"BWA","Botswana","aviar","2.75000"
"BWA","Botswana","caprina_ovina","2.23000"
"BWA","Botswana","otras_carnes","12.62000"
"BWA","Botswana","pescado_mariscos","2.22000"
"BWA","Botswana","porcina","0.50000"
"BWA","Botswana","vacuna","25.18000"
"CAN","Canadá","aviar","41.56000"
"CAN","Canadá","caprina_ovina","1.12000"
"CAN","Canadá","otras_carnes","0.57000"
"CAN","Canadá","pescado_mariscos","20.81000"
"CAN","Canadá","porcina","25.90000"
"CAN","Canadá","vacuna","25.64000"
"CHE","Suiza","aviar","17.52000"
"CHE","Suiza","caprina_ovina","1.25000"
"CHE","Suiza","otras_carnes","0.96000"
"CHE","Suiza","pescado_mariscos","16.46000"
"CHE","Suiza","porcina","25.27000"
"CHE","Suiza","vacuna","18.97000"
"CHL","Chile","aviar","37.86000"
"CHL","Chile","caprina_ovina","0.42000"
"CHL","Chile","otras_carnes","1.37000"
"CHL","Chile","pescado_mariscos","14.37000"
"CHL","Chile","porcina","31.39000"
"CHL","Chile","vacuna","27.49000"
"CHN","China","aviar","18.71000"
"CHN","China","caprina_ovina","4.02000"
"CHN","China","otras_carnes","0.76000"
"CHN","China","pescado_mariscos","41.68000"
"CHN","China","porcina","42.16000"
"CHN","China","vacuna","7.89000"
"CIV","Costa de Marfil","aviar","3.83000"
"CIV","Costa de Marfil","caprina_ovina","0.70000"
"CIV","Costa de Marfil","otras_carnes","6.16000"
"CIV","Costa de Marfil","pescado_mariscos","23.70000"
"CIV","Costa de Marfil","porcina","0.45000"
"CIV","Costa de Marfil","vacuna","0.88000"
"CMR","Camerún","aviar","4.23000"
"CMR","Camerún","caprina_ovina","1.56000"
"CMR","Camerún","otras_carnes","2.84000"
"CMR","Camerún","pescado_mariscos","18.11000"
"CMR","Camerún","porcina","1.83000"
"CMR","Camerún","vacuna","4.29000"
"COD","Rep. Dem. Congo","aviar","0.76000"
"COD","Rep. Dem. Congo","caprina_ovina","0.20000"
"COD","Rep. Dem. Congo","otras_carnes","1.61000"
"COD","Rep. Dem. Congo","pescado_mariscos","3.28000"
"COD","Rep. Dem. Congo","porcina","0.61000"
"COD","Rep. Dem. Congo","vacuna","0.31000"
"COG","Congo","aviar","36.57000"
"COG","Congo","caprina_ovina","0.26000"
"COG","Congo","otras_carnes","7.74000"
"COG","Congo","pescado_mariscos","23.18000"
"COG","Congo","porcina","8.47000"
"COG","Congo","vacuna","2.78000"
"COL","Colombia","aviar","35.69000"
"COL","Colombia","caprina_ovina","0.02000"
"COL","Colombia","otras_carnes","0.15000"
"COL","Colombia","pescado_mariscos","10.31000"
"COL","Colombia","porcina","13.82000"
"COL","Colombia","vacuna","12.91000"
"COM","Comoras","aviar","21.93000"
"COM","Comoras","caprina_ovina","0.59000"
"COM","Comoras","otras_carnes","0.00000"
"COM","Comoras","pescado_mariscos","16.98000"
"COM","Comoras","porcina","0.12000"
"COM","Comoras","vacuna","3.95000"
"CPV","Cabo Verde","aviar","24.80000"
"CPV","Cabo Verde","caprina_ovina","1.55000"
"CPV","Cabo Verde","otras_carnes","0.19000"
"CPV","Cabo Verde","pescado_mariscos","10.67000"
"CPV","Cabo Verde","porcina","13.91000"
"CPV","Cabo Verde","vacuna","3.41000"
"CRI","Costa Rica","aviar","35.01000"
"CRI","Costa Rica","caprina_ovina","0.06000"
"CRI","Costa Rica","otras_carnes","0.01000"
"CRI","Costa Rica","pescado_mariscos","17.83000"
"CRI","Costa Rica","porcina","15.39000"
"CRI","Costa Rica","vacuna","13.66000"
"CUB","Cuba","aviar","0.00000"
"CUB","Cuba","caprina_ovina","0.00000"
"CUB","Cuba","otras_carnes","0.00000"
"CUB","Cuba","pescado_mariscos","0.00000"
"CUB","Cuba","porcina","0.00000"
"CUB","Cuba","vacuna","0.00000"
"CYP","Chipre","aviar","31.80000"
"CYP","Chipre","caprina_ovina","3.71000"
"CYP","Chipre","otras_carnes","0.34000"
"CYP","Chipre","pescado_mariscos","17.97000"
"CYP","Chipre","porcina","33.41000"
"CYP","Chipre","vacuna","8.69000"
"CZE","Chequia","aviar","24.45000"
"CZE","Chequia","caprina_ovina","0.28000"
"CZE","Chequia","otras_carnes","1.86000"
"CZE","Chequia","pescado_mariscos","10.36000"
"CZE","Chequia","porcina","44.46000"
"CZE","Chequia","vacuna","11.25000"
"DEU","Alemania","aviar","16.77000"
"DEU","Alemania","caprina_ovina","0.75000"
"DEU","Alemania","otras_carnes","0.93000"
"DEU","Alemania","pescado_mariscos","12.97000"
"DEU","Alemania","porcina","38.67000"
"DEU","Alemania","vacuna","13.55000"
"DJI","Djibouti","aviar","3.18000"
"DJI","Djibouti","caprina_ovina","3.99000"
"DJI","Djibouti","otras_carnes","0.64000"
"DJI","Djibouti","pescado_mariscos","5.31000"
"DJI","Djibouti","porcina","0.25000"
"DJI","Djibouti","vacuna","6.01000"
"DNK","Dinamarca","aviar","20.32000"
"DNK","Dinamarca","caprina_ovina","0.71000"
"DNK","Dinamarca","otras_carnes","0.76000"
"DNK","Dinamarca","pescado_mariscos","28.81000"
"DNK","Dinamarca","porcina","57.90000"
"DNK","Dinamarca","vacuna","21.58000"
"DOM","Rep. Dominicana","aviar","38.63000"
"DOM","Rep. Dominicana","caprina_ovina","0.21000"
"DOM","Rep. Dominicana","otras_carnes","0.03000"
"DOM","Rep. Dominicana","pescado_mariscos","17.13000"
"DOM","Rep. Dominicana","porcina","16.33000"
"DOM","Rep. Dominicana","vacuna","6.40000"
"DZA","Argelia","aviar","9.88000"
"DZA","Argelia","caprina_ovina","8.64000"
"DZA","Argelia","otras_carnes","0.52000"
"DZA","Argelia","pescado_mariscos","2.76000"
"DZA","Argelia","porcina","0.00000"
"DZA","Argelia","vacuna","3.22000"
"ECU","Ecuador","aviar","31.51000"
"ECU","Ecuador","caprina_ovina","0.42000"
"ECU","Ecuador","otras_carnes","0.58000"
"ECU","Ecuador","pescado_mariscos","6.45000"
"ECU","Ecuador","porcina","11.94000"
"ECU","Ecuador","vacuna","11.79000"
"EGY","Egipto","aviar","18.95000"
"EGY","Egipto","caprina_ovina","0.56000"
"EGY","Egipto","otras_carnes","1.03000"
"EGY","Egipto","pescado_mariscos","20.49000"
"EGY","Egipto","porcina","0.01000"
"EGY","Egipto","vacuna","7.08000"
"ESP","España","aviar","32.96000"
"ESP","España","caprina_ovina","1.59000"
"ESP","España","otras_carnes","1.44000"
"ESP","España","pescado_mariscos","36.80000"
"ESP","España","porcina","53.04000"
"ESP","España","vacuna","11.77000"
"EST","Estonia","aviar","20.81000"
"EST","Estonia","caprina_ovina","0.35000"
"EST","Estonia","otras_carnes","0.22000"
"EST","Estonia","pescado_mariscos","12.70000"
"EST","Estonia","porcina","35.54000"
"EST","Estonia","vacuna","7.81000"
"ETH","Etiopía","aviar","0.50000"
"ETH","Etiopía","caprina_ovina","2.05000"
"ETH","Etiopía","otras_carnes","0.99000"
"ETH","Etiopía","pescado_mariscos","0.50000"
"ETH","Etiopía","porcina","0.02000"
"ETH","Etiopía","vacuna","3.35000"
"FIN","Finlandia","aviar","23.32000"
"FIN","Finlandia","caprina_ovina","0.41000"
"FIN","Finlandia","otras_carnes","0.50000"
"FIN","Finlandia","pescado_mariscos","31.49000"
"FIN","Finlandia","porcina","27.87000"
"FIN","Finlandia","vacuna","17.30000"
"FJI","Fiji","aviar","46.80000"
"FJI","Fiji","caprina_ovina","10.07000"
"FJI","Fiji","otras_carnes","0.00000"
"FJI","Fiji","pescado_mariscos","27.95000"
"FJI","Fiji","porcina","1.34000"
"FJI","Fiji","vacuna","4.95000"
"FRA","Francia","aviar","24.74000"
"FRA","Francia","caprina_ovina","2.21000"
"FRA","Francia","otras_carnes","0.52000"
"FRA","Francia","pescado_mariscos","32.90000"
"FRA","Francia","porcina","31.18000"
"FRA","Francia","vacuna","21.65000"
"FSM","Micronesia","aviar","37.62000"
"FSM","Micronesia","caprina_ovina","0.12000"
"FSM","Micronesia","otras_carnes","0.32000"
"FSM","Micronesia","pescado_mariscos","49.00000"
"FSM","Micronesia","porcina","18.49000"
"FSM","Micronesia","vacuna","7.45000"
"GAB","Gabón","aviar","35.17000"
"GAB","Gabón","caprina_ovina","0.56000"
"GAB","Gabón","otras_carnes","12.83000"
"GAB","Gabón","pescado_mariscos","27.03000"
"GAB","Gabón","porcina","9.17000"
"GAB","Gabón","vacuna","5.35000"
"GBR","Reino Unido","aviar","38.18000"
"GBR","Reino Unido","caprina_ovina","3.66000"
"GBR","Reino Unido","otras_carnes","1.09000"
"GBR","Reino Unido","pescado_mariscos","17.69000"
"GBR","Reino Unido","porcina","24.66000"
"GBR","Reino Unido","vacuna","16.85000"
"GEO","Georgia","aviar","20.29000"
"GEO","Georgia","caprina_ovina","1.29000"
"GEO","Georgia","otras_carnes","0.18000"
"GEO","Georgia","pescado_mariscos","10.34000"
"GEO","Georgia","porcina","16.00000"
"GEO","Georgia","vacuna","7.66000"
"GHA","Ghana","aviar","9.07000"
"GHA","Ghana","caprina_ovina","1.90000"
"GHA","Ghana","otras_carnes","3.70000"
"GHA","Ghana","pescado_mariscos","23.61000"
"GHA","Ghana","porcina","1.14000"
"GHA","Ghana","vacuna","1.57000"
"GIN","Guinea","aviar","5.90000"
"GIN","Guinea","caprina_ovina","2.11000"
"GIN","Guinea","otras_carnes","0.45000"
"GIN","Guinea","pescado_mariscos","10.65000"
"GIN","Guinea","porcina","0.37000"
"GIN","Guinea","vacuna","6.35000"
"GMB","Gambia","aviar","15.53000"
"GMB","Gambia","caprina_ovina","0.64000"
"GMB","Gambia","otras_carnes","0.59000"
"GMB","Gambia","pescado_mariscos","20.18000"
"GMB","Gambia","porcina","0.84000"
"GMB","Gambia","vacuna","1.54000"
"GNB","Guinea-Bissau","aviar","3.89000"
"GNB","Guinea-Bissau","caprina_ovina","1.01000"
"GNB","Guinea-Bissau","otras_carnes","0.00000"
"GNB","Guinea-Bissau","pescado_mariscos","2.34000"
"GNB","Guinea-Bissau","porcina","5.50000"
"GNB","Guinea-Bissau","vacuna","3.62000"
"GRC","Grecia","aviar","30.27000"
"GRC","Grecia","caprina_ovina","7.11000"
"GRC","Grecia","otras_carnes","1.83000"
"GRC","Grecia","pescado_mariscos","19.64000"
"GRC","Grecia","porcina","27.82000"
"GRC","Grecia","vacuna","14.97000"
"GRD","Granada","aviar","45.70000"
"GRD","Granada","caprina_ovina","3.24000"
"GRD","Granada","otras_carnes","1.12000"
"GRD","Granada","pescado_mariscos","20.32000"
"GRD","Granada","porcina","22.15000"
"GRD","Granada","vacuna","8.26000"
"GTM","Guatemala","aviar","29.89000"
"GTM","Guatemala","caprina_ovina","0.12000"
"GTM","Guatemala","otras_carnes","0.14000"
"GTM","Guatemala","pescado_mariscos","3.76000"
"GTM","Guatemala","porcina","5.73000"
"GTM","Guatemala","vacuna","18.39000"
"GUY","Guyana","aviar","76.85000"
"GUY","Guyana","caprina_ovina","1.08000"
"GUY","Guyana","otras_carnes","0.10000"
"GUY","Guyana","pescado_mariscos","24.76000"
"GUY","Guyana","porcina","7.01000"
"GUY","Guyana","vacuna","3.68000"
"HKG","Hong Kong","aviar","41.44000"
"HKG","Hong Kong","caprina_ovina","0.45000"
"HKG","Hong Kong","otras_carnes","2.07000"
"HKG","Hong Kong","pescado_mariscos","69.12000"
"HKG","Hong Kong","porcina","46.02000"
"HKG","Hong Kong","vacuna","17.46000"
"HND","Honduras","aviar","24.16000"
"HND","Honduras","caprina_ovina","0.02000"
"HND","Honduras","otras_carnes","0.06000"
"HND","Honduras","pescado_mariscos","4.38000"
"HND","Honduras","porcina","7.21000"
"HND","Honduras","vacuna","6.24000"
"HRV","Croacia","aviar","20.10000"
"HRV","Croacia","caprina_ovina","1.97000"
"HRV","Croacia","otras_carnes","0.91000"
"HRV","Croacia","pescado_mariscos","19.89000"
"HRV","Croacia","porcina","61.06000"
"HRV","Croacia","vacuna","15.67000"
"HTI","Haití","aviar","10.10000"
"HTI","Haití","caprina_ovina","0.60000"
"HTI","Haití","otras_carnes","0.82000"
"HTI","Haití","pescado_mariscos","5.41000"
"HTI","Haití","porcina","4.76000"
"HTI","Haití","vacuna","4.43000"
"HUN","Hungría","aviar","24.08000"
"HUN","Hungría","caprina_ovina","0.14000"
"HUN","Hungría","otras_carnes","0.47000"
"HUN","Hungría","pescado_mariscos","6.46000"
"HUN","Hungría","porcina","47.21000"
"HUN","Hungría","vacuna","4.43000"
"IDN","Indonesia","aviar","15.95000"
"IDN","Indonesia","caprina_ovina","0.41000"
"IDN","Indonesia","otras_carnes","0.01000"
"IDN","Indonesia","pescado_mariscos","40.42000"
"IDN","Indonesia","porcina","0.56000"
"IDN","Indonesia","vacuna","3.01000"
"IND","India","aviar","3.52000"
"IND","India","caprina_ovina","1.89000"
"IND","India","otras_carnes","0.14000"
"IND","India","pescado_mariscos","8.73000"
"IND","India","porcina","0.26000"
"IND","India","vacuna","2.32000"
"IRL","Irlanda","aviar","36.20000"
"IRL","Irlanda","caprina_ovina","4.29000"
"IRL","Irlanda","otras_carnes","3.65000"
"IRL","Irlanda","pescado_mariscos","19.26000"
"IRL","Irlanda","porcina","31.11000"
"IRL","Irlanda","vacuna","23.14000"
"IRN","Irán","aviar","23.47000"
"IRN","Irán","caprina_ovina","3.10000"
"IRN","Irán","otras_carnes","0.10000"
"IRN","Irán","pescado_mariscos","11.30000"
"IRN","Irán","porcina","0.00000"
"IRN","Irán","vacuna","3.23000"
"IRQ","Iraq","aviar","17.97000"
"IRQ","Iraq","caprina_ovina","1.59000"
"IRQ","Iraq","otras_carnes","0.09000"
"IRQ","Iraq","pescado_mariscos","2.65000"
"IRQ","Iraq","porcina","0.48000"
"IRQ","Iraq","vacuna","4.44000"
"ISL","Islandia","aviar","31.54000"
"ISL","Islandia","caprina_ovina","17.19000"
"ISL","Islandia","otras_carnes","10.83000"
"ISL","Islandia","pescado_mariscos","83.80000"
"ISL","Islandia","porcina","21.23000"
"ISL","Islandia","vacuna","17.26000"
"ISR","Israel","aviar","72.82000"
"ISR","Israel","caprina_ovina","4.71000"
"ISR","Israel","otras_carnes","0.01000"
"ISR","Israel","pescado_mariscos","24.76000"
"ISR","Israel","porcina","1.13000"
"ISR","Israel","vacuna","30.06000"
"ITA","Italia","aviar","20.47000"
"ITA","Italia","caprina_ovina","0.87000"
"ITA","Italia","otras_carnes","1.24000"
"ITA","Italia","pescado_mariscos","29.39000"
"ITA","Italia","porcina","34.13000"
"ITA","Italia","vacuna","14.49000"
"JAM","Jamaica","aviar","56.79000"
"JAM","Jamaica","caprina_ovina","1.15000"
"JAM","Jamaica","otras_carnes","0.01000"
"JAM","Jamaica","pescado_mariscos","27.85000"
"JAM","Jamaica","porcina","3.35000"
"JAM","Jamaica","vacuna","5.66000"
"JOR","Jordania","aviar","23.14000"
"JOR","Jordania","caprina_ovina","4.75000"
"JOR","Jordania","otras_carnes","0.08000"
"JOR","Jordania","pescado_mariscos","4.76000"
"JOR","Jordania","porcina","0.01000"
"JOR","Jordania","vacuna","7.11000"
"KAZ","Kazajstán","aviar","23.39000"
"KAZ","Kazajstán","caprina_ovina","7.18000"
"KAZ","Kazajstán","otras_carnes","8.84000"
"KAZ","Kazajstán","pescado_mariscos","3.94000"
"KAZ","Kazajstán","porcina","6.70000"
"KAZ","Kazajstán","vacuna","18.78000"
"KEN","Kenia","aviar","1.71000"
"KEN","Kenia","caprina_ovina","1.87000"
"KEN","Kenia","otras_carnes","1.60000"
"KEN","Kenia","pescado_mariscos","2.86000"
"KEN","Kenia","porcina","0.72000"
"KEN","Kenia","vacuna","4.28000"
"KGZ","Kirguistán","aviar","8.73000"
"KGZ","Kirguistán","caprina_ovina","9.59000"
"KGZ","Kirguistán","otras_carnes","4.27000"
"KGZ","Kirguistán","pescado_mariscos","1.45000"
"KGZ","Kirguistán","porcina","1.18000"
"KGZ","Kirguistán","vacuna","16.19000"
"KHM","Camboya","aviar","3.91000"
"KHM","Camboya","caprina_ovina","0.01000"
"KHM","Camboya","otras_carnes","0.05000"
"KHM","Camboya","pescado_mariscos","39.41000"
"KHM","Camboya","porcina","6.47000"
"KHM","Camboya","vacuna","5.69000"
"KIR","Kiribati","aviar","25.66000"
"KIR","Kiribati","caprina_ovina","0.51000"
"KIR","Kiribati","otras_carnes","0.02000"
"KIR","Kiribati","pescado_mariscos","72.29000"
"KIR","Kiribati","porcina","14.85000"
"KIR","Kiribati","vacuna","4.04000"
"KNA","Saint Kitts y Nevis","aviar","62.97000"
"KNA","Saint Kitts y Nevis","caprina_ovina","2.00000"
"KNA","Saint Kitts y Nevis","otras_carnes","0.00000"
"KNA","Saint Kitts y Nevis","pescado_mariscos","36.43000"
"KNA","Saint Kitts y Nevis","porcina","16.81000"
"KNA","Saint Kitts y Nevis","vacuna","7.11000"
"KOR","Corea del Sur","aviar","24.58000"
"KOR","Corea del Sur","caprina_ovina","0.65000"
"KOR","Corea del Sur","otras_carnes","0.22000"
"KOR","Corea del Sur","pescado_mariscos","52.82000"
"KOR","Corea del Sur","porcina","39.71000"
"KOR","Corea del Sur","vacuna","18.84000"
"KWT","Kuwait","aviar","36.81000"
"KWT","Kuwait","caprina_ovina","14.26000"
"KWT","Kuwait","otras_carnes","1.98000"
"KWT","Kuwait","pescado_mariscos","12.97000"
"KWT","Kuwait","porcina","0.00000"
"KWT","Kuwait","vacuna","9.49000"
"LAO","Laos","aviar","7.41000"
"LAO","Laos","caprina_ovina","0.42000"
"LAO","Laos","otras_carnes","0.29000"
"LAO","Laos","pescado_mariscos","28.52000"
"LAO","Laos","porcina","13.64000"
"LAO","Laos","vacuna","9.31000"
"LBN","Líbano","aviar","22.47000"
"LBN","Líbano","caprina_ovina","0.76000"
"LBN","Líbano","otras_carnes","0.01000"
"LBN","Líbano","pescado_mariscos","4.74000"
"LBN","Líbano","porcina","0.97000"
"LBN","Líbano","vacuna","13.99000"
"LBR","Liberia","aviar","3.53000"
"LBR","Liberia","caprina_ovina","3.48000"
"LBR","Liberia","otras_carnes","2.54000"
"LBR","Liberia","pescado_mariscos","4.74000"
"LBR","Liberia","porcina","2.40000"
"LBR","Liberia","vacuna","0.36000"
"LBY","Libia","aviar","31.28000"
"LBY","Libia","caprina_ovina","5.94000"
"LBY","Libia","otras_carnes","0.80000"
"LBY","Libia","pescado_mariscos","12.87000"
"LBY","Libia","porcina","0.01000"
"LBY","Libia","vacuna","5.64000"
"LCA","Santa Lucía","aviar","64.39000"
"LCA","Santa Lucía","caprina_ovina","2.18000"
"LCA","Santa Lucía","otras_carnes","0.00000"
"LCA","Santa Lucía","pescado_mariscos","24.95000"
"LCA","Santa Lucía","porcina","16.81000"
"LCA","Santa Lucía","vacuna","6.95000"
"LKA","Sri Lanka","aviar","10.21000"
"LKA","Sri Lanka","caprina_ovina","0.13000"
"LKA","Sri Lanka","otras_carnes","0.00000"
"LKA","Sri Lanka","pescado_mariscos","22.73000"
"LKA","Sri Lanka","porcina","0.03000"
"LKA","Sri Lanka","vacuna","1.19000"
"LSO","Lesotho","aviar","7.50000"
"LSO","Lesotho","caprina_ovina","0.57000"
"LSO","Lesotho","otras_carnes","2.67000"
"LSO","Lesotho","pescado_mariscos","1.93000"
"LSO","Lesotho","porcina","5.65000"
"LSO","Lesotho","vacuna","2.40000"
"LTU","Lituania","aviar","27.51000"
"LTU","Lituania","caprina_ovina","0.38000"
"LTU","Lituania","otras_carnes","0.50000"
"LTU","Lituania","pescado_mariscos","28.52000"
"LTU","Lituania","porcina","48.04000"
"LTU","Lituania","vacuna","4.44000"
"LUX","Luxemburgo","aviar","19.91000"
"LUX","Luxemburgo","caprina_ovina","0.97000"
"LUX","Luxemburgo","otras_carnes","0.80000"
"LUX","Luxemburgo","pescado_mariscos","30.30000"
"LUX","Luxemburgo","porcina","31.52000"
"LUX","Luxemburgo","vacuna","29.82000"
"LVA","Letonia","aviar","32.47000"
"LVA","Letonia","caprina_ovina","0.36000"
"LVA","Letonia","otras_carnes","0.46000"
"LVA","Letonia","pescado_mariscos","24.49000"
"LVA","Letonia","porcina","41.58000"
"LVA","Letonia","vacuna","7.79000"
"MAC","Macao","aviar","42.64000"
"MAC","Macao","caprina_ovina","0.81000"
"MAC","Macao","otras_carnes","1.68000"
"MAC","Macao","pescado_mariscos","61.12000"
"MAC","Macao","porcina","57.71000"
"MAC","Macao","vacuna","18.39000"
"MAR","Marruecos","aviar","18.78000"
"MAR","Marruecos","caprina_ovina","5.08000"
"MAR","Marruecos","otras_carnes","1.90000"
"MAR","Marruecos","pescado_mariscos","16.70000"
"MAR","Marruecos","porcina","0.02000"
"MAR","Marruecos","vacuna","7.01000"
"MDA","Moldavia","aviar","27.06000"
"MDA","Moldavia","caprina_ovina","0.00000"
"MDA","Moldavia","otras_carnes","0.34000"
"MDA","Moldavia","pescado_mariscos","19.47000"
"MDA","Moldavia","porcina","12.06000"
"MDA","Moldavia","vacuna","1.05000"
"MDG","Madagascar","aviar","2.91000"
"MDG","Madagascar","caprina_ovina","0.19000"
"MDG","Madagascar","otras_carnes","0.27000"
"MDG","Madagascar","pescado_mariscos","3.66000"
"MDG","Madagascar","porcina","1.01000"
"MDG","Madagascar","vacuna","0.96000"
"MDV","Maldivas","aviar","17.50000"
"MDV","Maldivas","caprina_ovina","2.04000"
"MDV","Maldivas","otras_carnes","0.20000"
"MDV","Maldivas","pescado_mariscos","79.74000"
"MDV","Maldivas","porcina","0.82000"
"MDV","Maldivas","vacuna","9.06000"
"MEX","México","aviar","38.58000"
"MEX","México","caprina_ovina","0.86000"
"MEX","México","otras_carnes","0.58000"
"MEX","México","pescado_mariscos","13.54000"
"MEX","México","porcina","22.41000"
"MEX","México","vacuna","15.78000"
"MHL","Islas Marshall","aviar","74.21000"
"MHL","Islas Marshall","caprina_ovina","1.04000"
"MHL","Islas Marshall","otras_carnes","0.40000"
"MHL","Islas Marshall","pescado_mariscos","44.56000"
"MHL","Islas Marshall","porcina","31.54000"
"MHL","Islas Marshall","vacuna","18.49000"
"MKD","Macedonia del Norte","aviar","22.63000"
"MKD","Macedonia del Norte","caprina_ovina","1.10000"
"MKD","Macedonia del Norte","otras_carnes","0.51000"
"MKD","Macedonia del Norte","pescado_mariscos","8.01000"
"MKD","Macedonia del Norte","porcina","17.28000"
"MKD","Macedonia del Norte","vacuna","9.95000"
"MLT","Malta","aviar","27.24000"
"MLT","Malta","caprina_ovina","0.96000"
"MLT","Malta","otras_carnes","1.23000"
"MLT","Malta","pescado_mariscos","31.09000"
"MLT","Malta","porcina","24.14000"
"MLT","Malta","vacuna","18.21000"
"MMR","Myanmar","aviar","12.09000"
"MMR","Myanmar","caprina_ovina","0.22000"
"MMR","Myanmar","otras_carnes","0.00000"
"MMR","Myanmar","pescado_mariscos","40.34000"
"MMR","Myanmar","porcina","5.91000"
"MMR","Myanmar","vacuna","2.65000"
"MNE","Montenegro","aviar","21.90000"
"MNE","Montenegro","caprina_ovina","1.62000"
"MNE","Montenegro","otras_carnes","0.03000"
"MNE","Montenegro","pescado_mariscos","11.93000"
"MNE","Montenegro","porcina","58.97000"
"MNE","Montenegro","vacuna","14.34000"
"MNG","Mongolia","aviar","7.65000"
"MNG","Mongolia","caprina_ovina","69.40000"
"MNG","Mongolia","otras_carnes","23.61000"
"MNG","Mongolia","pescado_mariscos","1.04000"
"MNG","Mongolia","porcina","2.20000"
"MNG","Mongolia","vacuna","33.28000"
"MOZ","Mozambique","aviar","6.09000"
"MOZ","Mozambique","caprina_ovina","0.12000"
"MOZ","Mozambique","otras_carnes","0.01000"
"MOZ","Mozambique","pescado_mariscos","12.88000"
"MOZ","Mozambique","porcina","3.37000"
"MOZ","Mozambique","vacuna","0.75000"
"MRT","Mauritania","aviar","11.31000"
"MRT","Mauritania","caprina_ovina","12.57000"
"MRT","Mauritania","otras_carnes","6.31000"
"MRT","Mauritania","pescado_mariscos","7.59000"
"MRT","Mauritania","porcina","0.00000"
"MRT","Mauritania","vacuna","6.34000"
"MUS","Mauricio","aviar","49.13000"
"MUS","Mauricio","caprina_ovina","2.88000"
"MUS","Mauricio","otras_carnes","0.71000"
"MUS","Mauricio","pescado_mariscos","29.40000"
"MUS","Mauricio","porcina","4.27000"
"MUS","Mauricio","vacuna","7.56000"
"MWI","Malawi","aviar","4.66000"
"MWI","Malawi","caprina_ovina","2.91000"
"MWI","Malawi","otras_carnes","0.00000"
"MWI","Malawi","pescado_mariscos","8.77000"
"MWI","Malawi","porcina","17.43000"
"MWI","Malawi","vacuna","3.23000"
"MYS","Malasia","aviar","51.90000"
"MYS","Malasia","caprina_ovina","1.17000"
"MYS","Malasia","otras_carnes","0.02000"
"MYS","Malasia","pescado_mariscos","51.03000"
"MYS","Malasia","porcina","7.24000"
"MYS","Malasia","vacuna","8.75000"
"NAM","Namibia","aviar","7.77000"
"NAM","Namibia","caprina_ovina","3.90000"
"NAM","Namibia","otras_carnes","3.98000"
"NAM","Namibia","pescado_mariscos","9.67000"
"NAM","Namibia","porcina","3.53000"
"NAM","Namibia","vacuna","5.01000"
"NCL","Nueva Caledonia","aviar","38.11000"
"NCL","Nueva Caledonia","caprina_ovina","1.09000"
"NCL","Nueva Caledonia","otras_carnes","0.55000"
"NCL","Nueva Caledonia","pescado_mariscos","22.50000"
"NCL","Nueva Caledonia","porcina","28.94000"
"NCL","Nueva Caledonia","vacuna","20.91000"
"NER","Níger","aviar","0.97000"
"NER","Níger","caprina_ovina","1.72000"
"NER","Níger","otras_carnes","2.27000"
"NER","Níger","pescado_mariscos","1.86000"
"NER","Níger","porcina","0.06000"
"NER","Níger","vacuna","2.63000"
"NGA","Nigeria","aviar","1.43000"
"NGA","Nigeria","caprina_ovina","1.87000"
"NGA","Nigeria","otras_carnes","0.78000"
"NGA","Nigeria","pescado_mariscos","6.90000"
"NGA","Nigeria","porcina","1.64000"
"NGA","Nigeria","vacuna","1.40000"
"NIC","Nicaragua","aviar","26.14000"
"NIC","Nicaragua","caprina_ovina","0.01000"
"NIC","Nicaragua","otras_carnes","0.26000"
"NIC","Nicaragua","pescado_mariscos","7.34000"
"NIC","Nicaragua","porcina","6.77000"
"NIC","Nicaragua","vacuna","3.09000"
"NLD","Países Bajos","aviar","14.76000"
"NLD","Países Bajos","caprina_ovina","0.84000"
"NLD","Países Bajos","otras_carnes","2.39000"
"NLD","Países Bajos","pescado_mariscos","19.10000"
"NLD","Países Bajos","porcina","36.70000"
"NLD","Países Bajos","vacuna","16.88000"
"NOR","Noruega","aviar","21.33000"
"NOR","Noruega","caprina_ovina","4.30000"
"NOR","Noruega","otras_carnes","1.48000"
"NOR","Noruega","pescado_mariscos","49.12000"
"NOR","Noruega","porcina","24.87000"
"NOR","Noruega","vacuna","18.43000"
"NPL","Nepal","aviar","6.80000"
"NPL","Nepal","caprina_ovina","2.66000"
"NPL","Nepal","otras_carnes","0.00000"
"NPL","Nepal","pescado_mariscos","4.30000"
"NPL","Nepal","porcina","1.10000"
"NPL","Nepal","vacuna","3.92000"
"NRU","Nauru","aviar","53.35000"
"NRU","Nauru","caprina_ovina","4.59000"
"NRU","Nauru","otras_carnes","0.56000"
"NRU","Nauru","pescado_mariscos","26.06000"
"NRU","Nauru","porcina","35.02000"
"NRU","Nauru","vacuna","15.88000"
"NZL","Nueva Zelanda","aviar","25.96000"
"NZL","Nueva Zelanda","caprina_ovina","11.54000"
"NZL","Nueva Zelanda","otras_carnes","1.90000"
"NZL","Nueva Zelanda","pescado_mariscos","24.60000"
"NZL","Nueva Zelanda","porcina","22.46000"
"NZL","Nueva Zelanda","vacuna","17.69000"
"OMN","Omán","aviar","15.06000"
"OMN","Omán","caprina_ovina","11.95000"
"OMN","Omán","otras_carnes","3.65000"
"OMN","Omán","pescado_mariscos","28.15000"
"OMN","Omán","porcina","1.24000"
"OMN","Omán","vacuna","5.69000"
"PAK","Pakistán","aviar","8.72000"
"PAK","Pakistán","caprina_ovina","3.18000"
"PAK","Pakistán","otras_carnes","0.12000"
"PAK","Pakistán","pescado_mariscos","1.36000"
"PAK","Pakistán","porcina","0.00000"
"PAK","Pakistán","vacuna","9.22000"
"PAN","Panamá","aviar","50.01000"
"PAN","Panamá","caprina_ovina","0.01000"
"PAN","Panamá","otras_carnes","0.44000"
"PAN","Panamá","pescado_mariscos","14.91000"
"PAN","Panamá","porcina","12.06000"
"PAN","Panamá","vacuna","15.48000"
"PER","Perú","aviar","43.69000"
"PER","Perú","caprina_ovina","0.77000"
"PER","Perú","otras_carnes","1.13000"
"PER","Perú","pescado_mariscos","25.94000"
"PER","Perú","porcina","5.47000"
"PER","Perú","vacuna","4.38000"
"PHL","Filipinas","aviar","15.75000"
"PHL","Filipinas","caprina_ovina","0.26000"
"PHL","Filipinas","otras_carnes","0.16000"
"PHL","Filipinas","pescado_mariscos","26.35000"
"PHL","Filipinas","porcina","14.11000"
"PHL","Filipinas","vacuna","3.36000"
"PNG","Papúa Nueva Guinea","aviar","3.97000"
"PNG","Papúa Nueva Guinea","caprina_ovina","2.42000"
"PNG","Papúa Nueva Guinea","otras_carnes","42.60000"
"PNG","Papúa Nueva Guinea","pescado_mariscos","7.09000"
"PNG","Papúa Nueva Guinea","porcina","8.68000"
"PNG","Papúa Nueva Guinea","vacuna","0.80000"
"POL","Polonia","aviar","30.95000"
"POL","Polonia","caprina_ovina","0.03000"
"POL","Polonia","otras_carnes","0.11000"
"POL","Polonia","pescado_mariscos","11.16000"
"POL","Polonia","porcina","52.02000"
"POL","Polonia","vacuna","0.19000"
"PRK","Corea del Norte","aviar","0.00000"
"PRK","Corea del Norte","caprina_ovina","0.00000"
"PRK","Corea del Norte","otras_carnes","0.00000"
"PRK","Corea del Norte","pescado_mariscos","0.00000"
"PRK","Corea del Norte","porcina","0.00000"
"PRK","Corea del Norte","vacuna","0.00000"
"PRT","Portugal","aviar","34.94000"
"PRT","Portugal","caprina_ovina","2.01000"
"PRT","Portugal","otras_carnes","0.65000"
"PRT","Portugal","pescado_mariscos","53.50000"
"PRT","Portugal","porcina","39.29000"
"PRT","Portugal","vacuna","22.43000"
"PRY","Paraguay","aviar","9.68000"
"PRY","Paraguay","caprina_ovina","0.40000"
"PRY","Paraguay","otras_carnes","0.25000"
"PRY","Paraguay","pescado_mariscos","5.33000"
"PRY","Paraguay","porcina","9.80000"
"PRY","Paraguay","vacuna","6.82000"
"PYF","Polinesia Francesa","aviar","51.71000"
"PYF","Polinesia Francesa","caprina_ovina","1.91000"
"PYF","Polinesia Francesa","otras_carnes","0.96000"
"PYF","Polinesia Francesa","pescado_mariscos","50.51000"
"PYF","Polinesia Francesa","porcina","19.05000"
"PYF","Polinesia Francesa","vacuna","24.85000"
"QAT","Qatar","aviar","48.28000"
"QAT","Qatar","caprina_ovina","9.27000"
"QAT","Qatar","otras_carnes","0.50000"
"QAT","Qatar","pescado_mariscos","22.02000"
"QAT","Qatar","porcina","0.13000"
"QAT","Qatar","vacuna","13.25000"
"ROU","Rumania","aviar","25.38000"
"ROU","Rumania","caprina_ovina","2.98000"
"ROU","Rumania","otras_carnes","0.20000"
"ROU","Rumania","pescado_mariscos","8.70000"
"ROU","Rumania","porcina","39.28000"
"ROU","Rumania","vacuna","4.61000"
"RUS","Rusia","aviar","34.68000"
"RUS","Rusia","caprina_ovina","1.48000"
"RUS","Rusia","otras_carnes","4.00000"
"RUS","Rusia","pescado_mariscos","22.80000"
"RUS","Rusia","porcina","31.75000"
"RUS","Rusia","vacuna","12.86000"
"RWA","Ruanda","aviar","0.90000"
"RWA","Ruanda","caprina_ovina","0.92000"
"RWA","Ruanda","otras_carnes","1.43000"
"RWA","Ruanda","pescado_mariscos","5.14000"
"RWA","Ruanda","porcina","0.64000"
"RWA","Ruanda","vacuna","2.55000"
"SAU","Arabia Saudita","aviar","42.94000"
"SAU","Arabia Saudita","caprina_ovina","6.42000"
"SAU","Arabia Saudita","otras_carnes","2.09000"
"SAU","Arabia Saudita","pescado_mariscos","12.91000"
"SAU","Arabia Saudita","porcina","0.00000"
"SAU","Arabia Saudita","vacuna","6.63000"
"SEN","Senegal","aviar","8.29000"
"SEN","Senegal","caprina_ovina","3.43000"
"SEN","Senegal","otras_carnes","1.09000"
"SEN","Senegal","pescado_mariscos","13.75000"
"SEN","Senegal","porcina","1.22000"
"SEN","Senegal","vacuna","5.98000"
"SLB","Islas Salomón","aviar","9.30000"
"SLB","Islas Salomón","caprina_ovina","0.08000"
"SLB","Islas Salomón","otras_carnes","0.01000"
"SLB","Islas Salomón","pescado_mariscos","30.49000"
"SLB","Islas Salomón","porcina","4.04000"
"SLB","Islas Salomón","vacuna","2.19000"
"SLE","Sierra Leona","aviar","6.31000"
"SLE","Sierra Leona","caprina_ovina","0.49000"
"SLE","Sierra Leona","otras_carnes","1.36000"
"SLE","Sierra Leona","pescado_mariscos","24.46000"
"SLE","Sierra Leona","porcina","0.68000"
"SLE","Sierra Leona","vacuna","1.99000"
"SLV","El Salvador","aviar","29.90000"
"SLV","El Salvador","caprina_ovina","0.02000"
"SLV","El Salvador","otras_carnes","0.00000"
"SLV","El Salvador","pescado_mariscos","7.21000"
"SLV","El Salvador","porcina","5.56000"
"SLV","El Salvador","vacuna","10.17000"
"SRB","Serbia","aviar","17.69000"
"SRB","Serbia","caprina_ovina","4.78000"
"SRB","Serbia","otras_carnes","0.04000"
"SRB","Serbia","pescado_mariscos","8.45000"
"SRB","Serbia","porcina","50.59000"
"SRB","Serbia","vacuna","11.10000"
"STP","Santo Tomé y Príncipe","aviar","17.68000"
"STP","Santo Tomé y Príncipe","caprina_ovina","0.07000"
"STP","Santo Tomé y Príncipe","otras_carnes","0.00000"
"STP","Santo Tomé y Príncipe","pescado_mariscos","26.52000"
"STP","Santo Tomé y Príncipe","porcina","5.28000"
"STP","Santo Tomé y Príncipe","vacuna","2.15000"
"SUR","Suriname","aviar","36.64000"
"SUR","Suriname","caprina_ovina","0.04000"
"SUR","Suriname","otras_carnes","0.03000"
"SUR","Suriname","pescado_mariscos","16.68000"
"SUR","Suriname","porcina","7.52000"
"SUR","Suriname","vacuna","4.24000"
"SVK","Eslovaquia","aviar","19.73000"
"SVK","Eslovaquia","caprina_ovina","0.13000"
"SVK","Eslovaquia","otras_carnes","1.98000"
"SVK","Eslovaquia","pescado_mariscos","10.62000"
"SVK","Eslovaquia","porcina","41.41000"
"SVK","Eslovaquia","vacuna","6.76000"
"SVN","Eslovenia","aviar","29.83000"
"SVN","Eslovenia","caprina_ovina","0.83000"
"SVN","Eslovenia","otras_carnes","0.31000"
"SVN","Eslovenia","pescado_mariscos","11.21000"
"SVN","Eslovenia","porcina","19.34000"
"SVN","Eslovenia","vacuna","10.09000"
"SWE","Suecia","aviar","16.88000"
"SWE","Suecia","caprina_ovina","1.33000"
"SWE","Suecia","otras_carnes","0.33000"
"SWE","Suecia","pescado_mariscos","30.62000"
"SWE","Suecia","porcina","27.38000"
"SWE","Suecia","vacuna","22.44000"
"SWZ","Eswatini","aviar","4.55000"
"SWZ","Eswatini","caprina_ovina","2.53000"
"SWZ","Eswatini","otras_carnes","0.04000"
"SWZ","Eswatini","pescado_mariscos","3.78000"
"SWZ","Eswatini","porcina","2.07000"
"SWZ","Eswatini","vacuna","13.19000"
"SYC","Seychelles","aviar","40.36000"
"SYC","Seychelles","caprina_ovina","3.30000"
"SYC","Seychelles","otras_carnes","0.10000"
"SYC","Seychelles","pescado_mariscos","42.90000"
"SYC","Seychelles","porcina","13.02000"
"SYC","Seychelles","vacuna","13.92000"
"SYR","Siria","aviar","5.34000"
"SYR","Siria","caprina_ovina","8.88000"
"SYR","Siria","otras_carnes","0.03000"
"SYR","Siria","pescado_mariscos","0.80000"
"SYR","Siria","porcina","0.17000"
"SYR","Siria","vacuna","1.80000"
"THA","Tailandia","aviar","10.23000"
"THA","Tailandia","caprina_ovina","0.04000"
"THA","Tailandia","otras_carnes","0.09000"
"THA","Tailandia","pescado_mariscos","28.61000"
"THA","Tailandia","porcina","12.67000"
"THA","Tailandia","vacuna","1.45000"
"TJK","Tayikistán","aviar","4.56000"
"TJK","Tayikistán","caprina_ovina","5.87000"
"TJK","Tayikistán","otras_carnes","0.18000"
"TJK","Tayikistán","pescado_mariscos","0.91000"
"TJK","Tayikistán","porcina","0.39000"
"TJK","Tayikistán","vacuna","21.92000"
"TKM","Turkmenistán","aviar","8.16000"
"TKM","Turkmenistán","caprina_ovina","17.56000"
"TKM","Turkmenistán","otras_carnes","1.90000"
"TKM","Turkmenistán","pescado_mariscos","2.36000"
"TKM","Turkmenistán","porcina","0.08000"
"TKM","Turkmenistán","vacuna","23.46000"
"TLS","Timor-Leste","aviar","5.13000"
"TLS","Timor-Leste","caprina_ovina","0.37000"
"TLS","Timor-Leste","otras_carnes","12.53000"
"TLS","Timor-Leste","pescado_mariscos","6.97000"
"TLS","Timor-Leste","porcina","12.12000"
"TLS","Timor-Leste","vacuna","1.67000"
"TON","Tonga","aviar","87.93000"
"TON","Tonga","caprina_ovina","20.77000"
"TON","Tonga","otras_carnes","0.94000"
"TON","Tonga","pescado_mariscos","28.57000"
"TON","Tonga","porcina","32.90000"
"TON","Tonga","vacuna","14.41000"
"TTO","Trinidad y Tobago","aviar","49.48000"
"TTO","Trinidad y Tobago","caprina_ovina","2.30000"
"TTO","Trinidad y Tobago","otras_carnes","0.24000"
"TTO","Trinidad y Tobago","pescado_mariscos","17.96000"
"TTO","Trinidad y Tobago","porcina","6.56000"
"TTO","Trinidad y Tobago","vacuna","7.17000"
"TUN","Túnez","aviar","20.19000"
"TUN","Túnez","caprina_ovina","5.61000"
"TUN","Túnez","otras_carnes","0.79000"
"TUN","Túnez","pescado_mariscos","15.89000"
"TUN","Túnez","porcina","0.01000"
"TUN","Túnez","vacuna","4.32000"
"TUR","Turquía","aviar","21.64000"
"TUR","Turquía","caprina_ovina","8.00000"
"TUR","Turquía","otras_carnes","0.02000"
"TUR","Turquía","pescado_mariscos","5.32000"
"TUR","Turquía","porcina","0.00000"
"TUR","Turquía","vacuna","19.71000"
"TUV","Tuvalu","aviar","54.20000"
"TUV","Tuvalu","caprina_ovina","3.81000"
"TUV","Tuvalu","otras_carnes","0.62000"
"TUV","Tuvalu","pescado_mariscos","55.90000"
"TUV","Tuvalu","porcina","20.01000"
"TUV","Tuvalu","vacuna","6.58000"
"TWN","Taiwán","aviar","42.32000"
"TWN","Taiwán","caprina_ovina","1.03000"
"TWN","Taiwán","otras_carnes","0.07000"
"TWN","Taiwán","pescado_mariscos","30.40000"
"TWN","Taiwán","porcina","39.05000"
"TWN","Taiwán","vacuna","9.02000"
"TZA","Tanzanía","aviar","1.62000"
"TZA","Tanzanía","caprina_ovina","1.53000"
"TZA","Tanzanía","otras_carnes","0.39000"
"TZA","Tanzanía","pescado_mariscos","6.40000"
"TZA","Tanzanía","porcina","0.72000"
"TZA","Tanzanía","vacuna","7.92000"
"UGA","Uganda","aviar","1.88000"
"UGA","Uganda","caprina_ovina","0.76000"
"UGA","Uganda","otras_carnes","0.62000"
"UGA","Uganda","pescado_mariscos","15.41000"
"UGA","Uganda","porcina","2.80000"
"UGA","Uganda","vacuna","4.79000"
"UKR","Ucrania","aviar","25.17000"
"UKR","Ucrania","caprina_ovina","0.31000"
"UKR","Ucrania","otras_carnes","0.40000"
"UKR","Ucrania","pescado_mariscos","16.86000"
"UKR","Ucrania","porcina","17.49000"
"UKR","Ucrania","vacuna","6.08000"
"URY","Uruguay","aviar","23.34000"
"URY","Uruguay","caprina_ovina","0.62000"
"URY","Uruguay","otras_carnes","0.25000"
"URY","Uruguay","pescado_mariscos","11.92000"
"URY","Uruguay","porcina","23.78000"
"URY","Uruguay","vacuna","21.31000"
"USA","Estados Unidos","aviar","54.54000"
"USA","Estados Unidos","caprina_ovina","0.56000"
"USA","Estados Unidos","otras_carnes","0.79000"
"USA","Estados Unidos","pescado_mariscos","21.96000"
"USA","Estados Unidos","porcina","29.13000"
"USA","Estados Unidos","vacuna","37.04000"
"UZB","Uzbekistán","aviar","7.65000"
"UZB","Uzbekistán","caprina_ovina","7.03000"
"UZB","Uzbekistán","otras_carnes","0.29000"
"UZB","Uzbekistán","pescado_mariscos","5.21000"
"UZB","Uzbekistán","porcina","0.13000"
"UZB","Uzbekistán","vacuna","32.27000"
"VCT","San Vicente y las Granadinas","aviar","86.21000"
"VCT","San Vicente y las Granadinas","caprina_ovina","0.77000"
"VCT","San Vicente y las Granadinas","otras_carnes","0.00000"
"VCT","San Vicente y las Granadinas","pescado_mariscos","20.05000"
"VCT","San Vicente y las Granadinas","porcina","18.64000"
"VCT","San Vicente y las Granadinas","vacuna","12.85000"
"VEN","Venezuela","aviar","19.04000"
"VEN","Venezuela","caprina_ovina","0.35000"
"VEN","Venezuela","otras_carnes","0.02000"
"VEN","Venezuela","pescado_mariscos","8.75000"
"VEN","Venezuela","porcina","4.78000"
"VEN","Venezuela","vacuna","13.80000"
"VNM","Vietnam","aviar","19.65000"
"VNM","Vietnam","caprina_ovina","0.24000"
"VNM","Vietnam","otras_carnes","0.29000"
"VNM","Vietnam","pescado_mariscos","40.05000"
"VNM","Vietnam","porcina","34.37000"
"VNM","Vietnam","vacuna","5.92000"
"VUT","Vanuatu","aviar","19.93000"
"VUT","Vanuatu","caprina_ovina","0.07000"
"VUT","Vanuatu","otras_carnes","0.02000"
"VUT","Vanuatu","pescado_mariscos","30.04000"
"VUT","Vanuatu","porcina","11.82000"
"VUT","Vanuatu","vacuna","9.14000"
"WSM","Samoa","aviar","71.99000"
"WSM","Samoa","caprina_ovina","8.04000"
"WSM","Samoa","otras_carnes","0.01000"
"WSM","Samoa","pescado_mariscos","46.63000"
"WSM","Samoa","porcina","18.01000"
"WSM","Samoa","vacuna","11.00000"
"YEM","Yemen","aviar","8.15000"
"YEM","Yemen","caprina_ovina","3.51000"
"YEM","Yemen","otras_carnes","0.09000"
"YEM","Yemen","pescado_mariscos","2.03000"
"YEM","Yemen","porcina","0.00000"
"YEM","Yemen","vacuna","1.98000"
"ZAF","Sudáfrica","aviar","33.95000"
"ZAF","Sudáfrica","caprina_ovina","2.36000"
"ZAF","Sudáfrica","otras_carnes","0.84000"
"ZAF","Sudáfrica","pescado_mariscos","5.59000"
"ZAF","Sudáfrica","porcina","5.48000"
"ZAF","Sudáfrica","vacuna","15.64000"
"ZMB","Zambia","aviar","3.38000"
"ZMB","Zambia","caprina_ovina","0.87000"
"ZMB","Zambia","otras_carnes","2.01000"
"ZMB","Zambia","pescado_mariscos","12.88000"
"ZMB","Zambia","porcina","1.29000"
"ZMB","Zambia","vacuna","10.08000"
"ZWE","Zimbabwe","aviar","6.46000"
"ZWE","Zimbabwe","caprina_ovina","2.31000"
"ZWE","Zimbabwe","otras_carnes","2.33000"
"ZWE","Zimbabwe","pescado_mariscos","2.63000"
"ZWE","Zimbabwe","porcina","1.00000"
"ZWE","Zimbabwe","vacuna","45.48000"
