"anio","grupo_carne","valor"
"1961","aviar","2.00205"
"1962","aviar","2.33410"
"1963","aviar","2.79310"
"1964","aviar","3.78925"
"1965","aviar","5.59597"
"1966","aviar","5.28346"
"1967","aviar","5.36159"
"1968","aviar","5.81083"
"1969","aviar","6.04522"
"1970","aviar","7.61756"
"1971","aviar","8.49651"
"1972","aviar","8.06680"
"1973","aviar","8.00820"
"1974","aviar","10.75247"
"1975","aviar","10.40090"
"1976","aviar","9.51218"
"1977","aviar","8.95551"
"1978","aviar","9.42429"
"1979","aviar","10.51809"
"1980","aviar","10.93803"
"1981","aviar","10.75247"
"1982","aviar","11.52400"
"1983","aviar","11.89511"
"1984","aviar","11.58259"
"1985","aviar","11.79745"
"1986","aviar","12.55920"
"1987","aviar","14.16084"
"1988","aviar","12.05137"
"1989","aviar","10.56692"
"1990","aviar","11.08452"
"1991","aviar","12.16856"
"1992","aviar","15.70389"
"1993","aviar","21.93466"
"1994","aviar","22.92103"
"1995","aviar","23.30191"
"1996","aviar","22.47179"
"1997","aviar","23.33121"
"1998","aviar","26.40753"
"1999","aviar","27.30601"
"2000","aviar","27.16929"
"2001","aviar","26.17314"
"2002","aviar","18.51652"
"2003","aviar","19.19038"
"2004","aviar","21.48542"
"2005","aviar","23.78045"
"2006","aviar","27.13022"
"2007","aviar","28.27286"
"2008","aviar","30.83157"
"2009","aviar","32.67737"
"2010","aviar","33.82000"
"2011","aviar","37.49000"
"2012","aviar","38.40000"
"2013","aviar","37.61000"
"2014","aviar","38.80000"
"2015","aviar","44.27000"
"2016","aviar","43.83000"
"2017","aviar","44.30000"
"2018","aviar","43.96000"
"2019","aviar","44.93000"
"2020","aviar","46.21000"
"2021","aviar","48.32000"
"2022","aviar","48.30000"
"2023","aviar","46.73000"
"1961","caprina_ovina","6.65083"
"1962","caprina_ovina","6.18125"
"1963","caprina_ovina","5.43375"
"1964","caprina_ovina","5.58708"
"1965","caprina_ovina","6.27708"
"1966","caprina_ovina","6.36333"
"1967","caprina_ovina","6.67000"
"1968","caprina_ovina","7.63792"
"1969","caprina_ovina","6.70833"
"1970","caprina_ovina","6.08542"
"1971","caprina_ovina","6.66042"
"1972","caprina_ovina","4.98333"
"1973","caprina_ovina","4.34125"
"1974","caprina_ovina","3.81417"
"1975","caprina_ovina","4.03458"
"1976","caprina_ovina","3.90042"
"1977","caprina_ovina","3.92917"
"1978","caprina_ovina","3.93875"
"1979","caprina_ovina","3.94833"
"1980","caprina_ovina","3.64167"
"1981","caprina_ovina","3.57458"
"1982","caprina_ovina","3.33500"
"1983","caprina_ovina","3.32542"
"1984","caprina_ovina","3.37333"
"1985","caprina_ovina","3.05708"
"1986","caprina_ovina","3.04750"
"1987","caprina_ovina","2.74083"
"1988","caprina_ovina","2.53958"
"1989","caprina_ovina","2.50125"
"1990","caprina_ovina","2.46292"
"1991","caprina_ovina","2.53958"
"1992","caprina_ovina","2.05083"
"1993","caprina_ovina","2.04125"
"1994","caprina_ovina","2.59708"
"1995","caprina_ovina","2.43417"
"1996","caprina_ovina","1.95500"
"1997","caprina_ovina","1.39917"
"1998","caprina_ovina","1.16917"
"1999","caprina_ovina","1.70583"
"2000","caprina_ovina","1.94542"
"2001","caprina_ovina","1.65792"
"2002","caprina_ovina","1.38000"
"2003","caprina_ovina","1.53333"
"2004","caprina_ovina","1.98375"
"2005","caprina_ovina","2.27125"
"2006","caprina_ovina","2.11792"
"2007","caprina_ovina","2.29042"
"2008","caprina_ovina","1.96458"
"2009","caprina_ovina","2.00292"
"2010","caprina_ovina","1.84000"
"2011","caprina_ovina","1.52000"
"2012","caprina_ovina","1.47000"
"2013","caprina_ovina","1.48000"
"2014","caprina_ovina","1.56000"
"2015","caprina_ovina","1.54000"
"2016","caprina_ovina","1.30000"
"2017","caprina_ovina","1.26000"
"2018","caprina_ovina","1.27000"
"2019","caprina_ovina","1.33000"
"2020","caprina_ovina","1.39000"
"2021","caprina_ovina","1.14000"
"2022","caprina_ovina","0.93000"
"2023","caprina_ovina","1.07000"
"1961","otras_carnes","0.77661"
"1962","otras_carnes","0.68169"
"1963","otras_carnes","0.70758"
"1964","otras_carnes","1.07863"
"1965","otras_carnes","0.86290"
"1966","otras_carnes","0.75935"
"1967","otras_carnes","0.71621"
"1968","otras_carnes","0.50911"
"1969","otras_carnes","0.74210"
"1970","otras_carnes","0.73347"
"1971","otras_carnes","1.05274"
"1972","otras_carnes","0.57815"
"1973","otras_carnes","0.56089"
"1974","otras_carnes","1.05274"
"1975","otras_carnes","0.88016"
"1976","otras_carnes","0.91468"
"1977","otras_carnes","1.07863"
"1978","otras_carnes","0.98371"
"1979","otras_carnes","1.03548"
"1980","otras_carnes","1.03548"
"1981","otras_carnes","1.10452"
"1982","otras_carnes","1.02685"
"1983","otras_carnes","0.99234"
"1984","otras_carnes","1.13903"
"1985","otras_carnes","0.96645"
"1986","otras_carnes","0.95782"
"1987","otras_carnes","1.08726"
"1988","otras_carnes","0.80250"
"1989","otras_carnes","0.86290"
"1990","otras_carnes","1.17355"
"1991","otras_carnes","1.13903"
"1992","otras_carnes","1.38927"
"1993","otras_carnes","1.36339"
"1994","otras_carnes","1.38927"
"1995","otras_carnes","1.34613"
"1996","otras_carnes","1.46694"
"1997","otras_carnes","1.30298"
"1998","otras_carnes","1.30298"
"1999","otras_carnes","1.63089"
"2000","otras_carnes","1.59637"
"2001","otras_carnes","1.38065"
"2002","otras_carnes","1.36339"
"2003","otras_carnes","1.48419"
"2004","otras_carnes","1.32887"
"2005","otras_carnes","1.37202"
"2006","otras_carnes","1.39790"
"2007","otras_carnes","1.25984"
"2008","otras_carnes","1.08726"
"2009","otras_carnes","1.16492"
"2010","otras_carnes","1.07000"
"2011","otras_carnes","0.96000"
"2012","otras_carnes","0.97000"
"2013","otras_carnes","1.00000"
"2014","otras_carnes","0.97000"
"2015","otras_carnes","0.98000"
"2016","otras_carnes","1.02000"
"2017","otras_carnes","1.03000"
"2018","otras_carnes","1.11000"
"2019","otras_carnes","1.20000"
"2020","otras_carnes","1.18000"
"2021","otras_carnes","1.26000"
"2022","otras_carnes","1.17000"
"2023","otras_carnes","1.12000"
"1961","pescado_mariscos","4.07733"
"1962","pescado_mariscos","4.04800"
"1963","pescado_mariscos","5.01600"
"1964","pescado_mariscos","6.67822"
"1965","pescado_mariscos","6.50222"
"1966","pescado_mariscos","5.91556"
"1967","pescado_mariscos","5.09422"
"1968","pescado_mariscos","5.46578"
"1969","pescado_mariscos","4.95733"
"1970","pescado_mariscos","5.16267"
"1971","pescado_mariscos","6.37511"
"1972","pescado_mariscos","5.72978"
"1973","pescado_mariscos","5.41689"
"1974","pescado_mariscos","6.14044"
"1975","pescado_mariscos","4.62489"
"1976","pescado_mariscos","3.26578"
"1977","pescado_mariscos","4.45867"
"1978","pescado_mariscos","6.86400"
"1979","pescado_mariscos","7.47022"
"1980","pescado_mariscos","5.88622"
"1981","pescado_mariscos","5.90578"
"1982","pescado_mariscos","5.73956"
"1983","pescado_mariscos","5.76889"
"1984","pescado_mariscos","4.90844"
"1985","pescado_mariscos","6.65867"
"1986","pescado_mariscos","5.62222"
"1987","pescado_mariscos","5.13333"
"1988","pescado_mariscos","6.44356"
"1989","pescado_mariscos","5.29956"
"1990","pescado_mariscos","5.84711"
"1991","pescado_mariscos","6.30667"
"1992","pescado_mariscos","8.51644"
"1993","pescado_mariscos","9.08356"
"1994","pescado_mariscos","7.91022"
"1995","pescado_mariscos","9.80711"
"1996","pescado_mariscos","11.53778"
"1997","pescado_mariscos","11.72356"
"1998","pescado_mariscos","11.34222"
"1999","pescado_mariscos","10.01244"
"2000","pescado_mariscos","8.36000"
"2001","pescado_mariscos","9.81689"
"2002","pescado_mariscos","7.07911"
"2003","pescado_mariscos","7.18667"
"2004","pescado_mariscos","6.66844"
"2005","pescado_mariscos","6.55111"
"2006","pescado_mariscos","8.85867"
"2007","pescado_mariscos","7.11822"
"2008","pescado_mariscos","7.63644"
"2009","pescado_mariscos","5.97422"
"2010","pescado_mariscos","5.72000"
"2011","pescado_mariscos","5.89000"
"2012","pescado_mariscos","5.73000"
"2013","pescado_mariscos","7.01000"
"2014","pescado_mariscos","5.82000"
"2015","pescado_mariscos","7.15000"
"2016","pescado_mariscos","6.03000"
"2017","pescado_mariscos","7.26000"
"2018","pescado_mariscos","7.33000"
"2019","pescado_mariscos","6.80000"
"2020","pescado_mariscos","7.13000"
"2021","pescado_mariscos","7.15000"
"2022","pescado_mariscos","7.14000"
"2023","pescado_mariscos","7.12000"
"1961","porcina","8.34240"
"1962","porcina","7.01760"
"1963","porcina","6.57600"
"1964","porcina","6.51840"
"1965","porcina","9.07200"
"1966","porcina","9.38880"
"1967","porcina","8.82240"
"1968","porcina","7.48800"
"1969","porcina","8.27520"
"1970","porcina","8.33280"
"1971","porcina","9.72480"
"1972","porcina","8.34240"
"1973","porcina","9.42720"
"1974","porcina","8.93760"
"1975","porcina","9.27360"
"1976","porcina","8.77440"
"1977","porcina","8.41920"
"1978","porcina","7.47840"
"1979","porcina","8.94720"
"1980","porcina","9.10080"
"1981","porcina","8.55360"
"1982","porcina","7.61280"
"1983","porcina","6.74880"
"1984","porcina","6.73920"
"1985","porcina","6.09600"
"1986","porcina","6.42240"
"1987","porcina","6.29760"
"1988","porcina","5.76000"
"1989","porcina","5.01120"
"1990","porcina","4.08000"
"1991","porcina","4.34880"
"1992","porcina","5.26080"
"1993","porcina","7.31520"
"1994","porcina","7.54560"
"1995","porcina","6.66240"
"1996","porcina","6.29760"
"1997","porcina","5.88480"
"1998","porcina","6.90240"
"1999","porcina","7.64160"
"2000","porcina","7.65120"
"2001","porcina","6.99840"
"2002","porcina","4.58880"
"2003","porcina","4.91520"
"2004","porcina","4.91520"
"2005","porcina","5.22240"
"2006","porcina","6.32640"
"2007","porcina","6.74880"
"2008","porcina","7.44000"
"2009","porcina","7.85280"
"2010","porcina","7.92000"
"2011","porcina","8.62000"
"2012","porcina","8.64000"
"2013","porcina","10.12000"
"2014","porcina","10.46000"
"2015","porcina","11.37000"
"2016","porcina","12.55000"
"2017","porcina","13.60000"
"2018","porcina","14.88000"
"2019","porcina","14.65000"
"2020","porcina","14.36000"
"2021","porcina","16.05000"
"2022","porcina","17.05000"
"2023","porcina","17.04000"
"1961","vacuna","78.12081"
"1962","vacuna","80.60157"
"1963","vacuna","81.08837"
"1964","vacuna","61.14860"
"1965","vacuna","62.68387"
"1966","vacuna","71.80187"
"1967","vacuna","74.48859"
"1968","vacuna","78.60760"
"1969","vacuna","83.84998"
"1970","vacuna","76.36086"
"1971","vacuna","57.88148"
"1972","vacuna","56.09345"
"1973","vacuna","59.86609"
"1974","vacuna","67.78583"
"1975","vacuna","78.01783"
"1976","vacuna","80.49860"
"1977","vacuna","80.37690"
"1978","vacuna","83.48488"
"1979","vacuna","78.47654"
"1980","vacuna","79.60927"
"1981","vacuna","79.35651"
"1982","vacuna","65.57654"
"1983","vacuna","62.79621"
"1984","vacuna","67.81391"
"1985","vacuna","76.73532"
"1986","vacuna","67.48627"
"1987","vacuna","67.36457"
"1988","vacuna","63.17066"
"1989","vacuna","61.69156"
"1990","vacuna","60.11885"
"1991","vacuna","61.85071"
"1992","vacuna","60.89585"
"1993","vacuna","60.64309"
"1994","vacuna","57.59128"
"1995","vacuna","52.40506"
"1996","vacuna","50.99149"
"1997","vacuna","52.62974"
"1998","vacuna","52.69527"
"1999","vacuna","56.43046"
"2000","vacuna","55.31646"
"2001","vacuna","53.13525"
"2002","vacuna","49.53112"
"2003","vacuna","51.82466"
"2004","vacuna","52.91994"
"2005","vacuna","52.46123"
"2006","vacuna","52.03997"
"2007","vacuna","51.59062"
"2008","vacuna","51.19745"
"2009","vacuna","51.08511"
"2010","vacuna","51.16000"
"2011","vacuna","49.00000"
"2012","vacuna","51.06000"
"2013","vacuna","54.93000"
"2014","vacuna","51.18000"
"2015","vacuna","52.02000"
"2016","vacuna","49.40000"
"2017","vacuna","51.35000"
"2018","vacuna","51.85000"
"2019","vacuna","47.77000"
"2020","vacuna","51.26000"
"2021","vacuna","44.72000"
"2022","vacuna","46.41000"
"2023","vacuna","48.99000"
