"geocodigoFundar","geonombreFundar","cadena","share"
"AR-A","Salta","Algodón textil","0.20000"
"AR-A","Salta","Apícola","1.04000"
"AR-A","Salta","Arrocera","0.06000"
"AR-A","Salta","Avícola","0.99000"
"AR-A","Salta","Azucarera","3.26000"
"AR-A","Salta","Bovina","1.96000"
"AR-A","Salta","Caprina","2.61000"
"AR-A","Salta","Cebada","0.31000"
"AR-A","Salta","Cítricos dulces","4.55000"
"AR-A","Salta","Fruta de carozo","3.03000"
"AR-A","Salta","Frutas finas","4.70000"
"AR-A","Salta","Girasol","0.31000"
"AR-A","Salta","Hortícola","4.37000"
"AR-A","Salta","Legumbres","54.60000"
"AR-A","Salta","Limón","3.54000"
"AR-A","Salta","Láctea","0.60000"
"AR-A","Salta","Maicera","3.63000"
"AR-A","Salta","Maní","1.36000"
"AR-A","Salta","Olivícola","0.75000"
"AR-A","Salta","Ovina","1.21000"
"AR-A","Salta","Peras y Manzanas","0.39000"
"AR-A","Salta","Pesca","0.00000"
"AR-A","Salta","Porcina","1.94000"
"AR-A","Salta","Sojera","1.21000"
"AR-A","Salta","Sorgo","1.80000"
"AR-A","Salta","Tabacalera","34.75000"
"AR-A","Salta","Tealera","0.67000"
"AR-A","Salta","Triguera","1.48000"
"AR-A","Salta","Vitivinícola","1.97000"
"AR-A","Salta","Yerba mate","0.10000"
"AR-B","Buenos Aires","Algodón textil","36.64000"
"AR-B","Buenos Aires","Apícola","35.38000"
"AR-B","Buenos Aires","Arrocera","0.17000"
"AR-B","Buenos Aires","Avícola","29.68000"
"AR-B","Buenos Aires","Azucarera","18.00000"
"AR-B","Buenos Aires","Bovina","40.83000"
"AR-B","Buenos Aires","Caprina","0.63000"
"AR-B","Buenos Aires","Cebada","54.24000"
"AR-B","Buenos Aires","Cítricos dulces","5.75000"
"AR-B","Buenos Aires","Fruta de carozo","8.29000"
"AR-B","Buenos Aires","Frutas finas","4.47000"
"AR-B","Buenos Aires","Girasol","47.51000"
"AR-B","Buenos Aires","Hortícola","19.23000"
"AR-B","Buenos Aires","Legumbres","5.49000"
"AR-B","Buenos Aires","Limón","0.52000"
"AR-B","Buenos Aires","Láctea","31.52000"
"AR-B","Buenos Aires","Maicera","27.27000"
"AR-B","Buenos Aires","Maní","4.86000"
"AR-B","Buenos Aires","Olivícola","2.55000"
"AR-B","Buenos Aires","Ovina","10.95000"
"AR-B","Buenos Aires","Peras y Manzanas","0.65000"
"AR-B","Buenos Aires","Pesca","46.48000"
"AR-B","Buenos Aires","Porcina","39.12000"
"AR-B","Buenos Aires","Sojera","16.35000"
"AR-B","Buenos Aires","Sorgo","38.45000"
"AR-B","Buenos Aires","Tabacalera","30.13000"
"AR-B","Buenos Aires","Tealera","17.37000"
"AR-B","Buenos Aires","Triguera","40.92000"
"AR-B","Buenos Aires","Vitivinícola","0.96000"
"AR-B","Buenos Aires","Yerba mate","0.30000"
"AR-C","CABA","Algodón textil","36.79000"
"AR-C","CABA","Apícola","0.00000"
"AR-C","CABA","Arrocera","0.04000"
"AR-C","CABA","Avícola","1.18000"
"AR-C","CABA","Azucarera","7.90000"
"AR-C","CABA","Bovina","0.25000"
"AR-C","CABA","Caprina","0.00000"
"AR-C","CABA","Cebada","12.99000"
"AR-C","CABA","Cítricos dulces","0.88000"
"AR-C","CABA","Fruta de carozo","1.35000"
"AR-C","CABA","Frutas finas","7.35000"
"AR-C","CABA","Girasol","0.20000"
"AR-C","CABA","Hortícola","1.25000"
"AR-C","CABA","Legumbres","0.00000"
"AR-C","CABA","Limón","0.11000"
"AR-C","CABA","Láctea","4.07000"
"AR-C","CABA","Maicera","0.88000"
"AR-C","CABA","Maní","0.91000"
"AR-C","CABA","Olivícola","0.17000"
"AR-C","CABA","Ovina","0.00000"
"AR-C","CABA","Peras y Manzanas","0.13000"
"AR-C","CABA","Pesca","0.33000"
"AR-C","CABA","Porcina","0.53000"
"AR-C","CABA","Sojera","0.21000"
"AR-C","CABA","Sorgo","1.05000"
"AR-C","CABA","Tabacalera","4.29000"
"AR-C","CABA","Tealera","6.22000"
"AR-C","CABA","Triguera","10.15000"
"AR-C","CABA","Vitivinícola","0.23000"
"AR-C","CABA","Yerba mate","0.07000"
"AR-D","San Luis","Algodón textil","1.22000"
"AR-D","San Luis","Apícola","1.70000"
"AR-D","San Luis","Arrocera","0.00000"
"AR-D","San Luis","Avícola","0.71000"
"AR-D","San Luis","Azucarera","3.65000"
"AR-D","San Luis","Bovina","2.78000"
"AR-D","San Luis","Caprina","2.17000"
"AR-D","San Luis","Cebada","0.30000"
"AR-D","San Luis","Cítricos dulces","0.03000"
"AR-D","San Luis","Fruta de carozo","0.01000"
"AR-D","San Luis","Frutas finas","1.10000"
"AR-D","San Luis","Girasol","0.12000"
"AR-D","San Luis","Hortícola","1.79000"
"AR-D","San Luis","Legumbres","0.42000"
"AR-D","San Luis","Limón","0.01000"
"AR-D","San Luis","Láctea","0.74000"
"AR-D","San Luis","Maicera","3.89000"
"AR-D","San Luis","Maní","2.36000"
"AR-D","San Luis","Olivícola","0.06000"
"AR-D","San Luis","Ovina","0.38000"
"AR-D","San Luis","Peras y Manzanas","0.02000"
"AR-D","San Luis","Pesca","0.00000"
"AR-D","San Luis","Porcina","2.04000"
"AR-D","San Luis","Sojera","0.74000"
"AR-D","San Luis","Sorgo","5.82000"
"AR-D","San Luis","Tabacalera","0.00000"
"AR-D","San Luis","Tealera","1.06000"
"AR-D","San Luis","Triguera","1.63000"
"AR-D","San Luis","Vitivinícola","0.04000"
"AR-D","San Luis","Yerba mate","0.01000"
"AR-E","Entre Ríos","Algodón textil","0.32000"
"AR-E","Entre Ríos","Apícola","21.79000"
"AR-E","Entre Ríos","Arrocera","65.25000"
"AR-E","Entre Ríos","Avícola","48.47000"
"AR-E","Entre Ríos","Azucarera","0.02000"
"AR-E","Entre Ríos","Bovina","5.64000"
"AR-E","Entre Ríos","Caprina","0.15000"
"AR-E","Entre Ríos","Cebada","0.62000"
"AR-E","Entre Ríos","Cítricos dulces","31.90000"
"AR-E","Entre Ríos","Fruta de carozo","3.22000"
"AR-E","Entre Ríos","Frutas finas","15.15000"
"AR-E","Entre Ríos","Girasol","0.43000"
"AR-E","Entre Ríos","Hortícola","2.75000"
"AR-E","Entre Ríos","Legumbres","0.46000"
"AR-E","Entre Ríos","Limón","1.28000"
"AR-E","Entre Ríos","Láctea","4.08000"
"AR-E","Entre Ríos","Maicera","5.17000"
"AR-E","Entre Ríos","Maní","1.73000"
"AR-E","Entre Ríos","Olivícola","0.36000"
"AR-E","Entre Ríos","Ovina","2.21000"
"AR-E","Entre Ríos","Peras y Manzanas","0.27000"
"AR-E","Entre Ríos","Pesca","0.56000"
"AR-E","Entre Ríos","Porcina","5.91000"
"AR-E","Entre Ríos","Sojera","4.03000"
"AR-E","Entre Ríos","Sorgo","4.60000"
"AR-E","Entre Ríos","Tabacalera","0.09000"
"AR-E","Entre Ríos","Tealera","1.24000"
"AR-E","Entre Ríos","Triguera","3.95000"
"AR-E","Entre Ríos","Vitivinícola","0.44000"
"AR-E","Entre Ríos","Yerba mate","0.14000"
"AR-F","La Rioja","Algodón textil","1.81000"
"AR-F","La Rioja","Apícola","0.80000"
"AR-F","La Rioja","Arrocera","0.01000"
"AR-F","La Rioja","Avícola","0.22000"
"AR-F","La Rioja","Azucarera","0.00000"
"AR-F","La Rioja","Bovina","0.22000"
"AR-F","La Rioja","Caprina","1.90000"
"AR-F","La Rioja","Cebada","0.06000"
"AR-F","La Rioja","Cítricos dulces","1.02000"
"AR-F","La Rioja","Fruta de carozo","2.23000"
"AR-F","La Rioja","Frutas finas","0.99000"
"AR-F","La Rioja","Girasol","0.06000"
"AR-F","La Rioja","Hortícola","1.35000"
"AR-F","La Rioja","Legumbres","0.03000"
"AR-F","La Rioja","Limón","0.03000"
"AR-F","La Rioja","Láctea","0.01000"
"AR-F","La Rioja","Maicera","0.18000"
"AR-F","La Rioja","Maní","0.25000"
"AR-F","La Rioja","Olivícola","31.73000"
"AR-F","La Rioja","Ovina","0.17000"
"AR-F","La Rioja","Peras y Manzanas","0.23000"
"AR-F","La Rioja","Pesca","0.00000"
"AR-F","La Rioja","Porcina","0.79000"
"AR-F","La Rioja","Sojera","0.06000"
"AR-F","La Rioja","Sorgo","0.11000"
"AR-F","La Rioja","Tabacalera","0.01000"
"AR-F","La Rioja","Tealera","0.86000"
"AR-F","La Rioja","Triguera","0.24000"
"AR-F","La Rioja","Vitivinícola","3.18000"
"AR-F","La Rioja","Yerba mate","0.02000"
"AR-G","Santiago del Estero","Algodón textil","2.24000"
"AR-G","Santiago del Estero","Apícola","1.52000"
"AR-G","Santiago del Estero","Arrocera","0.01000"
"AR-G","Santiago del Estero","Avícola","0.78000"
"AR-G","Santiago del Estero","Azucarera","0.01000"
"AR-G","Santiago del Estero","Bovina","2.87000"
"AR-G","Santiago del Estero","Caprina","23.09000"
"AR-G","Santiago del Estero","Cebada","0.05000"
"AR-G","Santiago del Estero","Cítricos dulces","0.26000"
"AR-G","Santiago del Estero","Fruta de carozo","0.28000"
"AR-G","Santiago del Estero","Frutas finas","0.19000"
"AR-G","Santiago del Estero","Girasol","1.32000"
"AR-G","Santiago del Estero","Hortícola","0.50000"
"AR-G","Santiago del Estero","Legumbres","9.93000"
"AR-G","Santiago del Estero","Limón","0.02000"
"AR-G","Santiago del Estero","Láctea","1.19000"
"AR-G","Santiago del Estero","Maicera","6.49000"
"AR-G","Santiago del Estero","Maní","0.16000"
"AR-G","Santiago del Estero","Olivícola","0.03000"
"AR-G","Santiago del Estero","Ovina","1.25000"
"AR-G","Santiago del Estero","Peras y Manzanas","0.02000"
"AR-G","Santiago del Estero","Pesca","0.00000"
"AR-G","Santiago del Estero","Porcina","2.01000"
"AR-G","Santiago del Estero","Sojera","2.45000"
"AR-G","Santiago del Estero","Sorgo","3.03000"
"AR-G","Santiago del Estero","Tabacalera","0.01000"
"AR-G","Santiago del Estero","Tealera","0.21000"
"AR-G","Santiago del Estero","Triguera","2.16000"
"AR-G","Santiago del Estero","Vitivinícola","0.04000"
"AR-G","Santiago del Estero","Yerba mate","0.01000"
"AR-H","Chaco","Algodón textil","3.38000"
"AR-H","Chaco","Apícola","3.33000"
"AR-H","Chaco","Arrocera","4.01000"
"AR-H","Chaco","Avícola","0.30000"
"AR-H","Chaco","Azucarera","0.00000"
"AR-H","Chaco","Bovina","3.38000"
"AR-H","Chaco","Caprina","3.24000"
"AR-H","Chaco","Cebada","0.04000"
"AR-H","Chaco","Cítricos dulces","0.06000"
"AR-H","Chaco","Fruta de carozo","0.00000"
"AR-H","Chaco","Frutas finas","0.09000"
"AR-H","Chaco","Girasol","6.88000"
"AR-H","Chaco","Hortícola","0.11000"
"AR-H","Chaco","Legumbres","0.14000"
"AR-H","Chaco","Limón","0.03000"
"AR-H","Chaco","Láctea","0.48000"
"AR-H","Chaco","Maicera","2.80000"
"AR-H","Chaco","Maní","0.18000"
"AR-H","Chaco","Olivícola","0.02000"
"AR-H","Chaco","Ovina","0.68000"
"AR-H","Chaco","Peras y Manzanas","0.01000"
"AR-H","Chaco","Pesca","0.00000"
"AR-H","Chaco","Porcina","1.70000"
"AR-H","Chaco","Sojera","1.34000"
"AR-H","Chaco","Sorgo","4.37000"
"AR-H","Chaco","Tabacalera","0.15000"
"AR-H","Chaco","Tealera","0.13000"
"AR-H","Chaco","Triguera","0.81000"
"AR-H","Chaco","Vitivinícola","0.05000"
"AR-H","Chaco","Yerba mate","0.01000"
"AR-J","San Juan","Algodón textil","1.43000"
"AR-J","San Juan","Apícola","0.27000"
"AR-J","San Juan","Arrocera","0.01000"
"AR-J","San Juan","Avícola","0.08000"
"AR-J","San Juan","Azucarera","0.00000"
"AR-J","San Juan","Bovina","0.08000"
"AR-J","San Juan","Caprina","0.53000"
"AR-J","San Juan","Cebada","0.18000"
"AR-J","San Juan","Cítricos dulces","2.03000"
"AR-J","San Juan","Fruta de carozo","4.71000"
"AR-J","San Juan","Frutas finas","1.86000"
"AR-J","San Juan","Girasol","0.04000"
"AR-J","San Juan","Hortícola","2.92000"
"AR-J","San Juan","Legumbres","0.01000"
"AR-J","San Juan","Limón","0.02000"
"AR-J","San Juan","Láctea","0.22000"
"AR-J","San Juan","Maicera","0.13000"
"AR-J","San Juan","Maní","0.16000"
"AR-J","San Juan","Olivícola","16.30000"
"AR-J","San Juan","Ovina","0.06000"
"AR-J","San Juan","Peras y Manzanas","0.58000"
"AR-J","San Juan","Pesca","0.00000"
"AR-J","San Juan","Porcina","0.29000"
"AR-J","San Juan","Sojera","0.04000"
"AR-J","San Juan","Sorgo","0.10000"
"AR-J","San Juan","Tabacalera","0.01000"
"AR-J","San Juan","Tealera","0.40000"
"AR-J","San Juan","Triguera","1.18000"
"AR-J","San Juan","Vitivinícola","17.78000"
"AR-J","San Juan","Yerba mate","0.01000"
"AR-K","Catamarca","Algodón textil","1.59000"
"AR-K","Catamarca","Apícola","0.71000"
"AR-K","Catamarca","Arrocera","0.00000"
"AR-K","Catamarca","Avícola","0.06000"
"AR-K","Catamarca","Azucarera","0.00000"
"AR-K","Catamarca","Bovina","0.53000"
"AR-K","Catamarca","Caprina","2.72000"
"AR-K","Catamarca","Cebada","0.02000"
"AR-K","Catamarca","Cítricos dulces","1.21000"
"AR-K","Catamarca","Fruta de carozo","0.64000"
"AR-K","Catamarca","Frutas finas","5.98000"
"AR-K","Catamarca","Girasol","0.01000"
"AR-K","Catamarca","Hortícola","2.65000"
"AR-K","Catamarca","Legumbres","1.99000"
"AR-K","Catamarca","Limón","0.14000"
"AR-K","Catamarca","Láctea","0.09000"
"AR-K","Catamarca","Maicera","0.30000"
"AR-K","Catamarca","Maní","0.03000"
"AR-K","Catamarca","Olivícola","19.00000"
"AR-K","Catamarca","Ovina","0.69000"
"AR-K","Catamarca","Peras y Manzanas","0.07000"
"AR-K","Catamarca","Pesca","0.00000"
"AR-K","Catamarca","Porcina","0.61000"
"AR-K","Catamarca","Sojera","0.16000"
"AR-K","Catamarca","Sorgo","0.15000"
"AR-K","Catamarca","Tabacalera","0.12000"
"AR-K","Catamarca","Tealera","0.07000"
"AR-K","Catamarca","Triguera","0.57000"
"AR-K","Catamarca","Vitivinícola","0.80000"
"AR-K","Catamarca","Yerba mate","0.00000"
"AR-L","La Pampa","Algodón textil","0.11000"
"AR-L","La Pampa","Apícola","5.92000"
"AR-L","La Pampa","Arrocera","0.01000"
"AR-L","La Pampa","Avícola","0.59000"
"AR-L","La Pampa","Azucarera","0.05000"
"AR-L","La Pampa","Bovina","5.06000"
"AR-L","La Pampa","Caprina","3.56000"
"AR-L","La Pampa","Cebada","3.42000"
"AR-L","La Pampa","Cítricos dulces","0.06000"
"AR-L","La Pampa","Fruta de carozo","0.00000"
"AR-L","La Pampa","Frutas finas","0.09000"
"AR-L","La Pampa","Girasol","2.07000"
"AR-L","La Pampa","Hortícola","0.11000"
"AR-L","La Pampa","Legumbres","0.02000"
"AR-L","La Pampa","Limón","0.02000"
"AR-L","La Pampa","Láctea","1.38000"
"AR-L","La Pampa","Maicera","4.36000"
"AR-L","La Pampa","Maní","1.09000"
"AR-L","La Pampa","Olivícola","0.03000"
"AR-L","La Pampa","Ovina","1.57000"
"AR-L","La Pampa","Peras y Manzanas","0.02000"
"AR-L","La Pampa","Pesca","0.00000"
"AR-L","La Pampa","Porcina","1.49000"
"AR-L","La Pampa","Sojera","0.98000"
"AR-L","La Pampa","Sorgo","8.98000"
"AR-L","La Pampa","Tabacalera","0.01000"
"AR-L","La Pampa","Tealera","0.07000"
"AR-L","La Pampa","Triguera","1.34000"
"AR-L","La Pampa","Vitivinícola","0.09000"
"AR-L","La Pampa","Yerba mate","0.02000"
"AR-M","Mendoza","Algodón textil","0.87000"
"AR-M","Mendoza","Apícola","4.38000"
"AR-M","Mendoza","Arrocera","0.01000"
"AR-M","Mendoza","Avícola","0.75000"
"AR-M","Mendoza","Azucarera","1.64000"
"AR-M","Mendoza","Bovina","1.19000"
"AR-M","Mendoza","Caprina","15.72000"
"AR-M","Mendoza","Cebada","3.19000"
"AR-M","Mendoza","Cítricos dulces","11.30000"
"AR-M","Mendoza","Fruta de carozo","43.16000"
"AR-M","Mendoza","Frutas finas","21.81000"
"AR-M","Mendoza","Girasol","0.06000"
"AR-M","Mendoza","Hortícola","24.19000"
"AR-M","Mendoza","Legumbres","0.01000"
"AR-M","Mendoza","Limón","0.03000"
"AR-M","Mendoza","Láctea","0.52000"
"AR-M","Mendoza","Maicera","0.35000"
"AR-M","Mendoza","Maní","0.25000"
"AR-M","Mendoza","Olivícola","20.38000"
"AR-M","Mendoza","Ovina","0.71000"
"AR-M","Mendoza","Peras y Manzanas","9.32000"
"AR-M","Mendoza","Pesca","0.00000"
"AR-M","Mendoza","Porcina","1.21000"
"AR-M","Mendoza","Sojera","0.06000"
"AR-M","Mendoza","Sorgo","0.23000"
"AR-M","Mendoza","Tabacalera","0.01000"
"AR-M","Mendoza","Tealera","1.40000"
"AR-M","Mendoza","Triguera","1.77000"
"AR-M","Mendoza","Vitivinícola","71.30000"
"AR-M","Mendoza","Yerba mate","0.02000"
"AR-N","Misiones","Algodón textil","0.07000"
"AR-N","Misiones","Apícola","2.32000"
"AR-N","Misiones","Arrocera","0.70000"
"AR-N","Misiones","Avícola","1.00000"
"AR-N","Misiones","Azucarera","0.15000"
"AR-N","Misiones","Bovina","0.76000"
"AR-N","Misiones","Caprina","0.03000"
"AR-N","Misiones","Cebada","0.35000"
"AR-N","Misiones","Cítricos dulces","2.94000"
"AR-N","Misiones","Fruta de carozo","0.08000"
"AR-N","Misiones","Frutas finas","0.90000"
"AR-N","Misiones","Girasol","0.35000"
"AR-N","Misiones","Hortícola","0.93000"
"AR-N","Misiones","Legumbres","0.28000"
"AR-N","Misiones","Limón","1.19000"
"AR-N","Misiones","Láctea","0.37000"
"AR-N","Misiones","Maicera","0.79000"
"AR-N","Misiones","Maní","1.56000"
"AR-N","Misiones","Olivícola","0.22000"
"AR-N","Misiones","Ovina","0.08000"
"AR-N","Misiones","Peras y Manzanas","0.13000"
"AR-N","Misiones","Pesca","0.00000"
"AR-N","Misiones","Porcina","1.64000"
"AR-N","Misiones","Sojera","0.37000"
"AR-N","Misiones","Sorgo","0.69000"
"AR-N","Misiones","Tabacalera","15.26000"
"AR-N","Misiones","Tealera","53.02000"
"AR-N","Misiones","Triguera","0.96000"
"AR-N","Misiones","Vitivinícola","0.40000"
"AR-N","Misiones","Yerba mate","85.95000"
"AR-P","Formosa","Algodón textil","0.18000"
"AR-P","Formosa","Apícola","0.55000"
"AR-P","Formosa","Arrocera","0.54000"
"AR-P","Formosa","Avícola","0.06000"
"AR-P","Formosa","Azucarera","0.00000"
"AR-P","Formosa","Bovina","1.75000"
"AR-P","Formosa","Caprina","1.71000"
"AR-P","Formosa","Cebada","0.00000"
"AR-P","Formosa","Cítricos dulces","0.02000"
"AR-P","Formosa","Fruta de carozo","0.00000"
"AR-P","Formosa","Frutas finas","0.02000"
"AR-P","Formosa","Girasol","0.06000"
"AR-P","Formosa","Hortícola","0.04000"
"AR-P","Formosa","Legumbres","0.10000"
"AR-P","Formosa","Limón","0.05000"
"AR-P","Formosa","Láctea","0.07000"
"AR-P","Formosa","Maicera","0.33000"
"AR-P","Formosa","Maní","0.02000"
"AR-P","Formosa","Olivícola","0.00000"
"AR-P","Formosa","Ovina","0.62000"
"AR-P","Formosa","Peras y Manzanas","0.00000"
"AR-P","Formosa","Pesca","0.00000"
"AR-P","Formosa","Porcina","0.91000"
"AR-P","Formosa","Sojera","0.02000"
"AR-P","Formosa","Sorgo","0.51000"
"AR-P","Formosa","Tabacalera","0.00000"
"AR-P","Formosa","Tealera","0.05000"
"AR-P","Formosa","Triguera","0.10000"
"AR-P","Formosa","Vitivinícola","0.00000"
"AR-P","Formosa","Yerba mate","0.00000"
"AR-Q","Neuquén","Algodón textil","0.11000"
"AR-Q","Neuquén","Apícola","0.58000"
"AR-Q","Neuquén","Arrocera","0.01000"
"AR-Q","Neuquén","Avícola","0.05000"
"AR-Q","Neuquén","Azucarera","0.16000"
"AR-Q","Neuquén","Bovina","0.33000"
"AR-Q","Neuquén","Caprina","15.44000"
"AR-Q","Neuquén","Cebada","0.79000"
"AR-Q","Neuquén","Cítricos dulces","0.18000"
"AR-Q","Neuquén","Fruta de carozo","0.62000"
"AR-Q","Neuquén","Frutas finas","4.25000"
"AR-Q","Neuquén","Girasol","0.03000"
"AR-Q","Neuquén","Hortícola","0.50000"
"AR-Q","Neuquén","Legumbres","0.00000"
"AR-Q","Neuquén","Limón","0.02000"
"AR-Q","Neuquén","Láctea","0.27000"
"AR-Q","Neuquén","Maicera","0.04000"
"AR-Q","Neuquén","Maní","0.13000"
"AR-Q","Neuquén","Olivícola","0.47000"
"AR-Q","Neuquén","Ovina","1.40000"
"AR-Q","Neuquén","Peras y Manzanas","12.08000"
"AR-Q","Neuquén","Pesca","0.00000"
"AR-Q","Neuquén","Porcina","0.54000"
"AR-Q","Neuquén","Sojera","0.03000"
"AR-Q","Neuquén","Sorgo","0.05000"
"AR-Q","Neuquén","Tabacalera","0.01000"
"AR-Q","Neuquén","Tealera","0.17000"
"AR-Q","Neuquén","Triguera","0.50000"
"AR-Q","Neuquén","Vitivinícola","0.49000"
"AR-Q","Neuquén","Yerba mate","0.01000"
"AR-R","Río Negro","Algodón textil","0.11000"
"AR-R","Río Negro","Apícola","1.93000"
"AR-R","Río Negro","Arrocera","0.02000"
"AR-R","Río Negro","Avícola","0.92000"
"AR-R","Río Negro","Azucarera","2.36000"
"AR-R","Río Negro","Bovina","1.04000"
"AR-R","Río Negro","Caprina","1.49000"
"AR-R","Río Negro","Cebada","2.78000"
"AR-R","Río Negro","Cítricos dulces","5.91000"
"AR-R","Río Negro","Fruta de carozo","14.14000"
"AR-R","Río Negro","Frutas finas","9.42000"
"AR-R","Río Negro","Girasol","0.11000"
"AR-R","Río Negro","Hortícola","7.63000"
"AR-R","Río Negro","Legumbres","0.00000"
"AR-R","Río Negro","Limón","0.06000"
"AR-R","Río Negro","Láctea","0.29000"
"AR-R","Río Negro","Maicera","0.24000"
"AR-R","Río Negro","Maní","0.48000"
"AR-R","Río Negro","Olivícola","0.87000"
"AR-R","Río Negro","Ovina","8.14000"
"AR-R","Río Negro","Peras y Manzanas","74.71000"
"AR-R","Río Negro","Pesca","2.11000"
"AR-R","Río Negro","Porcina","0.52000"
"AR-R","Río Negro","Sojera","0.11000"
"AR-R","Río Negro","Sorgo","0.33000"
"AR-R","Río Negro","Tabacalera","0.02000"
"AR-R","Río Negro","Tealera","0.27000"
"AR-R","Río Negro","Triguera","1.03000"
"AR-R","Río Negro","Vitivinícola","0.45000"
"AR-R","Río Negro","Yerba mate","0.04000"
"AR-S","Santa Fe","Algodón textil","5.11000"
"AR-S","Santa Fe","Apícola","7.99000"
"AR-S","Santa Fe","Arrocera","15.64000"
"AR-S","Santa Fe","Avícola","6.15000"
"AR-S","Santa Fe","Azucarera","2.83000"
"AR-S","Santa Fe","Bovina","13.15000"
"AR-S","Santa Fe","Caprina","0.46000"
"AR-S","Santa Fe","Cebada","10.77000"
"AR-S","Santa Fe","Cítricos dulces","1.15000"
"AR-S","Santa Fe","Fruta de carozo","1.16000"
"AR-S","Santa Fe","Frutas finas","3.16000"
"AR-S","Santa Fe","Girasol","29.66000"
"AR-S","Santa Fe","Hortícola","1.91000"
"AR-S","Santa Fe","Legumbres","7.31000"
"AR-S","Santa Fe","Limón","0.32000"
"AR-S","Santa Fe","Láctea","26.51000"
"AR-S","Santa Fe","Maicera","11.99000"
"AR-S","Santa Fe","Maní","1.95000"
"AR-S","Santa Fe","Olivícola","0.27000"
"AR-S","Santa Fe","Ovina","0.58000"
"AR-S","Santa Fe","Peras y Manzanas","0.18000"
"AR-S","Santa Fe","Pesca","0.15000"
"AR-S","Santa Fe","Porcina","16.75000"
"AR-S","Santa Fe","Sojera","55.63000"
"AR-S","Santa Fe","Sorgo","10.05000"
"AR-S","Santa Fe","Tabacalera","2.62000"
"AR-S","Santa Fe","Tealera","5.74000"
"AR-S","Santa Fe","Triguera","11.63000"
"AR-S","Santa Fe","Vitivinícola","0.43000"
"AR-S","Santa Fe","Yerba mate","0.13000"
"AR-T","Tucumán","Algodón textil","2.21000"
"AR-T","Tucumán","Apícola","1.52000"
"AR-T","Tucumán","Arrocera","0.06000"
"AR-T","Tucumán","Avícola","0.26000"
"AR-T","Tucumán","Azucarera","30.69000"
"AR-T","Tucumán","Bovina","0.94000"
"AR-T","Tucumán","Caprina","0.12000"
"AR-T","Tucumán","Cebada","0.36000"
"AR-T","Tucumán","Cítricos dulces","6.56000"
"AR-T","Tucumán","Fruta de carozo","11.33000"
"AR-T","Tucumán","Frutas finas","4.94000"
"AR-T","Tucumán","Girasol","0.32000"
"AR-T","Tucumán","Hortícola","11.22000"
"AR-T","Tucumán","Legumbres","3.45000"
"AR-T","Tucumán","Limón","83.80000"
"AR-T","Tucumán","Láctea","0.80000"
"AR-T","Tucumán","Maicera","1.63000"
"AR-T","Tucumán","Maní","1.41000"
"AR-T","Tucumán","Olivícola","0.61000"
"AR-T","Tucumán","Ovina","0.08000"
"AR-T","Tucumán","Peras y Manzanas","0.56000"
"AR-T","Tucumán","Pesca","0.00000"
"AR-T","Tucumán","Porcina","0.37000"
"AR-T","Tucumán","Sojera","0.71000"
"AR-T","Tucumán","Sorgo","1.13000"
"AR-T","Tucumán","Tabacalera","0.80000"
"AR-T","Tucumán","Tealera","0.66000"
"AR-T","Tucumán","Triguera","2.31000"
"AR-T","Tucumán","Vitivinícola","0.42000"
"AR-T","Tucumán","Yerba mate","0.11000"
"AR-U","Chubut","Algodón textil","0.50000"
"AR-U","Chubut","Apícola","0.55000"
"AR-U","Chubut","Arrocera","0.01000"
"AR-U","Chubut","Avícola","0.04000"
"AR-U","Chubut","Azucarera","0.14000"
"AR-U","Chubut","Bovina","0.47000"
"AR-U","Chubut","Caprina","0.94000"
"AR-U","Chubut","Cebada","0.23000"
"AR-U","Chubut","Cítricos dulces","0.13000"
"AR-U","Chubut","Fruta de carozo","0.21000"
"AR-U","Chubut","Frutas finas","3.90000"
"AR-U","Chubut","Girasol","0.03000"
"AR-U","Chubut","Hortícola","0.40000"
"AR-U","Chubut","Legumbres","0.00000"
"AR-U","Chubut","Limón","0.02000"
"AR-U","Chubut","Láctea","0.16000"
"AR-U","Chubut","Maicera","0.05000"
"AR-U","Chubut","Maní","0.15000"
"AR-U","Chubut","Olivícola","0.03000"
"AR-U","Chubut","Ovina","31.08000"
"AR-U","Chubut","Peras y Manzanas","0.11000"
"AR-U","Chubut","Pesca","33.88000"
"AR-U","Chubut","Porcina","0.48000"
"AR-U","Chubut","Sojera","0.03000"
"AR-U","Chubut","Sorgo","0.06000"
"AR-U","Chubut","Tabacalera","0.01000"
"AR-U","Chubut","Tealera","0.11000"
"AR-U","Chubut","Triguera","0.78000"
"AR-U","Chubut","Vitivinícola","0.05000"
"AR-U","Chubut","Yerba mate","0.01000"
"AR-V","Tierra del Fuego","Algodón textil","0.37000"
"AR-V","Tierra del Fuego","Apícola","0.00000"
"AR-V","Tierra del Fuego","Arrocera","0.00000"
"AR-V","Tierra del Fuego","Avícola","0.00000"
"AR-V","Tierra del Fuego","Azucarera","0.00000"
"AR-V","Tierra del Fuego","Bovina","0.06000"
"AR-V","Tierra del Fuego","Caprina","0.00000"
"AR-V","Tierra del Fuego","Cebada","0.01000"
"AR-V","Tierra del Fuego","Cítricos dulces","0.01000"
"AR-V","Tierra del Fuego","Fruta de carozo","0.00000"
"AR-V","Tierra del Fuego","Frutas finas","0.46000"
"AR-V","Tierra del Fuego","Girasol","0.01000"
"AR-V","Tierra del Fuego","Hortícola","0.02000"
"AR-V","Tierra del Fuego","Legumbres","0.00000"
"AR-V","Tierra del Fuego","Limón","0.00000"
"AR-V","Tierra del Fuego","Láctea","0.05000"
"AR-V","Tierra del Fuego","Maicera","0.01000"
"AR-V","Tierra del Fuego","Maní","0.03000"
"AR-V","Tierra del Fuego","Olivícola","0.00000"
"AR-V","Tierra del Fuego","Ovina","4.06000"
"AR-V","Tierra del Fuego","Peras y Manzanas","0.00000"
"AR-V","Tierra del Fuego","Pesca","5.45000"
"AR-V","Tierra del Fuego","Porcina","0.12000"
"AR-V","Tierra del Fuego","Sojera","0.01000"
"AR-V","Tierra del Fuego","Sorgo","0.01000"
"AR-V","Tierra del Fuego","Tabacalera","0.00000"
"AR-V","Tierra del Fuego","Tealera","0.00000"
"AR-V","Tierra del Fuego","Triguera","0.24000"
"AR-V","Tierra del Fuego","Vitivinícola","0.01000"
"AR-V","Tierra del Fuego","Yerba mate","0.00000"
"AR-W","Corrientes","Algodón textil","1.14000"
"AR-W","Corrientes","Apícola","1.01000"
"AR-W","Corrientes","Arrocera","13.33000"
"AR-W","Corrientes","Avícola","0.27000"
"AR-W","Corrientes","Azucarera","0.01000"
"AR-W","Corrientes","Bovina","4.41000"
"AR-W","Corrientes","Caprina","0.12000"
"AR-W","Corrientes","Cebada","3.61000"
"AR-W","Corrientes","Cítricos dulces","17.66000"
"AR-W","Corrientes","Fruta de carozo","1.22000"
"AR-W","Corrientes","Frutas finas","1.78000"
"AR-W","Corrientes","Girasol","0.19000"
"AR-W","Corrientes","Hortícola","1.25000"
"AR-W","Corrientes","Legumbres","0.01000"
"AR-W","Corrientes","Limón","5.43000"
"AR-W","Corrientes","Láctea","0.85000"
"AR-W","Corrientes","Maicera","0.58000"
"AR-W","Corrientes","Maní","0.84000"
"AR-W","Corrientes","Olivícola","0.16000"
"AR-W","Corrientes","Ovina","5.27000"
"AR-W","Corrientes","Peras y Manzanas","0.12000"
"AR-W","Corrientes","Pesca","0.00000"
"AR-W","Corrientes","Porcina","0.60000"
"AR-W","Corrientes","Sojera","0.22000"
"AR-W","Corrientes","Sorgo","1.34000"
"AR-W","Corrientes","Tabacalera","6.68000"
"AR-W","Corrientes","Tealera","4.32000"
"AR-W","Corrientes","Triguera","0.90000"
"AR-W","Corrientes","Vitivinícola","0.21000"
"AR-W","Corrientes","Yerba mate","12.85000"
"AR-X","Córdoba","Algodón textil","3.59000"
"AR-X","Córdoba","Apícola","6.08000"
"AR-X","Córdoba","Arrocera","0.11000"
"AR-X","Córdoba","Avícola","7.24000"
"AR-X","Córdoba","Azucarera","19.88000"
"AR-X","Córdoba","Bovina","11.82000"
"AR-X","Córdoba","Caprina","21.91000"
"AR-X","Córdoba","Cebada","5.59000"
"AR-X","Córdoba","Cítricos dulces","1.95000"
"AR-X","Córdoba","Fruta de carozo","3.03000"
"AR-X","Córdoba","Frutas finas","2.14000"
"AR-X","Córdoba","Girasol","10.18000"
"AR-X","Córdoba","Hortícola","13.42000"
"AR-X","Córdoba","Legumbres","12.89000"
"AR-X","Córdoba","Limón","0.24000"
"AR-X","Córdoba","Láctea","25.64000"
"AR-X","Córdoba","Maicera","28.61000"
"AR-X","Córdoba","Maní","79.78000"
"AR-X","Córdoba","Olivícola","5.88000"
"AR-X","Córdoba","Ovina","1.36000"
"AR-X","Córdoba","Peras y Manzanas","0.28000"
"AR-X","Córdoba","Pesca","0.00000"
"AR-X","Córdoba","Porcina","19.95000"
"AR-X","Córdoba","Sojera","15.15000"
"AR-X","Córdoba","Sorgo","16.86000"
"AR-X","Córdoba","Tabacalera","1.18000"
"AR-X","Córdoba","Tealera","5.87000"
"AR-X","Córdoba","Triguera","14.05000"
"AR-X","Córdoba","Vitivinícola","0.57000"
"AR-X","Córdoba","Yerba mate","0.16000"
"AR-Y","Jujuy","Algodón textil","0.02000"
"AR-Y","Jujuy","Apícola","0.62000"
"AR-Y","Jujuy","Arrocera","0.01000"
"AR-Y","Jujuy","Avícola","0.19000"
"AR-Y","Jujuy","Azucarera","9.24000"
"AR-Y","Jujuy","Bovina","0.32000"
"AR-Y","Jujuy","Caprina","1.47000"
"AR-Y","Jujuy","Cebada","0.05000"
"AR-Y","Jujuy","Cítricos dulces","4.39000"
"AR-Y","Jujuy","Fruta de carozo","1.30000"
"AR-Y","Jujuy","Frutas finas","1.82000"
"AR-Y","Jujuy","Girasol","0.04000"
"AR-Y","Jujuy","Hortícola","1.40000"
"AR-Y","Jujuy","Legumbres","2.86000"
"AR-Y","Jujuy","Limón","3.10000"
"AR-Y","Jujuy","Láctea","0.06000"
"AR-Y","Jujuy","Maicera","0.23000"
"AR-Y","Jujuy","Maní","0.18000"
"AR-Y","Jujuy","Olivícola","0.07000"
"AR-Y","Jujuy","Ovina","2.39000"
"AR-Y","Jujuy","Peras y Manzanas","0.11000"
"AR-Y","Jujuy","Pesca","0.00000"
"AR-Y","Jujuy","Porcina","0.43000"
"AR-Y","Jujuy","Sojera","0.06000"
"AR-Y","Jujuy","Sorgo","0.24000"
"AR-Y","Jujuy","Tabacalera","3.83000"
"AR-Y","Jujuy","Tealera","0.05000"
"AR-Y","Jujuy","Triguera","0.43000"
"AR-Y","Jujuy","Vitivinícola","0.05000"
"AR-Y","Jujuy","Yerba mate","0.01000"
"AR-Z","Santa Cruz","Algodón textil","0.00000"
"AR-Z","Santa Cruz","Apícola","0.01000"
"AR-Z","Santa Cruz","Arrocera","0.01000"
"AR-Z","Santa Cruz","Avícola","0.00000"
"AR-Z","Santa Cruz","Azucarera","0.00000"
"AR-Z","Santa Cruz","Bovina","0.15000"
"AR-Z","Santa Cruz","Caprina","0.00000"
"AR-Z","Santa Cruz","Cebada","0.03000"
"AR-Z","Santa Cruz","Cítricos dulces","0.04000"
"AR-Z","Santa Cruz","Fruta de carozo","0.00000"
"AR-Z","Santa Cruz","Frutas finas","3.43000"
"AR-Z","Santa Cruz","Girasol","0.03000"
"AR-Z","Santa Cruz","Hortícola","0.07000"
"AR-Z","Santa Cruz","Legumbres","0.00000"
"AR-Z","Santa Cruz","Limón","0.01000"
"AR-Z","Santa Cruz","Láctea","0.04000"
"AR-Z","Santa Cruz","Maicera","0.04000"
"AR-Z","Santa Cruz","Maní","0.12000"
"AR-Z","Santa Cruz","Olivícola","0.02000"
"AR-Z","Santa Cruz","Ovina","25.06000"
"AR-Z","Santa Cruz","Peras y Manzanas","0.03000"
"AR-Z","Santa Cruz","Pesca","11.04000"
"AR-Z","Santa Cruz","Porcina","0.04000"
"AR-Z","Santa Cruz","Sojera","0.03000"
"AR-Z","Santa Cruz","Sorgo","0.05000"
"AR-Z","Santa Cruz","Tabacalera","0.01000"
"AR-Z","Santa Cruz","Tealera","0.05000"
"AR-Z","Santa Cruz","Triguera","0.87000"
"AR-Z","Santa Cruz","Vitivinícola","0.03000"
"AR-Z","Santa Cruz","Yerba mate","0.01000"
