"geocodigoFundar","geonombreFundar","anio","region_pbg","participacion_vab","vab"
"AR-B","Buenos Aires","1895","Pampeana y AMBA","0.23917","4158.05090"
"AR-B","Buenos Aires","1914","Pampeana y AMBA","0.28296","9971.40063"
"AR-B","Buenos Aires","1937","Pampeana y AMBA","0.26468","19945.81003"
"AR-B","Buenos Aires","1946","Pampeana y AMBA","0.27251","26974.65692"
"AR-B","Buenos Aires","1953","Pampeana y AMBA","0.30641","36854.09987"
"AR-B","Buenos Aires","1965","Pampeana y AMBA","0.36695","70339.39330"
"AR-B","Buenos Aires","1975","Pampeana y AMBA","0.31331","85571.83694"
"AR-B","Buenos Aires","1986","Pampeana y AMBA","0.38194","112645.43453"
"AR-B","Buenos Aires","1993","Pampeana y AMBA","0.33451","116632.44469"
"AR-B","Buenos Aires","2004","Pampeana y AMBA","0.31996","131865.78664"
"AR-B","Buenos Aires","2005","Pampeana y AMBA","0.32042","144239.00162"
"AR-B","Buenos Aires","2006","Pampeana y AMBA","0.31936","154667.80398"
"AR-B","Buenos Aires","2007","Pampeana y AMBA","0.31683","165764.35420"
"AR-B","Buenos Aires","2008","Pampeana y AMBA","0.31998","173660.63063"
"AR-B","Buenos Aires","2009","Pampeana y AMBA","0.31801","162677.77800"
"AR-B","Buenos Aires","2010","Pampeana y AMBA","0.32380","182196.42175"
"AR-B","Buenos Aires","2011","Pampeana y AMBA","0.32634","193596.88392"
"AR-B","Buenos Aires","2012","Pampeana y AMBA","0.32942","192649.04101"
"AR-B","Buenos Aires","2013","Pampeana y AMBA","0.32848","196324.76103"
"AR-B","Buenos Aires","2014","Pampeana y AMBA","0.32286","189466.13557"
"AR-B","Buenos Aires","2015","Pampeana y AMBA","0.32430","195435.29208"
"AR-B","Buenos Aires","2016","Pampeana y AMBA","0.32467","191324.34406"
"AR-B","Buenos Aires","2017","Pampeana y AMBA","0.32456","196195.45457"
"AR-B","Buenos Aires","2018","Pampeana y AMBA","0.32278","189876.09387"
"AR-B","Buenos Aires","2019","Pampeana y AMBA","0.31981","185100.14871"
"AR-B","Buenos Aires","2020","Pampeana y AMBA","0.32192","167866.00714"
"AR-B","Buenos Aires","2021","Pampeana y AMBA","0.32408","186661.14159"
"AR-B","Buenos Aires","2022","Pampeana y AMBA","0.32504","196714.60262"
"AR-B","Buenos Aires","2023","Pampeana y AMBA","0.32409","193076.17531"
"AR-C","CABA","1895","Pampeana y AMBA","0.22428","3899.10405"
"AR-C","CABA","1914","Pampeana y AMBA","0.26142","9212.45120"
"AR-C","CABA","1937","Pampeana y AMBA","0.32025","24133.35413"
"AR-C","CABA","1946","Pampeana y AMBA","0.34061","33716.15776"
"AR-C","CABA","1953","Pampeana y AMBA","0.30313","36460.19367"
"AR-C","CABA","1965","Pampeana y AMBA","0.25293","48483.63612"
"AR-C","CABA","1975","Pampeana y AMBA","0.27853","76072.16117"
"AR-C","CABA","1986","Pampeana y AMBA","0.23843","70321.36257"
"AR-C","CABA","1993","Pampeana y AMBA","0.24150","84203.58202"
"AR-C","CABA","2004","Pampeana y AMBA","0.20796","85706.93900"
"AR-C","CABA","2005","Pampeana y AMBA","0.20770","93498.59366"
"AR-C","CABA","2006","Pampeana y AMBA","0.20993","101670.21287"
"AR-C","CABA","2007","Pampeana y AMBA","0.21432","112133.30308"
"AR-C","CABA","2008","Pampeana y AMBA","0.21606","117261.87111"
"AR-C","CABA","2009","Pampeana y AMBA","0.22302","114087.17857"
"AR-C","CABA","2010","Pampeana y AMBA","0.21477","120846.76538"
"AR-C","CABA","2011","Pampeana y AMBA","0.21379","126825.75799"
"AR-C","CABA","2012","Pampeana y AMBA","0.21366","124949.91986"
"AR-C","CABA","2013","Pampeana y AMBA","0.20921","125041.89658"
"AR-C","CABA","2014","Pampeana y AMBA","0.20869","122464.18037"
"AR-C","CABA","2015","Pampeana y AMBA","0.20617","124247.15235"
"AR-C","CABA","2016","Pampeana y AMBA","0.20906","123199.88143"
"AR-C","CABA","2017","Pampeana y AMBA","0.20839","125973.65213"
"AR-C","CABA","2018","Pampeana y AMBA","0.21092","124075.62719"
"AR-C","CABA","2019","Pampeana y AMBA","0.20429","118237.39023"
"AR-C","CABA","2020","Pampeana y AMBA","0.19913","103834.72485"
"AR-C","CABA","2021","Pampeana y AMBA","0.19689","113402.66449"
"AR-C","CABA","2022","Pampeana y AMBA","0.19676","119077.26183"
"AR-C","CABA","2023","Pampeana y AMBA","0.20063","119523.87813"
"AR-K","Catamarca","1895","NOA","0.01002","174.23234"
"AR-K","Catamarca","1914","NOA","0.00641","225.86531"
"AR-K","Catamarca","1937","NOA","0.00320","241.35829"
"AR-K","Catamarca","1946","NOA","0.00386","382.13590"
"AR-K","Catamarca","1953","NOA","0.00353","425.01185"
"AR-K","Catamarca","1965","NOA","0.00299","573.30164"
"AR-K","Catamarca","1975","NOA","0.00441","1205.20831"
"AR-K","Catamarca","1986","NOA","0.00432","1272.97354"
"AR-K","Catamarca","1993","NOA","0.00585","2038.56737"
"AR-K","Catamarca","2004","NOA","0.00936","3857.95922"
"AR-K","Catamarca","2005","NOA","0.00966","4349.61188"
"AR-K","Catamarca","2006","NOA","0.00947","4585.24073"
"AR-K","Catamarca","2007","NOA","0.00905","4733.58214"
"AR-K","Catamarca","2008","NOA","0.00839","4554.03060"
"AR-K","Catamarca","2009","NOA","0.00812","4155.25444"
"AR-K","Catamarca","2010","NOA","0.00756","4255.86006"
"AR-K","Catamarca","2011","NOA","0.00713","4227.89416"
"AR-K","Catamarca","2012","NOA","0.00739","4321.49662"
"AR-K","Catamarca","2013","NOA","0.00691","4132.67677"
"AR-K","Catamarca","2014","NOA","0.00725","4257.00248"
"AR-K","Catamarca","2015","NOA","0.00639","3848.44705"
"AR-K","Catamarca","2016","NOA","0.00653","3850.06628"
"AR-K","Catamarca","2017","NOA","0.00627","3789.79185"
"AR-K","Catamarca","2018","NOA","0.00615","3615.68863"
"AR-K","Catamarca","2019","NOA","0.00565","3268.24478"
"AR-K","Catamarca","2020","NOA","0.00565","2943.72343"
"AR-K","Catamarca","2021","NOA","0.00595","3427.65145"
"AR-K","Catamarca","2022","NOA","0.00630","3815.29756"
"AR-K","Catamarca","2023","NOA","0.00687","4091.15760"
"AR-H","Chaco","1895","NEA","0.00303","52.66865"
"AR-H","Chaco","1914","NEA","0.00482","169.92065"
"AR-H","Chaco","1937","NEA","0.01278","963.14314"
"AR-H","Chaco","1946","NEA","0.01507","1491.34826"
"AR-H","Chaco","1953","NEA","0.01864","2242.52787"
"AR-H","Chaco","1965","NEA","0.01702","3262.88087"
"AR-H","Chaco","1975","NEA","0.01193","3258.17016"
"AR-H","Chaco","1986","NEA","0.00934","2755.57072"
"AR-H","Chaco","1993","NEA","0.01318","4597.12729"
"AR-H","Chaco","2004","NEA","0.01358","5596.91671"
"AR-H","Chaco","2005","NEA","0.01389","6253.33643"
"AR-H","Chaco","2006","NEA","0.01416","6855.53318"
"AR-H","Chaco","2007","NEA","0.01428","7470.88792"
"AR-H","Chaco","2008","NEA","0.01454","7888.93250"
"AR-H","Chaco","2009","NEA","0.01469","7512.65108"
"AR-H","Chaco","2010","NEA","0.01504","8460.05237"
"AR-H","Chaco","2011","NEA","0.01576","9350.02845"
"AR-H","Chaco","2012","NEA","0.01457","8518.86285"
"AR-H","Chaco","2013","NEA","0.01496","8938.59576"
"AR-H","Chaco","2014","NEA","0.01644","9649.59064"
"AR-H","Chaco","2015","NEA","0.01583","9540.61072"
"AR-H","Chaco","2016","NEA","0.01600","9426.65297"
"AR-H","Chaco","2017","NEA","0.01621","9798.35839"
"AR-H","Chaco","2018","NEA","0.01644","9672.04863"
"AR-H","Chaco","2019","NEA","0.01580","9147.18655"
"AR-H","Chaco","2020","NEA","0.01641","8556.29712"
"AR-H","Chaco","2021","NEA","0.01589","9150.91982"
"AR-H","Chaco","2022","NEA","0.01630","9866.36124"
"AR-H","Chaco","2023","NEA","0.01612","9606.25193"
"AR-U","Chubut","1895","Patagonia","0.00073","12.64159"
"AR-U","Chubut","1914","Patagonia","0.00302","106.52111"
"AR-U","Chubut","1937","Patagonia","0.01198","902.77221"
"AR-U","Chubut","1946","Patagonia","0.01082","1071.02412"
"AR-U","Chubut","1953","Patagonia","0.00989","1190.12008"
"AR-U","Chubut","1965","Patagonia","0.00919","1762.45569"
"AR-U","Chubut","1975","Patagonia","0.01519","4149.26430"
"AR-U","Chubut","1986","Patagonia","0.01681","4956.74711"
"AR-U","Chubut","1993","Patagonia","0.01353","4716.37869"
"AR-U","Chubut","2004","Patagonia","0.02316","9546.84094"
"AR-U","Chubut","2005","Patagonia","0.02214","9965.73522"
"AR-U","Chubut","2006","Patagonia","0.02271","10999.40447"
"AR-U","Chubut","2007","Patagonia","0.02141","11203.24495"
"AR-U","Chubut","2008","Patagonia","0.02087","11325.99594"
"AR-U","Chubut","2009","Patagonia","0.02095","10718.51859"
"AR-U","Chubut","2010","Patagonia","0.02036","11457.59881"
"AR-U","Chubut","2011","Patagonia","0.02009","11920.21044"
"AR-U","Chubut","2012","Patagonia","0.01966","11497.36946"
"AR-U","Chubut","2013","Patagonia","0.01984","11855.44009"
"AR-U","Chubut","2014","Patagonia","0.02073","12167.04083"
"AR-U","Chubut","2015","Patagonia","0.02036","12269.62817"
"AR-U","Chubut","2016","Patagonia","0.02002","11798.80914"
"AR-U","Chubut","2017","Patagonia","0.02006","12125.93710"
"AR-U","Chubut","2018","Patagonia","0.02052","12073.81915"
"AR-U","Chubut","2019","Patagonia","0.02111","12216.79016"
"AR-U","Chubut","2020","Patagonia","0.02103","10964.93071"
"AR-U","Chubut","2021","Patagonia","0.01978","11392.28361"
"AR-U","Chubut","2022","Patagonia","0.01908","11544.86543"
"AR-U","Chubut","2023","Patagonia","0.01896","11292.64554"
"AR-W","Corrientes","1895","NEA","0.03615","628.46212"
"AR-W","Corrientes","1914","NEA","0.02632","927.42055"
"AR-W","Corrientes","1937","NEA","0.01753","1321.38122"
"AR-W","Corrientes","1946","NEA","0.01663","1645.81268"
"AR-W","Corrientes","1953","NEA","0.01379","1658.52874"
"AR-W","Corrientes","1965","NEA","0.01245","2386.34851"
"AR-W","Corrientes","1975","NEA","0.01299","3547.48006"
"AR-W","Corrientes","1986","NEA","0.01076","3173.40260"
"AR-W","Corrientes","1993","NEA","0.01328","4631.55550"
"AR-W","Corrientes","2004","NEA","0.01159","4777.10316"
"AR-W","Corrientes","2005","NEA","0.01204","5418.79521"
"AR-W","Corrientes","2006","NEA","0.01177","5701.32128"
"AR-W","Corrientes","2007","NEA","0.01162","6082.05080"
"AR-W","Corrientes","2008","NEA","0.01168","6338.25489"
"AR-W","Corrientes","2009","NEA","0.01200","6140.48110"
"AR-W","Corrientes","2010","NEA","0.01153","6489.82857"
"AR-W","Corrientes","2011","NEA","0.01200","7120.27598"
"AR-W","Corrientes","2012","NEA","0.01224","7156.20167"
"AR-W","Corrientes","2013","NEA","0.01228","7340.99906"
"AR-W","Corrientes","2014","NEA","0.01255","7367.16699"
"AR-W","Corrientes","2015","NEA","0.01256","7568.68710"
"AR-W","Corrientes","2016","NEA","0.01258","7413.74327"
"AR-W","Corrientes","2017","NEA","0.01285","7769.95661"
"AR-W","Corrientes","2018","NEA","0.01336","7861.25618"
"AR-W","Corrientes","2019","NEA","0.01309","7578.93887"
"AR-W","Corrientes","2020","NEA","0.01327","6917.27289"
"AR-W","Corrientes","2021","NEA","0.01312","7557.40760"
"AR-W","Corrientes","2022","NEA","0.01273","7705.76533"
"AR-W","Corrientes","2023","NEA","0.01321","7868.32684"
"AR-X","Córdoba","1895","Pampeana y AMBA","0.06962","1210.33206"
"AR-X","Córdoba","1914","Pampeana y AMBA","0.08654","3049.69950"
"AR-X","Córdoba","1937","Pampeana y AMBA","0.08930","6729.74068"
"AR-X","Córdoba","1946","Pampeana y AMBA","0.06581","6514.57339"
"AR-X","Córdoba","1953","Pampeana y AMBA","0.06599","7936.86106"
"AR-X","Córdoba","1965","Pampeana y AMBA","0.07829","15006.27098"
"AR-X","Córdoba","1975","Pampeana y AMBA","0.06582","17977.87317"
"AR-X","Córdoba","1986","Pampeana y AMBA","0.07157","21108.46812"
"AR-X","Córdoba","1993","Pampeana y AMBA","0.07947","27708.09879"
"AR-X","Córdoba","2004","Pampeana y AMBA","0.07853","32365.85741"
"AR-X","Córdoba","2005","Pampeana y AMBA","0.08363","37646.15021"
"AR-X","Córdoba","2006","Pampeana y AMBA","0.08255","39981.30146"
"AR-X","Córdoba","2007","Pampeana y AMBA","0.08661","45313.50286"
"AR-X","Córdoba","2008","Pampeana y AMBA","0.08543","46362.13231"
"AR-X","Córdoba","2009","Pampeana y AMBA","0.08235","42126.60408"
"AR-X","Córdoba","2010","Pampeana y AMBA","0.08443","47510.27578"
"AR-X","Córdoba","2011","Pampeana y AMBA","0.08368","49640.75541"
"AR-X","Córdoba","2012","Pampeana y AMBA","0.08098","47356.02811"
"AR-X","Córdoba","2013","Pampeana y AMBA","0.08514","50887.61618"
"AR-X","Córdoba","2014","Pampeana y AMBA","0.08557","50214.05266"
"AR-X","Córdoba","2015","Pampeana y AMBA","0.08662","52202.43246"
"AR-X","Córdoba","2016","Pampeana y AMBA","0.08719","51381.02054"
"AR-X","Córdoba","2017","Pampeana y AMBA","0.08677","52454.12947"
"AR-X","Córdoba","2018","Pampeana y AMBA","0.08330","49000.60229"
"AR-X","Córdoba","2019","Pampeana y AMBA","0.08666","50159.29851"
"AR-X","Córdoba","2020","Pampeana y AMBA","0.08558","44623.41279"
"AR-X","Córdoba","2021","Pampeana y AMBA","0.08688","50042.17702"
"AR-X","Córdoba","2022","Pampeana y AMBA","0.08529","51617.31157"
"AR-X","Córdoba","2023","Pampeana y AMBA","0.08039","47892.30709"
"AR-E","Entre Ríos","1895","Pampeana y AMBA","0.07001","1217.19154"
"AR-E","Entre Ríos","1914","Pampeana y AMBA","0.04443","1565.71513"
"AR-E","Entre Ríos","1937","Pampeana y AMBA","0.03281","2472.27136"
"AR-E","Entre Ríos","1946","Pampeana y AMBA","0.02911","2881.74976"
"AR-E","Entre Ríos","1953","Pampeana y AMBA","0.03009","3618.64365"
"AR-E","Entre Ríos","1965","Pampeana y AMBA","0.02316","4439.29454"
"AR-E","Entre Ríos","1975","Pampeana y AMBA","0.02432","6641.41035"
"AR-E","Entre Ríos","1986","Pampeana y AMBA","0.01738","5125.84094"
"AR-E","Entre Ríos","1993","Pampeana y AMBA","0.02265","7896.07383"
"AR-E","Entre Ríos","2004","Pampeana y AMBA","0.02532","10433.91389"
"AR-E","Entre Ríos","2005","Pampeana y AMBA","0.02600","11702.55493"
"AR-E","Entre Ríos","2006","Pampeana y AMBA","0.02572","12454.63235"
"AR-E","Entre Ríos","2007","Pampeana y AMBA","0.02630","13762.56224"
"AR-E","Entre Ríos","2008","Pampeana y AMBA","0.02598","14098.56780"
"AR-E","Entre Ríos","2009","Pampeana y AMBA","0.02543","13007.23472"
"AR-E","Entre Ríos","2010","Pampeana y AMBA","0.02656","14942.72964"
"AR-E","Entre Ríos","2011","Pampeana y AMBA","0.02636","15639.21995"
"AR-E","Entre Ríos","2012","Pampeana y AMBA","0.02664","15577.67133"
"AR-E","Entre Ríos","2013","Pampeana y AMBA","0.02693","16092.82088"
"AR-E","Entre Ríos","2014","Pampeana y AMBA","0.02703","15862.12016"
"AR-E","Entre Ríos","2015","Pampeana y AMBA","0.02725","16422.06225"
"AR-E","Entre Ríos","2016","Pampeana y AMBA","0.02656","15653.69330"
"AR-E","Entre Ríos","2017","Pampeana y AMBA","0.02719","16435.78803"
"AR-E","Entre Ríos","2018","Pampeana y AMBA","0.02684","15785.99497"
"AR-E","Entre Ríos","2019","Pampeana y AMBA","0.02770","16031.45610"
"AR-E","Entre Ríos","2020","Pampeana y AMBA","0.02866","14945.62228"
"AR-E","Entre Ríos","2021","Pampeana y AMBA","0.02769","15947.94813"
"AR-E","Entre Ríos","2022","Pampeana y AMBA","0.02783","16840.81750"
"AR-E","Entre Ríos","2023","Pampeana y AMBA","0.02708","16133.86054"
"AR-P","Formosa","1895","NEA","0.00162","28.08230"
"AR-P","Formosa","1914","NEA","0.00238","83.77188"
"AR-P","Formosa","1937","NEA","0.00497","374.34851"
"AR-P","Formosa","1946","NEA","0.00475","469.73890"
"AR-P","Formosa","1953","NEA","0.00507","610.38376"
"AR-P","Formosa","1965","NEA","0.00379","726.67717"
"AR-P","Formosa","1975","NEA","0.00583","1590.92585"
"AR-P","Formosa","1986","NEA","0.00325","957.48081"
"AR-P","Formosa","1993","NEA","0.00636","2218.98959"
"AR-P","Formosa","2004","NEA","0.00549","2263.40847"
"AR-P","Formosa","2005","NEA","0.00568","2557.01038"
"AR-P","Formosa","2006","NEA","0.00564","2733.81651"
"AR-P","Formosa","2007","NEA","0.00566","2959.86686"
"AR-P","Formosa","2008","NEA","0.00543","2946.20296"
"AR-P","Formosa","2009","NEA","0.00575","2943.61768"
"AR-P","Formosa","2010","NEA","0.00550","3096.91270"
"AR-P","Formosa","2011","NEA","0.00568","3368.90592"
"AR-P","Formosa","2012","NEA","0.00577","3371.47900"
"AR-P","Formosa","2013","NEA","0.00578","3455.85720"
"AR-P","Formosa","2014","NEA","0.00582","3413.80015"
"AR-P","Formosa","2015","NEA","0.00600","3616.80673"
"AR-P","Formosa","2016","NEA","0.00611","3602.64240"
"AR-P","Formosa","2017","NEA","0.00611","3694.74799"
"AR-P","Formosa","2018","NEA","0.00625","3675.23797"
"AR-P","Formosa","2019","NEA","0.00598","3463.43944"
"AR-P","Formosa","2020","NEA","0.00616","3211.23966"
"AR-P","Formosa","2021","NEA","0.00624","3594.98704"
"AR-P","Formosa","2022","NEA","0.00641","3880.46032"
"AR-P","Formosa","2023","NEA","0.00637","3796.36074"
"AR-Y","Jujuy","1895","NOA","0.00813","141.32602"
"AR-Y","Jujuy","1914","NOA","0.00922","324.77667"
"AR-Y","Jujuy","1937","NOA","0.00667","502.63044"
"AR-Y","Jujuy","1946","NOA","0.00730","722.17575"
"AR-Y","Jujuy","1953","NOA","0.00879","1056.75223"
"AR-Y","Jujuy","1965","NOA","0.00680","1302.69699"
"AR-Y","Jujuy","1975","NOA","0.01100","3003.85859"
"AR-Y","Jujuy","1986","NOA","0.00732","2158.97632"
"AR-Y","Jujuy","1993","NOA","0.00920","3207.83831"
"AR-Y","Jujuy","2004","NOA","0.00887","3654.78649"
"AR-Y","Jujuy","2005","NOA","0.00856","3854.75236"
"AR-Y","Jujuy","2006","NOA","0.00846","4095.18809"
"AR-Y","Jujuy","2007","NOA","0.00846","4428.65266"
"AR-Y","Jujuy","2008","NOA","0.00854","4636.75197"
"AR-Y","Jujuy","2009","NOA","0.00895","4578.59374"
"AR-Y","Jujuy","2010","NOA","0.00899","5056.44939"
"AR-Y","Jujuy","2011","NOA","0.00896","5312.88093"
"AR-Y","Jujuy","2012","NOA","0.00930","5440.96873"
"AR-Y","Jujuy","2013","NOA","0.00914","5461.99011"
"AR-Y","Jujuy","2014","NOA","0.00938","5507.38171"
"AR-Y","Jujuy","2015","NOA","0.00957","5765.10691"
"AR-Y","Jujuy","2016","NOA","0.00943","5554.71010"
"AR-Y","Jujuy","2017","NOA","0.00947","5722.25899"
"AR-Y","Jujuy","2018","NOA","0.00962","5656.35622"
"AR-Y","Jujuy","2019","NOA","0.00990","5731.21069"
"AR-Y","Jujuy","2020","NOA","0.01021","5324.04597"
"AR-Y","Jujuy","2021","NOA","0.01041","5996.41133"
"AR-Y","Jujuy","2022","NOA","0.01091","6600.85236"
"AR-Y","Jujuy","2023","NOA","0.01147","6832.04884"
"AR-L","La Pampa","1895","Pampeana y AMBA","0.00665","115.54897"
"AR-L","La Pampa","1914","Pampeana y AMBA","0.01588","559.56552"
"AR-L","La Pampa","1937","Pampeana y AMBA","0.01322","996.58047"
"AR-L","La Pampa","1946","Pampeana y AMBA","0.01078","1066.81252"
"AR-L","La Pampa","1953","Pampeana y AMBA","0.01005","1208.68408"
"AR-L","La Pampa","1965","Pampeana y AMBA","0.01029","1973.01002"
"AR-L","La Pampa","1975","Pampeana y AMBA","0.00634","1731.77519"
"AR-L","La Pampa","1986","Pampeana y AMBA","0.01092","3220.55063"
"AR-L","La Pampa","1993","Pampeana y AMBA","0.00898","3131.88828"
"AR-L","La Pampa","2004","Pampeana y AMBA","0.00928","3826.12818"
"AR-L","La Pampa","2005","Pampeana y AMBA","0.01023","4607.33584"
"AR-L","La Pampa","2006","Pampeana y AMBA","0.00953","4615.95390"
"AR-L","La Pampa","2007","Pampeana y AMBA","0.00988","5170.19400"
"AR-L","La Pampa","2008","Pampeana y AMBA","0.01028","5578.67973"
"AR-L","La Pampa","2009","Pampeana y AMBA","0.01010","5164.53701"
"AR-L","La Pampa","2010","Pampeana y AMBA","0.00980","5514.96058"
"AR-L","La Pampa","2011","Pampeana y AMBA","0.00994","5896.91550"
"AR-L","La Pampa","2012","Pampeana y AMBA","0.01009","5900.32283"
"AR-L","La Pampa","2013","Pampeana y AMBA","0.00996","5955.27362"
"AR-L","La Pampa","2014","Pampeana y AMBA","0.00967","5675.19045"
"AR-L","La Pampa","2015","Pampeana y AMBA","0.00993","5982.80443"
"AR-L","La Pampa","2016","Pampeana y AMBA","0.01050","6190.16840"
"AR-L","La Pampa","2017","Pampeana y AMBA","0.00994","6008.98602"
"AR-L","La Pampa","2018","Pampeana y AMBA","0.01004","5907.97462"
"AR-L","La Pampa","2019","Pampeana y AMBA","0.01045","6048.17603"
"AR-L","La Pampa","2020","Pampeana y AMBA","0.01042","5434.24529"
"AR-L","La Pampa","2021","Pampeana y AMBA","0.01019","5867.06870"
"AR-L","La Pampa","2022","Pampeana y AMBA","0.01062","6427.55033"
"AR-L","La Pampa","2023","Pampeana y AMBA","0.01028","6122.83651"
"AR-F","La Rioja","1895","NOA","0.00844","146.64647"
"AR-F","La Rioja","1914","NOA","0.00783","275.89734"
"AR-F","La Rioja","1937","NOA","0.00285","215.14053"
"AR-F","La Rioja","1946","NOA","0.00317","313.59223"
"AR-F","La Rioja","1953","NOA","0.00296","356.04373"
"AR-F","La Rioja","1965","NOA","0.00223","426.90669"
"AR-F","La Rioja","1975","NOA","0.00401","1096.17518"
"AR-F","La Rioja","1986","NOA","0.00540","1593.74630"
"AR-F","La Rioja","1993","NOA","0.00560","1951.72809"
"AR-F","La Rioja","2004","NOA","0.00612","2520.35051"
"AR-F","La Rioja","2005","NOA","0.00604","2718.37520"
"AR-F","La Rioja","2006","NOA","0.00589","2851.10114"
"AR-F","La Rioja","2007","NOA","0.00598","3127.93441"
"AR-F","La Rioja","2008","NOA","0.00568","3082.22835"
"AR-F","La Rioja","2009","NOA","0.00581","2970.52021"
"AR-F","La Rioja","2010","NOA","0.00583","3280.83257"
"AR-F","La Rioja","2011","NOA","0.00583","3458.64013"
"AR-F","La Rioja","2012","NOA","0.00570","3331.50859"
"AR-F","La Rioja","2013","NOA","0.00584","3487.61567"
"AR-F","La Rioja","2014","NOA","0.00573","3364.37644"
"AR-F","La Rioja","2015","NOA","0.00571","3439.16634"
"AR-F","La Rioja","2016","NOA","0.00575","3389.21485"
"AR-F","La Rioja","2017","NOA","0.00579","3499.09438"
"AR-F","La Rioja","2018","NOA","0.00574","3374.54258"
"AR-F","La Rioja","2019","NOA","0.00569","3290.80729"
"AR-F","La Rioja","2020","NOA","0.00557","2906.70028"
"AR-F","La Rioja","2021","NOA","0.00558","3212.70152"
"AR-F","La Rioja","2022","NOA","0.00574","3474.28500"
"AR-F","La Rioja","2023","NOA","0.00580","3455.50286"
"AR-M","Mendoza","1895","Cuyo","0.03520","611.96645"
"AR-M","Mendoza","1914","Cuyo","0.02965","1044.97035"
"AR-M","Mendoza","1937","Cuyo","0.02468","1859.81115"
"AR-M","Mendoza","1946","Cuyo","0.03687","3649.70244"
"AR-M","Mendoza","1953","Cuyo","0.03924","4719.51734"
"AR-M","Mendoza","1965","Cuyo","0.03885","7447.88551"
"AR-M","Mendoza","1975","Cuyo","0.04486","12251.79990"
"AR-M","Mendoza","1986","Cuyo","0.02676","7891.75320"
"AR-M","Mendoza","1993","Cuyo","0.03940","13738.16110"
"AR-M","Mendoza","2004","Cuyo","0.03954","16294.44500"
"AR-M","Mendoza","2005","Cuyo","0.03750","16879.17681"
"AR-M","Mendoza","2006","Cuyo","0.03827","18534.74032"
"AR-M","Mendoza","2007","Cuyo","0.03769","19720.40391"
"AR-M","Mendoza","2008","Cuyo","0.03769","20453.00115"
"AR-M","Mendoza","2009","Cuyo","0.03767","19270.77310"
"AR-M","Mendoza","2010","Cuyo","0.03578","20134.09121"
"AR-M","Mendoza","2011","Cuyo","0.03586","21275.28219"
"AR-M","Mendoza","2012","Cuyo","0.03665","21433.73714"
"AR-M","Mendoza","2013","Cuyo","0.03609","21570.80424"
"AR-M","Mendoza","2014","Cuyo","0.03583","21024.73075"
"AR-M","Mendoza","2015","Cuyo","0.03613","21772.88357"
"AR-M","Mendoza","2016","Cuyo","0.03517","20724.67863"
"AR-M","Mendoza","2017","Cuyo","0.03469","20972.77504"
"AR-M","Mendoza","2018","Cuyo","0.03565","20971.26996"
"AR-M","Mendoza","2019","Cuyo","0.03572","20673.89843"
"AR-M","Mendoza","2020","Cuyo","0.03429","17878.81394"
"AR-M","Mendoza","2021","Cuyo","0.03313","19083.22153"
"AR-M","Mendoza","2022","Cuyo","0.03263","19749.18888"
"AR-M","Mendoza","2023","Cuyo","0.03293","19617.11122"
"AR-N","Misiones","1895","NEA","0.00669","116.32109"
"AR-N","Misiones","1914","NEA","0.00315","110.90060"
"AR-N","Misiones","1937","NEA","0.00640","481.93132"
"AR-N","Misiones","1946","NEA","0.00953","943.15328"
"AR-N","Misiones","1953","NEA","0.00860","1033.84637"
"AR-N","Misiones","1965","NEA","0.00841","1612.50288"
"AR-N","Misiones","1975","NEA","0.01571","4290.26854"
"AR-N","Misiones","1986","NEA","0.01408","4151.93609"
"AR-N","Misiones","1993","NEA","0.01414","4929.17298"
"AR-N","Misiones","2004","NEA","0.01307","5385.67090"
"AR-N","Misiones","2005","NEA","0.01276","5744.00582"
"AR-N","Misiones","2006","NEA","0.01253","6067.00841"
"AR-N","Misiones","2007","NEA","0.01214","6351.36544"
"AR-N","Misiones","2008","NEA","0.01160","6295.85788"
"AR-N","Misiones","2009","NEA","0.01168","5977.04180"
"AR-N","Misiones","2010","NEA","0.01148","6459.00421"
"AR-N","Misiones","2011","NEA","0.01160","6879.94475"
"AR-N","Misiones","2012","NEA","0.01190","6960.39410"
"AR-N","Misiones","2013","NEA","0.01215","7262.95609"
"AR-N","Misiones","2014","NEA","0.01249","7326.81037"
"AR-N","Misiones","2015","NEA","0.01251","7540.40452"
"AR-N","Misiones","2016","NEA","0.01248","7356.69336"
"AR-N","Misiones","2017","NEA","0.01246","7534.87876"
"AR-N","Misiones","2018","NEA","0.01262","7423.19954"
"AR-N","Misiones","2019","NEA","0.01251","7243.15488"
"AR-N","Misiones","2020","NEA","0.01327","6921.47917"
"AR-N","Misiones","2021","NEA","0.01351","7781.66092"
"AR-N","Misiones","2022","NEA","0.01329","8045.46512"
"AR-N","Misiones","2023","NEA","0.01328","7912.89641"
"AR-Q","Neuquén","1895","Patagonia","0.00146","25.39387"
"AR-Q","Neuquén","1914","Patagonia","0.00272","95.91983"
"AR-Q","Neuquén","1937","Patagonia","0.00377","283.84432"
"AR-Q","Neuquén","1946","Patagonia","0.00408","403.39257"
"AR-Q","Neuquén","1953","Patagonia","0.00366","440.38508"
"AR-Q","Neuquén","1965","Patagonia","0.00388","744.27706"
"AR-Q","Neuquén","1975","Patagonia","0.01108","3025.66947"
"AR-Q","Neuquén","1986","Patagonia","0.01027","3030.36078"
"AR-Q","Neuquén","1993","Patagonia","0.01777","6194.57638"
"AR-Q","Neuquén","2004","Patagonia","0.03245","13372.49943"
"AR-Q","Neuquén","2005","Patagonia","0.02931","13195.53666"
"AR-Q","Neuquén","2006","Patagonia","0.02814","13627.67329"
"AR-Q","Neuquén","2007","Patagonia","0.02666","13948.42233"
"AR-Q","Neuquén","2008","Patagonia","0.02583","14017.21107"
"AR-Q","Neuquén","2009","Patagonia","0.02605","13328.12656"
"AR-Q","Neuquén","2010","Patagonia","0.02376","13369.56624"
"AR-Q","Neuquén","2011","Patagonia","0.02254","13371.85245"
"AR-Q","Neuquén","2012","Patagonia","0.02195","12835.65572"
"AR-Q","Neuquén","2013","Patagonia","0.02144","12814.84721"
"AR-Q","Neuquén","2014","Patagonia","0.02262","13271.45174"
"AR-Q","Neuquén","2015","Patagonia","0.02318","13970.79876"
"AR-Q","Neuquén","2016","Patagonia","0.02328","13716.59111"
"AR-Q","Neuquén","2017","Patagonia","0.02254","13625.86521"
"AR-Q","Neuquén","2018","Patagonia","0.02456","14449.93386"
"AR-Q","Neuquén","2019","Patagonia","0.02727","15780.52711"
"AR-Q","Neuquén","2020","Patagonia","0.02844","14829.65880"
"AR-Q","Neuquén","2021","Patagonia","0.03017","17377.60855"
"AR-Q","Neuquén","2022","Patagonia","0.03412","20651.42287"
"AR-Q","Neuquén","2023","Patagonia","0.03868","23045.15142"
"AR-R","Río Negro","1895","Patagonia","0.00190","33.11338"
"AR-R","Río Negro","1914","Patagonia","0.00531","187.08336"
"AR-R","Río Negro","1937","Patagonia","0.00615","463.80541"
"AR-R","Río Negro","1946","Patagonia","0.00784","776.29200"
"AR-R","Río Negro","1953","Patagonia","0.00987","1186.80019"
"AR-R","Río Negro","1965","Patagonia","0.01000","1917.74505"
"AR-R","Río Negro","1975","Patagonia","0.01367","3734.52554"
"AR-R","Río Negro","1986","Patagonia","0.01574","4641.51846"
"AR-R","Río Negro","1993","Patagonia","0.01505","5247.84671"
"AR-R","Río Negro","2004","Patagonia","0.01418","5843.68911"
"AR-R","Río Negro","2005","Patagonia","0.01423","6406.65150"
"AR-R","Río Negro","2006","Patagonia","0.01449","7019.02501"
"AR-R","Río Negro","2007","Patagonia","0.01406","7358.55825"
"AR-R","Río Negro","2008","Patagonia","0.01382","7499.82182"
"AR-R","Río Negro","2009","Patagonia","0.01421","7266.71131"
"AR-R","Río Negro","2010","Patagonia","0.01367","7694.11342"
"AR-R","Río Negro","2011","Patagonia","0.01395","8275.05115"
"AR-R","Río Negro","2012","Patagonia","0.01441","8429.29765"
"AR-R","Río Negro","2013","Patagonia","0.01456","8704.87251"
"AR-R","Río Negro","2014","Patagonia","0.01453","8527.59701"
"AR-R","Río Negro","2015","Patagonia","0.01458","8787.31694"
"AR-R","Río Negro","2016","Patagonia","0.01448","8532.31556"
"AR-R","Río Negro","2017","Patagonia","0.01428","8631.82755"
"AR-R","Río Negro","2018","Patagonia","0.01475","8678.63808"
"AR-R","Río Negro","2019","Patagonia","0.01475","8538.39794"
"AR-R","Río Negro","2020","Patagonia","0.01482","7727.14629"
"AR-R","Río Negro","2021","Patagonia","0.01429","8232.61745"
"AR-R","Río Negro","2022","Patagonia","0.01405","8504.37264"
"AR-R","Río Negro","2023","Patagonia","0.01426","8497.82898"
"AR-A","Salta","1895","NOA","0.01803","313.44504"
"AR-A","Salta","1914","NOA","0.01162","409.58154"
"AR-A","Salta","1937","NOA","0.01131","852.51735"
"AR-A","Salta","1946","NOA","0.01079","1068.45086"
"AR-A","Salta","1953","NOA","0.01151","1384.76760"
"AR-A","Salta","1965","NOA","0.01266","2427.45068"
"AR-A","Salta","1975","NOA","0.01372","3747.67582"
"AR-A","Salta","1986","NOA","0.01518","4477.82390"
"AR-A","Salta","1993","NOA","0.01483","5171.15453"
"AR-A","Salta","2004","NOA","0.01763","7264.36634"
"AR-A","Salta","2005","NOA","0.01734","7804.94905"
"AR-A","Salta","2006","NOA","0.01770","8573.35409"
"AR-A","Salta","2007","NOA","0.01759","9204.38366"
"AR-A","Salta","2008","NOA","0.01767","9590.55993"
"AR-A","Salta","2009","NOA","0.01794","9179.51506"
"AR-A","Salta","2010","NOA","0.01761","9908.62593"
"AR-A","Salta","2011","NOA","0.01762","10451.40683"
"AR-A","Salta","2012","NOA","0.01696","9919.34995"
"AR-A","Salta","2013","NOA","0.01590","9502.62943"
"AR-A","Salta","2014","NOA","0.01708","10020.66380"
"AR-A","Salta","2015","NOA","0.01791","10794.89399"
"AR-A","Salta","2016","NOA","0.01770","10431.20568"
"AR-A","Salta","2017","NOA","0.01790","10819.74634"
"AR-A","Salta","2018","NOA","0.01821","10709.29141"
"AR-A","Salta","2019","NOA","0.01869","10816.21645"
"AR-A","Salta","2020","NOA","0.01901","9911.73606"
"AR-A","Salta","2021","NOA","0.01862","10724.00151"
"AR-A","Salta","2022","NOA","0.01843","11152.57350"
"AR-A","Salta","2023","NOA","0.01949","11613.85117"
"AR-J","San Juan","1895","Cuyo","0.02695","468.55108"
"AR-J","San Juan","1914","Cuyo","0.01029","362.51223"
"AR-J","San Juan","1937","Cuyo","0.00784","591.05149"
"AR-J","San Juan","1946","Cuyo","0.01387","1372.62046"
"AR-J","San Juan","1953","Cuyo","0.01208","1453.06583"
"AR-J","San Juan","1965","Cuyo","0.01244","2384.15594"
"AR-J","San Juan","1975","Cuyo","0.01038","2833.72420"
"AR-J","San Juan","1986","Cuyo","0.00998","2944.50299"
"AR-J","San Juan","1993","Cuyo","0.01154","4023.50989"
"AR-J","San Juan","2004","Cuyo","0.01163","4791.38169"
"AR-J","San Juan","2005","Cuyo","0.01168","5256.17460"
"AR-J","San Juan","2006","Cuyo","0.01214","5878.56414"
"AR-J","San Juan","2007","Cuyo","0.01197","6263.18481"
"AR-J","San Juan","2008","Cuyo","0.01234","6694.73337"
"AR-J","San Juan","2009","Cuyo","0.01322","6762.17027"
"AR-J","San Juan","2010","Cuyo","0.01400","7877.72093"
"AR-J","San Juan","2011","Cuyo","0.01398","8291.94964"
"AR-J","San Juan","2012","Cuyo","0.01430","8364.79515"
"AR-J","San Juan","2013","Cuyo","0.01434","8571.77442"
"AR-J","San Juan","2014","Cuyo","0.01391","8160.63078"
"AR-J","San Juan","2015","Cuyo","0.01309","7890.64586"
"AR-J","San Juan","2016","Cuyo","0.01275","7514.06462"
"AR-J","San Juan","2017","Cuyo","0.01272","7687.30313"
"AR-J","San Juan","2018","Cuyo","0.01288","7573.83207"
"AR-J","San Juan","2019","Cuyo","0.01269","7342.34498"
"AR-J","San Juan","2020","Cuyo","0.01266","6599.16229"
"AR-J","San Juan","2021","Cuyo","0.01278","7362.78452"
"AR-J","San Juan","2022","Cuyo","0.01296","7844.68713"
"AR-J","San Juan","2023","Cuyo","0.01299","7740.46991"
"AR-D","San Luis","1895","Cuyo","0.00977","169.80310"
"AR-D","San Luis","1914","Cuyo","0.01378","485.67115"
"AR-D","San Luis","1937","Cuyo","0.00571","430.56551"
"AR-D","San Luis","1946","Cuyo","0.00489","484.14786"
"AR-D","San Luis","1953","Cuyo","0.00520","625.76062"
"AR-D","San Luis","1965","Cuyo","0.00542","1039.63832"
"AR-D","San Luis","1975","Cuyo","0.00459","1252.56891"
"AR-D","San Luis","1986","Cuyo","0.01104","3256.60821"
"AR-D","San Luis","1993","Cuyo","0.01040","3624.40198"
"AR-D","San Luis","2004","Cuyo","0.01089","4486.51860"
"AR-D","San Luis","2005","Cuyo","0.01063","4784.65167"
"AR-D","San Luis","2006","Cuyo","0.01022","4948.98224"
"AR-D","San Luis","2007","Cuyo","0.01010","5283.48361"
"AR-D","San Luis","2008","Cuyo","0.01008","5472.06658"
"AR-D","San Luis","2009","Cuyo","0.01015","5191.37239"
"AR-D","San Luis","2010","Cuyo","0.00988","5558.16248"
"AR-D","San Luis","2011","Cuyo","0.00995","5904.01021"
"AR-D","San Luis","2012","Cuyo","0.00995","5819.02647"
"AR-D","San Luis","2013","Cuyo","0.01042","6228.93115"
"AR-D","San Luis","2014","Cuyo","0.01037","6085.01611"
"AR-D","San Luis","2015","Cuyo","0.01066","6427.08067"
"AR-D","San Luis","2016","Cuyo","0.01056","6225.77792"
"AR-D","San Luis","2017","Cuyo","0.01044","6310.85027"
"AR-D","San Luis","2018","Cuyo","0.01014","5962.77233"
"AR-D","San Luis","2019","Cuyo","0.01005","5815.62420"
"AR-D","San Luis","2020","Cuyo","0.00973","5071.68028"
"AR-D","San Luis","2021","Cuyo","0.01037","5970.13114"
"AR-D","San Luis","2022","Cuyo","0.01030","6234.93895"
"AR-D","San Luis","2023","Cuyo","0.01020","6074.73655"
"AR-Z","Santa Cruz","1895","Patagonia","0.00053","9.16158"
"AR-Z","Santa Cruz","1914","Patagonia","0.00275","96.89641"
"AR-Z","Santa Cruz","1937","Patagonia","0.00391","294.69906"
"AR-Z","Santa Cruz","1946","Patagonia","0.00454","449.29445"
"AR-Z","Santa Cruz","1953","Patagonia","0.00497","597.39519"
"AR-Z","Santa Cruz","1965","Patagonia","0.00943","1808.51546"
"AR-Z","Santa Cruz","1975","Patagonia","0.00686","1874.25330"
"AR-Z","Santa Cruz","1986","Patagonia","0.00784","2311.52870"
"AR-Z","Santa Cruz","1993","Patagonia","0.01003","3496.91926"
"AR-Z","Santa Cruz","2004","Patagonia","0.01802","7427.58479"
"AR-Z","Santa Cruz","2005","Patagonia","0.01685","7584.31812"
"AR-Z","Santa Cruz","2006","Patagonia","0.01703","8245.58178"
"AR-Z","Santa Cruz","2007","Patagonia","0.01577","8248.96001"
"AR-Z","Santa Cruz","2008","Patagonia","0.01520","8251.80411"
"AR-Z","Santa Cruz","2009","Patagonia","0.01649","8433.21645"
"AR-Z","Santa Cruz","2010","Patagonia","0.01532","8619.34365"
"AR-Z","Santa Cruz","2011","Patagonia","0.01450","8599.20757"
"AR-Z","Santa Cruz","2012","Patagonia","0.01576","9216.29961"
"AR-Z","Santa Cruz","2013","Patagonia","0.01559","9318.38989"
"AR-Z","Santa Cruz","2014","Patagonia","0.01608","9435.88056"
"AR-Z","Santa Cruz","2015","Patagonia","0.01711","10311.90367"
"AR-Z","Santa Cruz","2016","Patagonia","0.01618","9534.39618"
"AR-Z","Santa Cruz","2017","Patagonia","0.01541","9315.96165"
"AR-Z","Santa Cruz","2018","Patagonia","0.01562","9190.08080"
"AR-Z","Santa Cruz","2019","Patagonia","0.01554","8994.25107"
"AR-Z","Santa Cruz","2020","Patagonia","0.01493","7784.12494"
"AR-Z","Santa Cruz","2021","Patagonia","0.01437","8274.13049"
"AR-Z","Santa Cruz","2022","Patagonia","0.01389","8406.63453"
"AR-Z","Santa Cruz","2023","Patagonia","0.01412","8409.22727"
"AR-S","Santa Fe","1895","Pampeana y AMBA","0.13485","2344.46235"
"AR-S","Santa Fe","1914","Pampeana y AMBA","0.12249","4316.41781"
"AR-S","Santa Fe","1937","Pampeana y AMBA","0.11393","8585.78292"
"AR-S","Santa Fe","1946","Pampeana y AMBA","0.09242","9147.85418"
"AR-S","Santa Fe","1953","Pampeana y AMBA","0.08799","10583.27411"
"AR-S","Santa Fe","1965","Pampeana y AMBA","0.08894","17049.25678"
"AR-S","Santa Fe","1975","Pampeana y AMBA","0.08213","22431.03756"
"AR-S","Santa Fe","1986","Pampeana y AMBA","0.07930","23388.16407"
"AR-S","Santa Fe","1993","Pampeana y AMBA","0.07568","26385.78081"
"AR-S","Santa Fe","2004","Pampeana y AMBA","0.08477","34938.59990"
"AR-S","Santa Fe","2005","Pampeana y AMBA","0.08589","38666.08652"
"AR-S","Santa Fe","2006","Pampeana y AMBA","0.08385","40611.59504"
"AR-S","Santa Fe","2007","Pampeana y AMBA","0.08311","43483.68354"
"AR-S","Santa Fe","2008","Pampeana y AMBA","0.08240","44717.87809"
"AR-S","Santa Fe","2009","Pampeana y AMBA","0.07823","40018.58860"
"AR-S","Santa Fe","2010","Pampeana y AMBA","0.08229","46302.52598"
"AR-S","Santa Fe","2011","Pampeana y AMBA","0.08027","47618.04652"
"AR-S","Santa Fe","2012","Pampeana y AMBA","0.07851","45913.25155"
"AR-S","Santa Fe","2013","Pampeana y AMBA","0.08018","47923.84431"
"AR-S","Santa Fe","2014","Pampeana y AMBA","0.07884","46266.56440"
"AR-S","Santa Fe","2015","Pampeana y AMBA","0.07828","47172.40828"
"AR-S","Santa Fe","2016","Pampeana y AMBA","0.07577","44649.22149"
"AR-S","Santa Fe","2017","Pampeana y AMBA","0.07817","47253.46779"
"AR-S","Santa Fe","2018","Pampeana y AMBA","0.07671","45126.70204"
"AR-S","Santa Fe","2019","Pampeana y AMBA","0.07881","45613.28896"
"AR-S","Santa Fe","2020","Pampeana y AMBA","0.08068","42071.14749"
"AR-S","Santa Fe","2021","Pampeana y AMBA","0.08228","47392.06840"
"AR-S","Santa Fe","2022","Pampeana y AMBA","0.07972","48243.69401"
"AR-S","Santa Fe","2023","Pampeana y AMBA","0.07797","46447.58585"
"AR-G","Santiago del Estero","1895","NOA","0.01843","320.34618"
"AR-G","Santiago del Estero","1914","NOA","0.01537","541.70309"
"AR-G","Santiago del Estero","1937","NOA","0.01096","825.78714"
"AR-G","Santiago del Estero","1946","NOA","0.01148","1136.41588"
"AR-G","Santiago del Estero","1953","NOA","0.01171","1408.25493"
"AR-G","Santiago del Estero","1965","NOA","0.00744","1425.18825"
"AR-G","Santiago del Estero","1975","NOA","0.01095","2989.55137"
"AR-G","Santiago del Estero","1986","NOA","0.00646","1905.06475"
"AR-G","Santiago del Estero","1993","NOA","0.00977","3404.82122"
"AR-G","Santiago del Estero","2004","NOA","0.01253","5165.68941"
"AR-G","Santiago del Estero","2005","NOA","0.01156","5201.63404"
"AR-G","Santiago del Estero","2006","NOA","0.01323","6406.16319"
"AR-G","Santiago del Estero","2007","NOA","0.01369","7162.09847"
"AR-G","Santiago del Estero","2008","NOA","0.01374","7454.66972"
"AR-G","Santiago del Estero","2009","NOA","0.01246","6372.61920"
"AR-G","Santiago del Estero","2010","NOA","0.01490","8384.79266"
"AR-G","Santiago del Estero","2011","NOA","0.01498","8883.76643"
"AR-G","Santiago del Estero","2012","NOA","0.01398","8174.47722"
"AR-G","Santiago del Estero","2013","NOA","0.01536","9182.84877"
"AR-G","Santiago del Estero","2014","NOA","0.01811","10629.10073"
"AR-G","Santiago del Estero","2015","NOA","0.01735","10455.52067"
"AR-G","Santiago del Estero","2016","NOA","0.01824","10749.13446"
"AR-G","Santiago del Estero","2017","NOA","0.01884","11389.75445"
"AR-G","Santiago del Estero","2018","NOA","0.01707","10042.62728"
"AR-G","Santiago del Estero","2019","NOA","0.01824","10559.35390"
"AR-G","Santiago del Estero","2020","NOA","0.01826","9523.96354"
"AR-G","Santiago del Estero","2021","NOA","0.01780","10254.31506"
"AR-G","Santiago del Estero","2022","NOA","0.01818","11004.81509"
"AR-G","Santiago del Estero","2023","NOA","0.01595","9499.45134"
"AR-V","Tierra del Fuego","1895","Patagonia","0.00020","3.51174"
"AR-V","Tierra del Fuego","1914","Patagonia","0.00061","21.42782"
"AR-V","Tierra del Fuego","1937","Patagonia","0.00081","61.06038"
"AR-V","Tierra del Fuego","1946","Patagonia","0.00081","80.10231"
"AR-V","Tierra del Fuego","1953","Patagonia","0.00101","121.80254"
"AR-V","Tierra del Fuego","1965","Patagonia","0.00122","233.67160"
"AR-V","Tierra del Fuego","1975","Patagonia","0.00212","580.26543"
"AR-V","Tierra del Fuego","1986","Patagonia","0.00761","2245.02565"
"AR-V","Tierra del Fuego","1993","Patagonia","0.00668","2328.08273"
"AR-V","Tierra del Fuego","2004","Patagonia","0.00808","3329.92129"
"AR-V","Tierra del Fuego","2005","Patagonia","0.00805","3625.85569"
"AR-V","Tierra del Fuego","2006","Patagonia","0.00847","4100.32468"
"AR-V","Tierra del Fuego","2007","Patagonia","0.00814","4258.15779"
"AR-V","Tierra del Fuego","2008","Patagonia","0.00783","4250.45277"
"AR-V","Tierra del Fuego","2009","Patagonia","0.00748","3828.91886"
"AR-V","Tierra del Fuego","2010","Patagonia","0.00855","4809.21183"
"AR-V","Tierra del Fuego","2011","Patagonia","0.01006","5964.93214"
"AR-V","Tierra del Fuego","2012","Patagonia","0.01098","6423.73699"
"AR-V","Tierra del Fuego","2013","Patagonia","0.01076","6429.33917"
"AR-V","Tierra del Fuego","2014","Patagonia","0.00975","5718.74591"
"AR-V","Tierra del Fuego","2015","Patagonia","0.00981","5911.45194"
"AR-V","Tierra del Fuego","2016","Patagonia","0.00956","5631.51542"
"AR-V","Tierra del Fuego","2017","Patagonia","0.00937","5665.80012"
"AR-V","Tierra del Fuego","2018","Patagonia","0.00954","5612.70837"
"AR-V","Tierra del Fuego","2019","Patagonia","0.00878","5082.53404"
"AR-V","Tierra del Fuego","2020","Patagonia","0.00911","4749.31769"
"AR-V","Tierra del Fuego","2021","Patagonia","0.00946","5446.25507"
"AR-V","Tierra del Fuego","2022","Patagonia","0.00966","5848.99252"
"AR-V","Tierra del Fuego","2023","Patagonia","0.00936","5577.54335"
"AR-T","Tucumán","1895","NOA","0.06816","1184.98464"
"AR-T","Tucumán","1914","NOA","0.03103","1093.53493"
"AR-T","Tucumán","1937","NOA","0.02427","1829.02651"
"AR-T","Tucumán","1946","NOA","0.02248","2225.09956"
"AR-T","Tucumán","1953","NOA","0.02582","3105.92045"
"AR-T","Tucumán","1965","NOA","0.01519","2911.46916"
"AR-T","Tucumán","1975","NOA","0.03025","8262.75542"
"AR-T","Tucumán","1986","NOA","0.01829","5395.19762"
"AR-T","Tucumán","1993","NOA","0.02062","7188.56486"
"AR-T","Tucumán","2004","NOA","0.01800","7416.99310"
"AR-T","Tucumán","2005","NOA","0.01821","8198.92817"
"AR-T","Tucumán","2006","NOA","0.01876","9085.14036"
"AR-T","Tucumán","2007","NOA","0.01866","9762.86861"
"AR-T","Tucumán","2008","NOA","0.01895","10285.59059"
"AR-T","Tucumán","2009","NOA","0.01923","9836.83136"
"AR-T","Tucumán","2010","NOA","0.01860","10464.52343"
"AR-T","Tucumán","2011","NOA","0.01914","11355.54217"
"AR-T","Tucumán","2012","NOA","0.01923","11245.13232"
"AR-T","Tucumán","2013","NOA","0.01873","11193.52360"
"AR-T","Tucumán","2014","NOA","0.01867","10953.22786"
"AR-T","Tucumán","2015","NOA","0.01869","11262.96475"
"AR-T","Tucumán","2016","NOA","0.01942","11443.95375"
"AR-T","Tucumán","2017","NOA","0.01955","11819.37810"
"AR-T","Tucumán","2018","NOA","0.02030","11939.29133"
"AR-T","Tucumán","2019","NOA","0.02080","12039.89508"
"AR-T","Tucumán","2020","NOA","0.02081","10853.01990"
"AR-T","Tucumán","2021","NOA","0.02054","11828.71798"
"AR-T","Tucumán","2022","NOA","0.01974","11946.74084"
"AR-T","Tucumán","2023","NOA","0.01951","11621.81395"
