"geocodigoFundar","geonombreFundar","region_pbg","anio","pib_pc_relativo"
"AR-B","Buenos Aires","Pampeana y AMBA","1895","102.68176"
"AR-B","Buenos Aires","Pampeana y AMBA","1914","107.94688"
"AR-B","Buenos Aires","Pampeana y AMBA","1937","98.53907"
"AR-B","Buenos Aires","Pampeana y AMBA","1946","101.31722"
"AR-B","Buenos Aires","Pampeana y AMBA","1953","102.06829"
"AR-B","Buenos Aires","Pampeana y AMBA","1965","102.83629"
"AR-B","Buenos Aires","Pampeana y AMBA","1975","81.92125"
"AR-B","Buenos Aires","Pampeana y AMBA","1986","98.53371"
"AR-B","Buenos Aires","Pampeana y AMBA","1993","86.88807"
"AR-B","Buenos Aires","Pampeana y AMBA","2004","83.60636"
"AR-B","Buenos Aires","Pampeana y AMBA","2005","83.62648"
"AR-B","Buenos Aires","Pampeana y AMBA","2006","83.25205"
"AR-B","Buenos Aires","Pampeana y AMBA","2007","82.49825"
"AR-B","Buenos Aires","Pampeana y AMBA","2008","83.22491"
"AR-B","Buenos Aires","Pampeana y AMBA","2009","82.61984"
"AR-B","Buenos Aires","Pampeana y AMBA","2010","84.03100"
"AR-B","Buenos Aires","Pampeana y AMBA","2011","84.63718"
"AR-B","Buenos Aires","Pampeana y AMBA","2012","85.38762"
"AR-B","Buenos Aires","Pampeana y AMBA","2013","85.10173"
"AR-B","Buenos Aires","Pampeana y AMBA","2014","83.61463"
"AR-B","Buenos Aires","Pampeana y AMBA","2015","83.96023"
"AR-B","Buenos Aires","Pampeana y AMBA","2016","84.03439"
"AR-B","Buenos Aires","Pampeana y AMBA","2017","83.99058"
"AR-B","Buenos Aires","Pampeana y AMBA","2018","83.51666"
"AR-B","Buenos Aires","Pampeana y AMBA","2019","82.74010"
"AR-B","Buenos Aires","Pampeana y AMBA","2020","83.27722"
"AR-B","Buenos Aires","Pampeana y AMBA","2021","83.82732"
"AR-B","Buenos Aires","Pampeana y AMBA","2022","84.07049"
"AR-B","Buenos Aires","Pampeana y AMBA","2023","83.81754"
"AR-C","CABA","Pampeana y AMBA","1895","133.60866"
"AR-C","CABA","Pampeana y AMBA","1914","130.81385"
"AR-C","CABA","Pampeana y AMBA","1937","166.38809"
"AR-C","CABA","Pampeana y AMBA","1946","181.07076"
"AR-C","CABA","Pampeana y AMBA","1953","179.36328"
"AR-C","CABA","Pampeana y AMBA","1965","183.92250"
"AR-C","CABA","Pampeana y AMBA","1975","241.24993"
"AR-C","CABA","Pampeana y AMBA","1986","245.90486"
"AR-C","CABA","Pampeana y AMBA","1993","273.43831"
"AR-C","CABA","Pampeana y AMBA","2004","265.08741"
"AR-C","CABA","Pampeana y AMBA","2005","267.18473"
"AR-C","CABA","Pampeana y AMBA","2006","272.52966"
"AR-C","CABA","Pampeana y AMBA","2007","280.79721"
"AR-C","CABA","Pampeana y AMBA","2008","285.68858"
"AR-C","CABA","Pampeana y AMBA","2009","297.61624"
"AR-C","CABA","Pampeana y AMBA","2010","289.25304"
"AR-C","CABA","Pampeana y AMBA","2011","290.78087"
"AR-C","CABA","Pampeana y AMBA","2012","293.42416"
"AR-C","CABA","Pampeana y AMBA","2013","290.05060"
"AR-C","CABA","Pampeana y AMBA","2014","292.02863"
"AR-C","CABA","Pampeana y AMBA","2015","291.15435"
"AR-C","CABA","Pampeana y AMBA","2016","297.90078"
"AR-C","CABA","Pampeana y AMBA","2017","299.59255"
"AR-C","CABA","Pampeana y AMBA","2018","305.89003"
"AR-C","CABA","Pampeana y AMBA","2019","298.84239"
"AR-C","CABA","Pampeana y AMBA","2020","293.78360"
"AR-C","CABA","Pampeana y AMBA","2021","292.93890"
"AR-C","CABA","Pampeana y AMBA","2022","295.20976"
"AR-C","CABA","Pampeana y AMBA","2023","303.53142"
"AR-K","Catamarca","NOA","1895","43.95947"
"AR-K","Catamarca","NOA","1914","50.15406"
"AR-K","Catamarca","NOA","1937","31.15843"
"AR-K","Catamarca","NOA","1946","41.23337"
"AR-K","Catamarca","NOA","1953","39.72060"
"AR-K","Catamarca","NOA","1965","37.93042"
"AR-K","Catamarca","NOA","1975","59.54635"
"AR-K","Catamarca","NOA","1986","55.36651"
"AR-K","Catamarca","NOA","1993","70.07025"
"AR-K","Catamarca","NOA","2004","102.71428"
"AR-K","Catamarca","NOA","2005","105.73645"
"AR-K","Catamarca","NOA","2006","103.32785"
"AR-K","Catamarca","NOA","2007","98.48064"
"AR-K","Catamarca","NOA","2008","91.09664"
"AR-K","Catamarca","NOA","2009","87.95394"
"AR-K","Catamarca","NOA","2010","81.68376"
"AR-K","Catamarca","NOA","2011","77.07210"
"AR-K","Catamarca","NOA","2012","80.01733"
"AR-K","Catamarca","NOA","2013","74.96695"
"AR-K","Catamarca","NOA","2014","78.74455"
"AR-K","Catamarca","NOA","2015","69.39908"
"AR-K","Catamarca","NOA","2016","71.07729"
"AR-K","Catamarca","NOA","2017","68.27634"
"AR-K","Catamarca","NOA","2018","67.00533"
"AR-K","Catamarca","NOA","2019","61.61914"
"AR-K","Catamarca","NOA","2020","61.66121"
"AR-K","Catamarca","NOA","2021","65.06273"
"AR-K","Catamarca","NOA","2022","68.99180"
"AR-K","Catamarca","NOA","2023","75.22892"
"AR-H","Chaco","NEA","1895","114.95913"
"AR-H","Chaco","NEA","1914","82.16609"
"AR-H","Chaco","NEA","1937","74.50406"
"AR-H","Chaco","NEA","1946","58.19604"
"AR-H","Chaco","NEA","1953","68.45359"
"AR-H","Chaco","NEA","1965","66.24649"
"AR-H","Chaco","NEA","1975","48.31152"
"AR-H","Chaco","NEA","1986","36.68864"
"AR-H","Chaco","NEA","1993","50.70319"
"AR-H","Chaco","NEA","2004","51.01618"
"AR-H","Chaco","NEA","2005","52.22828"
"AR-H","Chaco","NEA","2006","53.26599"
"AR-H","Chaco","NEA","2007","53.77996"
"AR-H","Chaco","NEA","2008","54.79561"
"AR-H","Chaco","NEA","2009","55.41226"
"AR-H","Chaco","NEA","2010","56.78194"
"AR-H","Chaco","NEA","2011","59.52016"
"AR-H","Chaco","NEA","2012","55.00218"
"AR-H","Chaco","NEA","2013","56.45722"
"AR-H","Chaco","NEA","2014","62.05878"
"AR-H","Chaco","NEA","2015","59.73068"
"AR-H","Chaco","NEA","2016","60.33397"
"AR-H","Chaco","NEA","2017","61.11539"
"AR-H","Chaco","NEA","2018","61.97282"
"AR-H","Chaco","NEA","2019","59.55244"
"AR-H","Chaco","NEA","2020","61.81382"
"AR-H","Chaco","NEA","2021","59.83886"
"AR-H","Chaco","NEA","2022","61.39360"
"AR-H","Chaco","NEA","2023","60.71800"
"AR-U","Chubut","Patagonia","1895","76.72631"
"AR-U","Chubut","Patagonia","1914","103.33934"
"AR-U","Chubut","Patagonia","1937","251.96465"
"AR-U","Chubut","Patagonia","1946","189.72520"
"AR-U","Chubut","Patagonia","1953","154.30406"
"AR-U","Chubut","Patagonia","1965","120.72264"
"AR-U","Chubut","Patagonia","1975","173.50531"
"AR-U","Chubut","Patagonia","1986","164.26644"
"AR-U","Chubut","Patagonia","1993","122.86254"
"AR-U","Chubut","Patagonia","2004","196.00543"
"AR-U","Chubut","Patagonia","2005","185.35409"
"AR-U","Chubut","Patagonia","2006","188.15963"
"AR-U","Chubut","Patagonia","2007","175.54570"
"AR-U","Chubut","Patagonia","2008","169.29792"
"AR-U","Chubut","Patagonia","2009","168.20723"
"AR-U","Chubut","Patagonia","2010","161.76240"
"AR-U","Chubut","Patagonia","2011","158.16426"
"AR-U","Chubut","Patagonia","2012","153.37690"
"AR-U","Chubut","Patagonia","2013","153.41664"
"AR-U","Chubut","Patagonia","2014","159.02575"
"AR-U","Chubut","Patagonia","2015","154.90018"
"AR-U","Chubut","Patagonia","2016","151.13669"
"AR-U","Chubut","Patagonia","2017","150.26989"
"AR-U","Chubut","Patagonia","2018","152.61875"
"AR-U","Chubut","Patagonia","2019","155.82811"
"AR-U","Chubut","Patagonia","2020","154.14901"
"AR-U","Chubut","Patagonia","2021","144.00433"
"AR-U","Chubut","Patagonia","2022","137.96196"
"AR-U","Chubut","Patagonia","2023","136.19501"
"AR-W","Corrientes","NEA","1895","59.66258"
"AR-W","Corrientes","NEA","1914","59.79459"
"AR-W","Corrientes","NEA","1937","48.31143"
"AR-W","Corrientes","NEA","1946","49.80648"
"AR-W","Corrientes","NEA","1953","45.87354"
"AR-W","Corrientes","NEA","1965","49.01414"
"AR-W","Corrientes","NEA","1975","54.28435"
"AR-W","Corrientes","NEA","1986","44.68825"
"AR-W","Corrientes","NEA","1993","53.92759"
"AR-W","Corrientes","NEA","2004","46.04746"
"AR-W","Corrientes","NEA","2005","47.88850"
"AR-W","Corrientes","NEA","2006","46.89985"
"AR-W","Corrientes","NEA","2007","46.38079"
"AR-W","Corrientes","NEA","2008","46.66483"
"AR-W","Corrientes","NEA","2009","48.03525"
"AR-W","Corrientes","NEA","2010","46.22405"
"AR-W","Corrientes","NEA","2011","48.16385"
"AR-W","Corrientes","NEA","2012","49.16172"
"AR-W","Corrientes","NEA","2013","49.39908"
"AR-W","Corrientes","NEA","2014","50.54384"
"AR-W","Corrientes","NEA","2015","50.61343"
"AR-W","Corrientes","NEA","2016","50.74680"
"AR-W","Corrientes","NEA","2017","51.89434"
"AR-W","Corrientes","NEA","2018","54.00224"
"AR-W","Corrientes","NEA","2019","52.96472"
"AR-W","Corrientes","NEA","2020","53.70660"
"AR-W","Corrientes","NEA","2021","53.17552"
"AR-W","Corrientes","NEA","2022","51.65744"
"AR-W","Corrientes","NEA","2023","53.64544"
"AR-X","Córdoba","Pampeana y AMBA","1895","78.39059"
"AR-X","Córdoba","Pampeana y AMBA","1914","92.78428"
"AR-X","Córdoba","Pampeana y AMBA","1937","94.42485"
"AR-X","Córdoba","Pampeana y AMBA","1946","69.78015"
"AR-X","Córdoba","Pampeana y AMBA","1953","72.08538"
"AR-X","Córdoba","Pampeana y AMBA","1965","88.93373"
"AR-X","Córdoba","Pampeana y AMBA","1975","75.45577"
"AR-X","Córdoba","Pampeana y AMBA","1986","83.72146"
"AR-X","Córdoba","Pampeana y AMBA","1993","93.61275"
"AR-X","Córdoba","Pampeana y AMBA","2004","93.49995"
"AR-X","Córdoba","Pampeana y AMBA","2005","99.82070"
"AR-X","Córdoba","Pampeana y AMBA","2006","98.78996"
"AR-X","Córdoba","Pampeana y AMBA","2007","103.91160"
"AR-X","Córdoba","Pampeana y AMBA","2008","102.75904"
"AR-X","Córdoba","Pampeana y AMBA","2009","99.32056"
"AR-X","Córdoba","Pampeana y AMBA","2010","102.10235"
"AR-X","Córdoba","Pampeana y AMBA","2011","101.20000"
"AR-X","Córdoba","Pampeana y AMBA","2012","97.93593"
"AR-X","Córdoba","Pampeana y AMBA","2013","102.96784"
"AR-X","Córdoba","Pampeana y AMBA","2014","103.47097"
"AR-X","Córdoba","Pampeana y AMBA","2015","104.72536"
"AR-X","Córdoba","Pampeana y AMBA","2016","105.38289"
"AR-X","Córdoba","Pampeana y AMBA","2017","104.84444"
"AR-X","Córdoba","Pampeana y AMBA","2018","100.60730"
"AR-X","Córdoba","Pampeana y AMBA","2019","104.62827"
"AR-X","Córdoba","Pampeana y AMBA","2020","103.26288"
"AR-X","Córdoba","Pampeana y AMBA","2021","104.78322"
"AR-X","Córdoba","Pampeana y AMBA","2022","102.80578"
"AR-X","Córdoba","Pampeana y AMBA","2023","96.84301"
"AR-E","Entre Ríos","Pampeana y AMBA","1895","94.81787"
"AR-E","Entre Ríos","Pampeana y AMBA","1914","82.36189"
"AR-E","Entre Ríos","Pampeana y AMBA","1937","64.11036"
"AR-E","Entre Ríos","Pampeana y AMBA","1946","58.55631"
"AR-E","Entre Ríos","Pampeana y AMBA","1953","66.55082"
"AR-E","Entre Ríos","Pampeana y AMBA","1965","61.85197"
"AR-E","Entre Ríos","Pampeana y AMBA","1975","72.30159"
"AR-E","Entre Ríos","Pampeana y AMBA","1986","54.56412"
"AR-E","Entre Ríos","Pampeana y AMBA","1993","72.00220"
"AR-E","Entre Ríos","Pampeana y AMBA","2004","80.83273"
"AR-E","Entre Ríos","Pampeana y AMBA","2005","83.23834"
"AR-E","Entre Ríos","Pampeana y AMBA","2006","82.57649"
"AR-E","Entre Ríos","Pampeana y AMBA","2007","84.70951"
"AR-E","Entre Ríos","Pampeana y AMBA","2008","83.89867"
"AR-E","Entre Ríos","Pampeana y AMBA","2009","82.36032"
"AR-E","Entre Ríos","Pampeana y AMBA","2010","86.26912"
"AR-E","Entre Ríos","Pampeana y AMBA","2011","85.73603"
"AR-E","Entre Ríos","Pampeana y AMBA","2012","86.71784"
"AR-E","Entre Ríos","Pampeana y AMBA","2013","87.73958"
"AR-E","Entre Ríos","Pampeana y AMBA","2014","88.15838"
"AR-E","Entre Ríos","Pampeana y AMBA","2015","88.94720"
"AR-E","Entre Ríos","Pampeana y AMBA","2016","86.76808"
"AR-E","Entre Ríos","Pampeana y AMBA","2017","88.87112"
"AR-E","Entre Ríos","Pampeana y AMBA","2018","87.76713"
"AR-E","Entre Ríos","Pampeana y AMBA","2019","90.64205"
"AR-E","Entre Ríos","Pampeana y AMBA","2020","93.83919"
"AR-E","Entre Ríos","Pampeana y AMBA","2021","90.69422"
"AR-E","Entre Ríos","Pampeana y AMBA","2022","91.18755"
"AR-E","Entre Ríos","Pampeana y AMBA","2023","88.78158"
"AR-P","Formosa","NEA","1895","132.28721"
"AR-P","Formosa","NEA","1914","97.21924"
"AR-P","Formosa","NEA","1937","95.44990"
"AR-P","Formosa","NEA","1946","68.40754"
"AR-P","Formosa","NEA","1953","63.75801"
"AR-P","Formosa","NEA","1965","40.04446"
"AR-P","Formosa","NEA","1975","56.50802"
"AR-P","Formosa","NEA","1986","28.34237"
"AR-P","Formosa","NEA","1993","51.28353"
"AR-P","Formosa","NEA","2004","41.30800"
"AR-P","Formosa","NEA","2005","42.60077"
"AR-P","Formosa","NEA","2006","42.21319"
"AR-P","Formosa","NEA","2007","42.18611"
"AR-P","Formosa","NEA","2008","40.36623"
"AR-P","Formosa","NEA","2009","42.66787"
"AR-P","Formosa","NEA","2010","40.69602"
"AR-P","Formosa","NEA","2011","42.05156"
"AR-P","Formosa","NEA","2012","42.75054"
"AR-P","Formosa","NEA","2013","42.93665"
"AR-P","Formosa","NEA","2014","43.25801"
"AR-P","Formosa","NEA","2015","44.68925"
"AR-P","Formosa","NEA","2016","45.58375"
"AR-P","Formosa","NEA","2017","45.63480"
"AR-P","Formosa","NEA","2018","46.71051"
"AR-P","Formosa","NEA","2019","44.80261"
"AR-P","Formosa","NEA","2020","46.17428"
"AR-P","Formosa","NEA","2021","46.86993"
"AR-P","Formosa","NEA","2022","48.22663"
"AR-P","Formosa","NEA","2023","48.01085"
"AR-Y","Jujuy","NOA","1895","64.66876"
"AR-Y","Jujuy","NOA","1914","93.75727"
"AR-Y","Jujuy","NOA","1937","64.42694"
"AR-Y","Jujuy","NOA","1946","69.62640"
"AR-Y","Jujuy","NOA","1953","78.17746"
"AR-Y","Jujuy","NOA","1965","54.30395"
"AR-Y","Jujuy","NOA","1975","79.73835"
"AR-Y","Jujuy","NOA","1986","48.03835"
"AR-Y","Jujuy","NOA","1993","57.78877"
"AR-Y","Jujuy","NOA","2004","53.22852"
"AR-Y","Jujuy","NOA","2005","51.34606"
"AR-Y","Jujuy","NOA","2006","50.65155"
"AR-Y","Jujuy","NOA","2007","50.65513"
"AR-Y","Jujuy","NOA","2008","51.07853"
"AR-Y","Jujuy","NOA","2009","53.46076"
"AR-Y","Jujuy","NOA","2010","53.62492"
"AR-Y","Jujuy","NOA","2011","53.37138"
"AR-Y","Jujuy","NOA","2012","55.36977"
"AR-Y","Jujuy","NOA","2013","54.31156"
"AR-Y","Jujuy","NOA","2014","55.69808"
"AR-Y","Jujuy","NOA","2015","56.69583"
"AR-Y","Jujuy","NOA","2016","55.78559"
"AR-Y","Jujuy","NOA","2017","55.94559"
"AR-Y","Jujuy","NOA","2018","56.75034"
"AR-Y","Jujuy","NOA","2019","58.36512"
"AR-Y","Jujuy","NOA","2020","60.10017"
"AR-Y","Jujuy","NOA","2021","61.20348"
"AR-Y","Jujuy","NOA","2022","64.04067"
"AR-Y","Jujuy","NOA","2023","67.25436"
"AR-L","La Pampa","Pampeana y AMBA","1895","101.43176"
"AR-L","La Pampa","Pampeana y AMBA","1914","123.55550"
"AR-L","La Pampa","Pampeana y AMBA","1937","116.42584"
"AR-L","La Pampa","Pampeana y AMBA","1946","100.39831"
"AR-L","La Pampa","Pampeana y AMBA","1953","107.55259"
"AR-L","La Pampa","Pampeana y AMBA","1965","134.49503"
"AR-L","La Pampa","Pampeana y AMBA","1975","85.52408"
"AR-L","La Pampa","Pampeana y AMBA","1986","141.14734"
"AR-L","La Pampa","Pampeana y AMBA","1993","111.95249"
"AR-L","La Pampa","Pampeana y AMBA","2004","113.71024"
"AR-L","La Pampa","Pampeana y AMBA","2005","125.73384"
"AR-L","La Pampa","Pampeana y AMBA","2006","117.43731"
"AR-L","La Pampa","Pampeana y AMBA","2007","122.12890"
"AR-L","La Pampa","Pampeana y AMBA","2008","127.42357"
"AR-L","La Pampa","Pampeana y AMBA","2009","125.53426"
"AR-L","La Pampa","Pampeana y AMBA","2010","122.24335"
"AR-L","La Pampa","Pampeana y AMBA","2011","124.18830"
"AR-L","La Pampa","Pampeana y AMBA","2012","126.25708"
"AR-L","La Pampa","Pampeana y AMBA","2013","124.88911"
"AR-L","La Pampa","Pampeana y AMBA","2014","121.40653"
"AR-L","La Pampa","Pampeana y AMBA","2015","124.81984"
"AR-L","La Pampa","Pampeana y AMBA","2016","132.26497"
"AR-L","La Pampa","Pampeana y AMBA","2017","125.34452"
"AR-L","La Pampa","Pampeana y AMBA","2018","126.81485"
"AR-L","La Pampa","Pampeana y AMBA","2019","132.12737"
"AR-L","La Pampa","Pampeana y AMBA","2020","131.93456"
"AR-L","La Pampa","Pampeana y AMBA","2021","129.11616"
"AR-L","La Pampa","Pampeana y AMBA","2022","134.78178"
"AR-L","La Pampa","Pampeana y AMBA","2023","130.57880"
"AR-F","La Rioja","NOA","1895","47.99728"
"AR-F","La Rioja","NOA","1914","77.40669"
"AR-F","La Rioja","NOA","1937","36.35580"
"AR-F","La Rioja","NOA","1946","44.91035"
"AR-F","La Rioja","NOA","1953","43.96633"
"AR-F","La Rioja","NOA","1965","36.38620"
"AR-F","La Rioja","NOA","1975","68.50528"
"AR-F","La Rioja","NOA","1986","85.08462"
"AR-F","La Rioja","NOA","1993","79.28201"
"AR-F","La Rioja","NOA","2004","75.64929"
"AR-F","La Rioja","NOA","2005","74.22240"
"AR-F","La Rioja","NOA","2006","71.89522"
"AR-F","La Rioja","NOA","2007","72.54899"
"AR-F","La Rioja","NOA","2008","68.48015"
"AR-F","La Rioja","NOA","2009","69.57678"
"AR-F","La Rioja","NOA","2010","69.42043"
"AR-F","La Rioja","NOA","2011","69.22777"
"AR-F","La Rioja","NOA","2012","67.45000"
"AR-F","La Rioja","NOA","2013","68.88217"
"AR-F","La Rioja","NOA","2014","67.46479"
"AR-F","La Rioja","NOA","2015","66.93763"
"AR-F","La Rioja","NOA","2016","67.23406"
"AR-F","La Rioja","NOA","2017","67.43904"
"AR-F","La Rioja","NOA","2018","66.60503"
"AR-F","La Rioja","NOA","2019","65.78874"
"AR-F","La Rioja","NOA","2020","64.27507"
"AR-F","La Rioja","NOA","2021","64.09456"
"AR-F","La Rioja","NOA","2022","65.74288"
"AR-F","La Rioja","NOA","2023","66.20241"
"AR-M","Mendoza","Cuyo","1895","119.97126"
"AR-M","Mendoza","Cuyo","1914","84.24996"
"AR-M","Mendoza","Cuyo","1937","67.25946"
"AR-M","Mendoza","Cuyo","1946","99.67449"
"AR-M","Mendoza","Cuyo","1953","100.48306"
"AR-M","Mendoza","Cuyo","1965","93.69489"
"AR-M","Mendoza","Cuyo","1975","106.15010"
"AR-M","Mendoza","Cuyo","1986","62.07314"
"AR-M","Mendoza","Cuyo","1993","91.04997"
"AR-M","Mendoza","Cuyo","2004","91.25245"
"AR-M","Mendoza","Cuyo","2005","86.47678"
"AR-M","Mendoza","Cuyo","2006","88.19787"
"AR-M","Mendoza","Cuyo","2007","86.80312"
"AR-M","Mendoza","Cuyo","2008","86.72899"
"AR-M","Mendoza","Cuyo","2009","86.63631"
"AR-M","Mendoza","Cuyo","2010","82.23672"
"AR-M","Mendoza","Cuyo","2011","82.33656"
"AR-M","Mendoza","Cuyo","2012","84.06024"
"AR-M","Mendoza","Cuyo","2013","82.69791"
"AR-M","Mendoza","Cuyo","2014","82.02296"
"AR-M","Mendoza","Cuyo","2015","82.64594"
"AR-M","Mendoza","Cuyo","2016","80.38685"
"AR-M","Mendoza","Cuyo","2017","79.24683"
"AR-M","Mendoza","Cuyo","2018","81.37442"
"AR-M","Mendoza","Cuyo","2019","81.48409"
"AR-M","Mendoza","Cuyo","2020","78.16875"
"AR-M","Mendoza","Cuyo","2021","75.49489"
"AR-M","Mendoza","Cuyo","2022","74.32095"
"AR-M","Mendoza","Cuyo","2023","74.96127"
"AR-N","Misiones","NEA","1895","79.78973"
"AR-N","Misiones","NEA","1914","46.32895"
"AR-N","Misiones","NEA","1937","52.62176"
"AR-N","Misiones","NEA","1946","62.95369"
"AR-N","Misiones","NEA","1953","51.44377"
"AR-N","Misiones","NEA","1965","45.39415"
"AR-N","Misiones","NEA","1975","78.50988"
"AR-N","Misiones","NEA","1986","61.91924"
"AR-N","Misiones","NEA","1993","57.53746"
"AR-N","Misiones","NEA","2004","49.37056"
"AR-N","Misiones","NEA","2005","47.95908"
"AR-N","Misiones","NEA","2006","46.84231"
"AR-N","Misiones","NEA","2007","45.16097"
"AR-N","Misiones","NEA","2008","42.93616"
"AR-N","Misiones","NEA","2009","43.02616"
"AR-N","Misiones","NEA","2010","42.05613"
"AR-N","Misiones","NEA","2011","42.39269"
"AR-N","Misiones","NEA","2012","43.41169"
"AR-N","Misiones","NEA","2013","44.23204"
"AR-N","Misiones","NEA","2014","45.35788"
"AR-N","Misiones","NEA","2015","45.37261"
"AR-N","Misiones","NEA","2016","45.19066"
"AR-N","Misiones","NEA","2017","45.04594"
"AR-N","Misiones","NEA","2018","45.53088"
"AR-N","Misiones","NEA","2019","45.08665"
"AR-N","Misiones","NEA","2020","47.75335"
"AR-N","Misiones","NEA","2021","48.54061"
"AR-N","Misiones","NEA","2022","47.70302"
"AR-N","Misiones","NEA","2023","47.60448"
"AR-Q","Neuquén","Patagonia","1895","39.79187"
"AR-Q","Neuquén","Patagonia","1914","74.35416"
"AR-Q","Neuquén","Patagonia","1937","77.25921"
"AR-Q","Neuquén","Patagonia","1946","75.34014"
"AR-Q","Neuquén","Patagonia","1953","66.52411"
"AR-Q","Neuquén","Patagonia","1965","64.35209"
"AR-Q","Neuquén","Patagonia","1975","145.72655"
"AR-Q","Neuquén","Patagonia","1986","99.25430"
"AR-Q","Neuquén","Patagonia","1993","147.27868"
"AR-Q","Neuquén","Patagonia","2004","242.08421"
"AR-Q","Neuquén","Patagonia","2005","217.05366"
"AR-Q","Neuquén","Patagonia","2006","206.78926"
"AR-Q","Neuquén","Patagonia","2007","194.45639"
"AR-Q","Neuquén","Patagonia","2008","186.97751"
"AR-Q","Neuquén","Patagonia","2009","187.21184"
"AR-Q","Neuquén","Patagonia","2010","169.45617"
"AR-Q","Neuquén","Patagonia","2011","159.88210"
"AR-Q","Neuquén","Patagonia","2012","154.87851"
"AR-Q","Neuquén","Patagonia","2013","150.56031"
"AR-Q","Neuquén","Patagonia","2014","158.07946"
"AR-Q","Neuquén","Patagonia","2015","161.34371"
"AR-Q","Neuquén","Patagonia","2016","161.33360"
"AR-Q","Neuquén","Patagonia","2017","155.63387"
"AR-Q","Neuquén","Patagonia","2018","168.98450"
"AR-Q","Neuquén","Patagonia","2019","186.92217"
"AR-Q","Neuquén","Patagonia","2020","194.33323"
"AR-Q","Neuquén","Patagonia","2021","205.52434"
"AR-Q","Neuquén","Patagonia","2022","231.76547"
"AR-Q","Neuquén","Patagonia","2023","261.99069"
"AR-R","Río Negro","Patagonia","1895","81.51300"
"AR-R","Río Negro","Patagonia","1914","99.10011"
"AR-R","Río Negro","Patagonia","1937","83.05077"
"AR-R","Río Negro","Patagonia","1946","93.97302"
"AR-R","Río Negro","Patagonia","1953","109.27969"
"AR-R","Río Negro","Patagonia","1965","95.88431"
"AR-R","Río Negro","Patagonia","1975","110.01972"
"AR-R","Río Negro","Patagonia","1986","107.11566"
"AR-R","Río Negro","Patagonia","1993","97.74240"
"AR-R","Río Negro","Patagonia","2004","90.96670"
"AR-R","Río Negro","Patagonia","2005","91.00534"
"AR-R","Río Negro","Patagonia","2006","92.37045"
"AR-R","Río Negro","Patagonia","2007","89.34992"
"AR-R","Río Negro","Patagonia","2008","87.50588"
"AR-R","Río Negro","Patagonia","2009","89.66334"
"AR-R","Río Negro","Patagonia","2010","86.03313"
"AR-R","Río Negro","Patagonia","2011","87.40704"
"AR-R","Río Negro","Patagonia","2012","89.96109"
"AR-R","Río Negro","Patagonia","2013","90.55162"
"AR-R","Río Negro","Patagonia","2014","90.01065"
"AR-R","Río Negro","Patagonia","2015","89.99145"
"AR-R","Río Negro","Patagonia","2016","89.04345"
"AR-R","Río Negro","Patagonia","2017","87.51636"
"AR-R","Río Negro","Patagonia","2018","90.11978"
"AR-R","Río Negro","Patagonia","2019","89.82504"
"AR-R","Río Negro","Patagonia","2020","89.94257"
"AR-R","Río Negro","Patagonia","2021","86.48735"
"AR-R","Río Negro","Patagonia","2022","84.77450"
"AR-R","Río Negro","Patagonia","2023","85.80163"
"AR-A","Salta","NOA","1895","60.41803"
"AR-A","Salta","NOA","1914","64.47015"
"AR-A","Salta","NOA","1937","61.69462"
"AR-A","Salta","NOA","1946","58.95631"
"AR-A","Salta","NOA","1953","59.26879"
"AR-A","Salta","NOA","1965","59.60465"
"AR-A","Salta","NOA","1975","60.26252"
"AR-A","Salta","NOA","1986","60.14286"
"AR-A","Salta","NOA","1993","54.57134"
"AR-A","Salta","NOA","2004","59.59598"
"AR-A","Salta","NOA","2005","58.35806"
"AR-A","Salta","NOA","2006","59.31617"
"AR-A","Salta","NOA","2007","58.68583"
"AR-A","Salta","NOA","2008","58.68654"
"AR-A","Salta","NOA","2009","59.33024"
"AR-A","Salta","NOA","2010","57.96569"
"AR-A","Salta","NOA","2011","57.78007"
"AR-A","Salta","NOA","2012","55.42961"
"AR-A","Salta","NOA","2013","51.77633"
"AR-A","Salta","NOA","2014","55.42014"
"AR-A","Salta","NOA","2015","57.94463"
"AR-A","Salta","NOA","2016","57.07621"
"AR-A","Salta","NOA","2017","57.53184"
"AR-A","Salta","NOA","2018","58.33714"
"AR-A","Salta","NOA","2019","59.70660"
"AR-A","Salta","NOA","2020","60.55360"
"AR-A","Salta","NOA","2021","59.14739"
"AR-A","Salta","NOA","2022","58.38192"
"AR-A","Salta","NOA","2023","61.59739"
"AR-J","San Juan","Cuyo","1895","126.50982"
"AR-J","San Juan","Cuyo","1914","68.02060"
"AR-J","San Juan","Cuyo","1937","48.61580"
"AR-J","San Juan","Cuyo","1946","84.49629"
"AR-J","San Juan","Cuyo","1953","70.88857"
"AR-J","San Juan","Cuyo","1965","72.98401"
"AR-J","San Juan","Cuyo","1975","62.59654"
"AR-J","San Juan","Cuyo","1986","60.76237"
"AR-J","San Juan","Cuyo","1993","70.16374"
"AR-J","San Juan","Cuyo","2004","68.55828"
"AR-J","San Juan","Cuyo","2005","68.77956"
"AR-J","San Juan","Cuyo","2006","71.42190"
"AR-J","San Juan","Cuyo","2007","70.36400"
"AR-J","San Juan","Cuyo","2008","72.43083"
"AR-J","San Juan","Cuyo","2009","77.53844"
"AR-J","San Juan","Cuyo","2010","82.03736"
"AR-J","San Juan","Cuyo","2011","81.84728"
"AR-J","San Juan","Cuyo","2012","83.69321"
"AR-J","San Juan","Cuyo","2013","83.85125"
"AR-J","San Juan","Cuyo","2014","81.23900"
"AR-J","San Juan","Cuyo","2015","76.42511"
"AR-J","San Juan","Cuyo","2016","74.35820"
"AR-J","San Juan","Cuyo","2017","74.08958"
"AR-J","San Juan","Cuyo","2018","74.93745"
"AR-J","San Juan","Cuyo","2019","73.76284"
"AR-J","San Juan","Cuyo","2020","73.50864"
"AR-J","San Juan","Cuyo","2021","74.17138"
"AR-J","San Juan","Cuyo","2022","75.12920"
"AR-J","San Juan","Cuyo","2023","75.22373"
"AR-D","San Luis","Cuyo","1895","47.42386"
"AR-D","San Luis","Cuyo","1914","93.47017"
"AR-D","San Luis","Cuyo","1937","49.04562"
"AR-D","San Luis","Cuyo","1946","46.41929"
"AR-D","San Luis","Cuyo","1953","54.00750"
"AR-D","San Luis","Cuyo","1965","65.48957"
"AR-D","San Luis","Cuyo","1975","59.03411"
"AR-D","San Luis","Cuyo","1986","133.59708"
"AR-D","San Luis","Cuyo","1993","114.29676"
"AR-D","San Luis","Cuyo","2004","105.56722"
"AR-D","San Luis","Cuyo","2005","102.14373"
"AR-D","San Luis","Cuyo","2006","97.31934"
"AR-D","San Luis","Cuyo","2007","95.31256"
"AR-D","San Luis","Cuyo","2008","94.31209"
"AR-D","San Luis","Cuyo","2009","94.07847"
"AR-D","San Luis","Cuyo","2010","90.75505"
"AR-D","San Luis","Cuyo","2011","91.16711"
"AR-D","San Luis","Cuyo","2012","90.88181"
"AR-D","San Luis","Cuyo","2013","94.91195"
"AR-D","San Luis","Cuyo","2014","94.16139"
"AR-D","San Luis","Cuyo","2015","96.56739"
"AR-D","San Luis","Cuyo","2016","95.38676"
"AR-D","San Luis","Cuyo","2017","93.98980"
"AR-D","San Luis","Cuyo","2018","90.99799"
"AR-D","San Luis","Cuyo","2019","89.95085"
"AR-D","San Luis","Cuyo","2020","86.82187"
"AR-D","San Luis","Cuyo","2021","92.26691"
"AR-D","San Luis","Cuyo","2022","91.45234"
"AR-D","San Luis","Cuyo","2023","90.26696"
"AR-Z","Santa Cruz","Patagonia","1895","196.98215"
"AR-Z","Santa Cruz","Patagonia","1914","217.94926"
"AR-Z","Santa Cruz","Patagonia","1937","181.29143"
"AR-Z","Santa Cruz","Patagonia","1946","171.98589"
"AR-Z","Santa Cruz","Patagonia","1953","185.01013"
"AR-Z","Santa Cruz","Patagonia","1965","304.77047"
"AR-Z","Santa Cruz","Patagonia","1975","177.81714"
"AR-Z","Santa Cruz","Patagonia","1986","173.06923"
"AR-Z","Santa Cruz","Patagonia","1993","201.27518"
"AR-Z","Santa Cruz","Patagonia","2004","312.34145"
"AR-Z","Santa Cruz","Patagonia","2005","284.42013"
"AR-Z","Santa Cruz","Patagonia","2006","279.96705"
"AR-Z","Santa Cruz","Patagonia","2007","252.55227"
"AR-Z","Santa Cruz","Patagonia","2008","237.25055"
"AR-Z","Santa Cruz","Patagonia","2009","250.58993"
"AR-Z","Santa Cruz","Patagonia","2010","226.82766"
"AR-Z","Santa Cruz","Patagonia","2011","210.29538"
"AR-Z","Santa Cruz","Patagonia","2012","224.15927"
"AR-Z","Santa Cruz","Patagonia","2013","217.57254"
"AR-Z","Santa Cruz","Patagonia","2014","220.29714"
"AR-Z","Santa Cruz","Patagonia","2015","230.30145"
"AR-Z","Santa Cruz","Patagonia","2016","214.04113"
"AR-Z","Santa Cruz","Patagonia","2017","200.50104"
"AR-Z","Santa Cruz","Patagonia","2018","199.98094"
"AR-Z","Santa Cruz","Patagonia","2019","195.81191"
"AR-Z","Santa Cruz","Patagonia","2020","185.22879"
"AR-Z","Santa Cruz","Patagonia","2021","175.59580"
"AR-Z","Santa Cruz","Patagonia","2022","167.32381"
"AR-Z","Santa Cruz","Patagonia","2023","167.61026"
"AR-S","Santa Fe","Pampeana y AMBA","1895","134.27325"
"AR-S","Santa Fe","Pampeana y AMBA","1914","107.35894"
"AR-S","Santa Fe","Pampeana y AMBA","1937","103.64017"
"AR-S","Santa Fe","Pampeana y AMBA","1946","85.99988"
"AR-S","Santa Fe","Pampeana y AMBA","1953","86.77144"
"AR-S","Santa Fe","Pampeana y AMBA","1965","95.72605"
"AR-S","Santa Fe","Pampeana y AMBA","1975","91.37665"
"AR-S","Santa Fe","Pampeana y AMBA","1986","91.19937"
"AR-S","Santa Fe","Pampeana y AMBA","1993","88.77066"
"AR-S","Santa Fe","Pampeana y AMBA","2004","103.17871"
"AR-S","Santa Fe","Pampeana y AMBA","2005","105.02936"
"AR-S","Santa Fe","Pampeana y AMBA","2006","103.01643"
"AR-S","Santa Fe","Pampeana y AMBA","2007","102.58487"
"AR-S","Santa Fe","Pampeana y AMBA","2008","102.18297"
"AR-S","Santa Fe","Pampeana y AMBA","2009","97.47770"
"AR-S","Santa Fe","Pampeana y AMBA","2010","103.02290"
"AR-S","Santa Fe","Pampeana y AMBA","2011","100.81021"
"AR-S","Santa Fe","Pampeana y AMBA","2012","98.89160"
"AR-S","Santa Fe","Pampeana y AMBA","2013","101.27896"
"AR-S","Santa Fe","Pampeana y AMBA","2014","99.84483"
"AR-S","Santa Fe","Pampeana y AMBA","2015","99.37299"
"AR-S","Santa Fe","Pampeana y AMBA","2016","96.41138"
"AR-S","Santa Fe","Pampeana y AMBA","2017","99.69051"
"AR-S","Santa Fe","Pampeana y AMBA","2018","98.04055"
"AR-S","Santa Fe","Pampeana y AMBA","2019","100.92685"
"AR-S","Santa Fe","Pampeana y AMBA","2020","103.52424"
"AR-S","Santa Fe","Pampeana y AMBA","2021","105.77491"
"AR-S","Santa Fe","Pampeana y AMBA","2022","102.66380"
"AR-S","Santa Fe","Pampeana y AMBA","2023","100.58620"
"AR-G","Santiago del Estero","NOA","1895","45.12155"
"AR-G","Santiago del Estero","NOA","1914","46.32096"
"AR-G","Santiago del Estero","NOA","1937","35.05701"
"AR-G","Santiago del Estero","NOA","1946","37.90805"
"AR-G","Santiago del Estero","NOA","1953","43.09969"
"AR-G","Santiago del Estero","NOA","1965","33.04321"
"AR-G","Santiago del Estero","NOA","1975","51.47437"
"AR-G","Santiago del Estero","NOA","1986","30.86767"
"AR-G","Santiago del Estero","NOA","1993","46.49922"
"AR-G","Santiago del Estero","NOA","2004","57.75201"
"AR-G","Santiago del Estero","NOA","2005","53.29913"
"AR-G","Santiago del Estero","NOA","2006","61.08013"
"AR-G","Santiago del Estero","NOA","2007","63.28321"
"AR-G","Santiago del Estero","NOA","2008","63.57153"
"AR-G","Santiago del Estero","NOA","2009","57.72236"
"AR-G","Santiago del Estero","NOA","2010","69.12731"
"AR-G","Santiago del Estero","NOA","2011","69.52019"
"AR-G","Santiago del Estero","NOA","2012","64.92624"
"AR-G","Santiago del Estero","NOA","2013","71.38996"
"AR-G","Santiago del Estero","NOA","2014","84.17647"
"AR-G","Santiago del Estero","NOA","2015","80.62990"
"AR-G","Santiago del Estero","NOA","2016","84.75754"
"AR-G","Santiago del Estero","NOA","2017","87.52432"
"AR-G","Santiago del Estero","NOA","2018","79.26991"
"AR-G","Santiago del Estero","NOA","2019","84.67127"
"AR-G","Santiago del Estero","NOA","2020","84.71517"
"AR-G","Santiago del Estero","NOA","2021","82.52440"
"AR-G","Santiago del Estero","NOA","2022","84.23311"
"AR-G","Santiago del Estero","NOA","2023","73.81459"
"AR-V","Tierra del Fuego","Patagonia","1895","167.47371"
"AR-V","Tierra del Fuego","Patagonia","1914","191.48168"
"AR-V","Tierra del Fuego","Patagonia","1937","253.54970"
"AR-V","Tierra del Fuego","Patagonia","1946","254.67809"
"AR-V","Tierra del Fuego","Patagonia","1953","244.39299"
"AR-V","Tierra del Fuego","Patagonia","1965","198.69344"
"AR-V","Tierra del Fuego","Patagonia","1975","252.83933"
"AR-V","Tierra del Fuego","Patagonia","1986","492.58507"
"AR-V","Tierra del Fuego","Patagonia","1993","297.72020"
"AR-V","Tierra del Fuego","Patagonia","2004","280.18473"
"AR-V","Tierra del Fuego","Patagonia","2005","274.10030"
"AR-V","Tierra del Fuego","Patagonia","2006","282.73904"
"AR-V","Tierra del Fuego","Patagonia","2007","266.73651"
"AR-V","Tierra del Fuego","Patagonia","2008","251.90040"
"AR-V","Tierra del Fuego","Patagonia","2009","236.27001"
"AR-V","Tierra del Fuego","Patagonia","2010","264.77959"
"AR-V","Tierra del Fuego","Patagonia","2011","305.64235"
"AR-V","Tierra del Fuego","Patagonia","2012","327.78544"
"AR-V","Tierra del Fuego","Patagonia","2013","315.29477"
"AR-V","Tierra del Fuego","Patagonia","2014","280.68943"
"AR-V","Tierra del Fuego","Patagonia","2015","277.77274"
"AR-V","Tierra del Fuego","Patagonia","2016","266.16081"
"AR-V","Tierra del Fuego","Patagonia","2017","256.85783"
"AR-V","Tierra del Fuego","Patagonia","2018","257.38086"
"AR-V","Tierra del Fuego","Patagonia","2019","233.25784"
"AR-V","Tierra del Fuego","Patagonia","2020","238.29957"
"AR-V","Tierra del Fuego","Patagonia","2021","243.75764"
"AR-V","Tierra del Fuego","Patagonia","2022","245.53948"
"AR-V","Tierra del Fuego","Patagonia","2023","234.47472"
"AR-T","Tucumán","NOA","1895","124.94543"
"AR-T","Tucumán","NOA","1914","73.49525"
"AR-T","Tucumán","NOA","1937","62.21855"
"AR-T","Tucumán","NOA","1946","59.92623"
"AR-T","Tucumán","NOA","1953","67.75082"
"AR-T","Tucumán","NOA","1965","42.59662"
"AR-T","Tucumán","NOA","1975","89.48341"
"AR-T","Tucumán","NOA","1986","52.34961"
"AR-T","Tucumán","NOA","1993","58.17314"
"AR-T","Tucumán","NOA","2004","49.35651"
"AR-T","Tucumán","NOA","2005","49.93756"
"AR-T","Tucumán","NOA","2006","51.42041"
"AR-T","Tucumán","NOA","2007","51.13752"
"AR-T","Tucumán","NOA","2008","51.92655"
"AR-T","Tucumán","NOA","2009","52.67680"
"AR-T","Tucumán","NOA","2010","50.93624"
"AR-T","Tucumán","NOA","2011","52.30856"
"AR-T","Tucumán","NOA","2012","52.42618"
"AR-T","Tucumán","NOA","2013","50.94481"
"AR-T","Tucumán","NOA","2014","50.65698"
"AR-T","Tucumán","NOA","2015","50.60740"
"AR-T","Tucumán","NOA","2016","52.46525"
"AR-T","Tucumán","NOA","2017","52.70432"
"AR-T","Tucumán","NOA","2018","54.58602"
"AR-T","Tucumán","NOA","2019","55.82370"
"AR-T","Tucumán","NOA","2020","55.73016"
"AR-T","Tucumán","NOA","2021","54.87112"
"AR-T","Tucumán","NOA","2022","52.63103"
"AR-T","Tucumán","NOA","2023","51.90311"
