geocodigoFundar,geonombreFundar,year,poverty_line,poverty_rate
ARG,Argentina,1980,2.15,0.003090124512
ARG,Argentina,1986,2.15,0.011191321131
ARG,Argentina,1987,2.15,0.011860859178
ARG,Argentina,1991,2.15,0.009720286287
ARG,Argentina,1992,2.15,0.016737125255
ARG,Argentina,1993,2.15,0.019766661717
ARG,Argentina,1994,2.15,0.019113265993
ARG,Argentina,1995,2.15,0.038554343889
ARG,Argentina,1996,2.15,0.042175671839
ARG,Argentina,1997,2.15,0.037657508073
ARG,Argentina,1998,2.15,0.039691887942
ARG,Argentina,1999,2.15,0.04187958437
ARG,Argentina,2000,2.15,0.049882613603
ARG,Argentina,2001,2.15,0.082347868249
ARG,Argentina,2002,2.15,0.124471545388
ARG,Argentina,2003,2.15,0.052792626175
ARG,Argentina,2004,2.15,0.038130063031
ARG,Argentina,2005,2.15,0.026311788198
ARG,Argentina,2006,2.15,0.021182560078
ARG,Argentina,2007,2.15,0.017236683276
ARG,Argentina,2008,2.15,0.015866702055
ARG,Argentina,2009,2.15,0.015240720327
ARG,Argentina,2010,2.15,0.007493294108
ARG,Argentina,2011,2.15,0.007074195098
ARG,Argentina,2012,2.15,0.006407886015
ARG,Argentina,2013,2.15,0.006225353261
ARG,Argentina,2014,2.15,0.006124674576
ARG,Argentina,2016,2.15,0.006675493553
ARG,Argentina,2017,2.15,0.004240273952
ARG,Argentina,2018,2.15,0.007674704879
ARG,Argentina,2019,2.15,0.007840069659
ARG,Argentina,2020,2.15,0.010747269106
ARG,Argentina,2021,2.15,0.009588466405
BLZ,Belice,1993,2.15,0.135471870017
BLZ,Belice,1994,2.15,0.147938276348
BLZ,Belice,1996,2.15,0.181961130093
BLZ,Belice,1997,2.15,0.209015366225
BLZ,Belice,1998,2.15,0.20732990452
BLZ,Belice,1999,2.15,0.195569282913
BOL,Bolivia,1990,2.15,0.019871435547
BOL,Bolivia,1992,2.15,0.087369370168
BOL,Bolivia,1997,2.15,0.155388829676
BOL,Bolivia,1999,2.15,0.218751019353
BOL,Bolivia,2000,2.15,0.242474236335
BOL,Bolivia,2001,2.15,0.190310438552
BOL,Bolivia,2002,2.15,0.196864298485
BOL,Bolivia,2004,2.15,0.102167711975
BOL,Bolivia,2005,2.15,0.156066122931
BOL,Bolivia,2006,2.15,0.124947066368
BOL,Bolivia,2007,2.15,0.09466773287
BOL,Bolivia,2008,2.15,0.08344567449
BOL,Bolivia,2009,2.15,0.087816569564
BOL,Bolivia,2011,2.15,0.052989047922
BOL,Bolivia,2012,2.15,0.064679387614
BOL,Bolivia,2013,2.15,0.051730724236
BOL,Bolivia,2014,2.15,0.042758922386
BOL,Bolivia,2015,2.15,0.046299644598
BOL,Bolivia,2016,2.15,0.056203380518
BOL,Bolivia,2017,2.15,0.049333613378
BOL,Bolivia,2018,2.15,0.032748860567
BOL,Bolivia,2019,2.15,0.019205351983
BOL,Bolivia,2020,2.15,0.031215071728
BOL,Bolivia,2021,2.15,0.019645011375
BRA,Brasil,1981,2.15,0.239478999708
BRA,Brasil,1982,2.15,0.244248226623
BRA,Brasil,1983,2.15,0.305809119206
BRA,Brasil,1984,2.15,0.299154683474
BRA,Brasil,1985,2.15,0.257504500151
BRA,Brasil,1986,2.15,0.122656635096
BRA,Brasil,1987,2.15,0.199460516665
BRA,Brasil,1988,2.15,0.224180526173
BRA,Brasil,1989,2.15,0.204036966788
BRA,Brasil,1990,2.15,0.239928109227
BRA,Brasil,1992,2.15,0.232912275022
BRA,Brasil,1993,2.15,0.221008834396
BRA,Brasil,1995,2.15,0.147360354186
BRA,Brasil,1996,2.15,0.160046802393
BRA,Brasil,1997,2.15,0.159762363526
BRA,Brasil,1998,2.15,0.143378637163
BRA,Brasil,1999,2.15,0.149687380931
BRA,Brasil,2001,2.15,0.130421745574
BRA,Brasil,2002,2.15,0.117386403453
BRA,Brasil,2003,2.15,0.126058692815
BRA,Brasil,2004,2.15,0.110558118283
BRA,Brasil,2005,2.15,0.099629011088
BRA,Brasil,2006,2.15,0.082642355618
BRA,Brasil,2007,2.15,0.078703752996
BRA,Brasil,2008,2.15,0.065076618763
BRA,Brasil,2009,2.15,0.061203919111
BRA,Brasil,2011,2.15,0.053224903283
BRA,Brasil,2012,2.15,0.044935112384
BRA,Brasil,2013,2.15,0.037285516714
BRA,Brasil,2014,2.15,0.033259486005
BRA,Brasil,2015,2.15,0.038774728228
BRA,Brasil,2016,2.15,0.047061924452
BRA,Brasil,2017,2.15,0.052690492725
BRA,Brasil,2018,2.15,0.053017624951
BRA,Brasil,2019,2.15,0.053885808628
BRA,Brasil,2020,2.15,0.019495584569
BRA,Brasil,2021,2.15,0.058245602832
CHL,Chile,1987,2.15,0.153801293995
CHL,Chile,1990,2.15,0.106680077799
CHL,Chile,1992,2.15,0.066995981928
CHL,Chile,1994,2.15,0.067974642094
CHL,Chile,1996,2.15,0.046644677284
CHL,Chile,1998,2.15,0.04586696712
CHL,Chile,2000,2.15,0.058262918157
CHL,Chile,2003,2.15,0.052878761441
CHL,Chile,2006,2.15,0.020872687582
CHL,Chile,2009,2.15,0.017247626083
CHL,Chile,2011,2.15,0.009312064967
CHL,Chile,2013,2.15,0.005311709665
CHL,Chile,2015,2.15,0.004314342799
CHL,Chile,2017,2.15,0.003375793432
CHL,Chile,2020,2.15,0.00749503097
COL,Colombia,1980,2.15,0.207578027344
COL,Colombia,1988,2.15,0.15241328125
COL,Colombia,1989,2.15,0.141673242187
COL,Colombia,1991,2.15,0.134106396484
COL,Colombia,1992,2.15,0.095575136497
COL,Colombia,1996,2.15,0.175736897922
COL,Colombia,1999,2.15,0.213542781073
COL,Colombia,2000,2.15,0.174969172016
COL,Colombia,2001,2.15,0.209952474923
COL,Colombia,2002,2.15,0.141781080207
COL,Colombia,2003,2.15,0.130050381666
COL,Colombia,2004,2.15,0.120075604686
COL,Colombia,2005,2.15,0.107368169281
COL,Colombia,2008,2.15,0.110254107126
COL,Colombia,2009,2.15,0.096022016963
COL,Colombia,2010,2.15,0.082843885631
COL,Colombia,2011,2.15,0.068281504682
COL,Colombia,2012,2.15,0.067151166633
COL,Colombia,2013,2.15,0.061117008869
COL,Colombia,2014,2.15,0.054313827493
COL,Colombia,2015,2.15,0.049254759629
COL,Colombia,2016,2.15,0.049135301962
COL,Colombia,2017,2.15,0.043394600507
COL,Colombia,2018,2.15,0.044982611455
COL,Colombia,2019,2.15,0.05284737548
COL,Colombia,2020,2.15,0.093598608693
COL,Colombia,2021,2.15,0.06613518166
CRI,Costa Rica,1981,2.15,0.258598990716
CRI,Costa Rica,1986,2.15,0.139225383621
CRI,Costa Rica,1989,2.15,0.105525711465
CRI,Costa Rica,1990,2.15,0.103798713461
CRI,Costa Rica,1991,2.15,0.124137389786
CRI,Costa Rica,1992,2.15,0.099417759946
CRI,Costa Rica,1993,2.15,0.085273534734
CRI,Costa Rica,1994,2.15,0.070410641711
CRI,Costa Rica,1995,2.15,0.071493027892
CRI,Costa Rica,1996,2.15,0.082209240766
CRI,Costa Rica,1997,2.15,0.067248264311
CRI,Costa Rica,1998,2.15,0.052241963745
CRI,Costa Rica,1999,2.15,0.068184239097
CRI,Costa Rica,2000,2.15,0.069267938023
CRI,Costa Rica,2001,2.15,0.050947590315
CRI,Costa Rica,2002,2.15,0.04675287488
CRI,Costa Rica,2003,2.15,0.047242848332
CRI,Costa Rica,2004,2.15,0.046634712967
CRI,Costa Rica,2005,2.15,0.033339496526
CRI,Costa Rica,2006,2.15,0.033378454756
CRI,Costa Rica,2007,2.15,0.018206629955
CRI,Costa Rica,2008,2.15,0.024206099155
CRI,Costa Rica,2009,2.15,0.024773993368
CRI,Costa Rica,2010,2.15,0.014892362168
CRI,Costa Rica,2011,2.15,0.017502994358
CRI,Costa Rica,2012,2.15,0.016733679093
CRI,Costa Rica,2013,2.15,0.016425788141
CRI,Costa Rica,2014,2.15,0.015053034825
CRI,Costa Rica,2015,2.15,0.015732268531
CRI,Costa Rica,2016,2.15,0.013367380826
CRI,Costa Rica,2017,2.15,0.011723510478
CRI,Costa Rica,2018,2.15,0.015057525687
CRI,Costa Rica,2019,2.15,0.010571394791
CRI,Costa Rica,2020,2.15,0.022913266895
CRI,Costa Rica,2021,2.15,0.012421939677
CRI,Costa Rica,2022,2.15,0.008868735494
DOM,Rep. Dominicana,1986,2.15,0.068689794922
DOM,Rep. Dominicana,1989,2.15,0.174869726562
DOM,Rep. Dominicana,1992,2.15,0.076256640625
DOM,Rep. Dominicana,1996,2.15,0.06450147179
DOM,Rep. Dominicana,1997,2.15,0.068705067274
DOM,Rep. Dominicana,2000,2.15,0.067144300226
DOM,Rep. Dominicana,2001,2.15,0.051379631867
DOM,Rep. Dominicana,2002,2.15,0.076143242593
DOM,Rep. Dominicana,2003,2.15,0.08697801564
DOM,Rep. Dominicana,2004,2.15,0.116073106956
DOM,Rep. Dominicana,2005,2.15,0.074095428218
DOM,Rep. Dominicana,2006,2.15,0.062552230468
DOM,Rep. Dominicana,2007,2.15,0.060679277653
DOM,Rep. Dominicana,2008,2.15,0.05448599765
DOM,Rep. Dominicana,2009,2.15,0.046799769054
DOM,Rep. Dominicana,2010,2.15,0.038692138916
DOM,Rep. Dominicana,2011,2.15,0.040552939642
DOM,Rep. Dominicana,2012,2.15,0.038488618638
DOM,Rep. Dominicana,2013,2.15,0.029718231458
DOM,Rep. Dominicana,2014,2.15,0.033559256684
DOM,Rep. Dominicana,2015,2.15,0.0253498694
DOM,Rep. Dominicana,2016,2.15,0.02030172322
DOM,Rep. Dominicana,2017,2.15,0.010015451479
DOM,Rep. Dominicana,2018,2.15,0.00835534409
DOM,Rep. Dominicana,2019,2.15,0.008326866173
DOM,Rep. Dominicana,2020,2.15,0.00959418359
DOM,Rep. Dominicana,2021,2.15,0.008537285128
ECU,Ecuador,1987,2.15,0.176569063878
ECU,Ecuador,1994,2.15,0.173190412013
ECU,Ecuador,1995,2.15,0.138088400154
ECU,Ecuador,1998,2.15,0.159899393214
ECU,Ecuador,1999,2.15,0.218434490863
ECU,Ecuador,2000,2.15,0.284304176378
ECU,Ecuador,2003,2.15,0.14853653338
ECU,Ecuador,2004,2.15,0.150170408546
ECU,Ecuador,2005,2.15,0.118035074316
ECU,Ecuador,2006,2.15,0.081537838763
ECU,Ecuador,2007,2.15,0.0851890075
ECU,Ecuador,2008,2.15,0.075139525541
ECU,Ecuador,2009,2.15,0.073104997819
ECU,Ecuador,2010,2.15,0.05678202258
ECU,Ecuador,2011,2.15,0.046691976986
ECU,Ecuador,2012,2.15,0.044631447507
ECU,Ecuador,2013,2.15,0.032410893927
ECU,Ecuador,2014,2.15,0.026356108733
ECU,Ecuador,2015,2.15,0.034400664607
ECU,Ecuador,2016,2.15,0.035750272656
ECU,Ecuador,2017,2.15,0.032132530619
ECU,Ecuador,2018,2.15,0.033114906836
ECU,Ecuador,2019,2.15,0.035835841686
ECU,Ecuador,2020,2.15,0.065192451216
ECU,Ecuador,2021,2.15,0.035831801962
ECU,Ecuador,2022,2.15,0.031807919477
GTM,Guatemala,1986,2.15,0.497028138102
GTM,Guatemala,1989,2.15,0.369952329471
GTM,Guatemala,1998,2.15,0.139964599609
GTM,Guatemala,2000,2.15,0.09607775878
GTM,Guatemala,2006,2.15,0.116501052248
GTM,Guatemala,2014,2.15,0.095213027306
GUY,Guyana,1992,2.15,0.293844037959
GUY,Guyana,1998,2.15,0.118970365563
HND,Honduras,1986,2.15,0.494057387478
HND,Honduras,1989,2.15,0.399595605946
HND,Honduras,1990,2.15,0.419974516723
HND,Honduras,1991,2.15,0.307747227732
HND,Honduras,1992,2.15,0.26968342568
HND,Honduras,1993,2.15,0.21429637671
HND,Honduras,1994,2.15,0.243044411937
HND,Honduras,1995,2.15,0.26229054603
HND,Honduras,1996,2.15,0.285509636886
HND,Honduras,1997,2.15,0.195900136501
HND,Honduras,1998,2.15,0.245438679126
HND,Honduras,1999,2.15,0.249251999263
HND,Honduras,2001,2.15,0.198371181326
HND,Honduras,2002,2.15,0.219951769584
HND,Honduras,2003,2.15,0.264994698578
HND,Honduras,2004,2.15,0.25433018682
HND,Honduras,2005,2.15,0.250670384434
HND,Honduras,2006,2.15,0.21142115764
HND,Honduras,2007,2.15,0.156429918782
HND,Honduras,2008,2.15,0.15244035398
HND,Honduras,2009,2.15,0.12322079275
HND,Honduras,2010,2.15,0.138022019578
HND,Honduras,2011,2.15,0.143230903997
HND,Honduras,2012,2.15,0.169927052618
HND,Honduras,2013,2.15,0.145685047076
HND,Honduras,2014,2.15,0.132821766648
HND,Honduras,2015,2.15,0.129775539186
HND,Honduras,2016,2.15,0.146069827253
HND,Honduras,2017,2.15,0.138555216599
HND,Honduras,2018,2.15,0.14233573454
HND,Honduras,2019,2.15,0.127429917407
HTI,Haití,2001,2.15,0.678336338754
HTI,Haití,2012,2.15,0.578761384275
LCA,Santa Lucía,1995,2.15,0.381249181047
LCA,Santa Lucía,2016,2.15,0.051228049705
MEX,México,1984,2.15,0.083068125819
MEX,México,1989,2.15,0.090535144941
MEX,México,1992,2.15,0.073773659012
MEX,México,1994,2.15,0.073104636689
MEX,México,1996,2.15,0.180968776947
MEX,México,1998,2.15,0.129032850725
MEX,México,2000,2.15,0.089235108711
MEX,México,2002,2.15,0.065888728987
MEX,México,2004,2.15,0.059505152933
MEX,México,2005,2.15,0.065445246989
MEX,México,2006,2.15,0.041524002931
MEX,México,2008,2.15,0.053621805986
MEX,México,2010,2.15,0.045183799594
MEX,México,2012,2.15,0.038398933825
MEX,México,2014,2.15,0.037135116306
MEX,México,2016,2.15,0.032149105661
MEX,México,2018,2.15,0.026293805874
MEX,México,2020,2.15,0.031000052181
NIC,Nicaragua,1993,2.15,0.38314225103
NIC,Nicaragua,1998,2.15,0.257595784182
NIC,Nicaragua,2001,2.15,0.178144843486
NIC,Nicaragua,2005,2.15,0.090985147382
NIC,Nicaragua,2009,2.15,0.082766441099
NIC,Nicaragua,2014,2.15,0.039410286567
PAN,Panamá,1979,2.15,0.06249431644
PAN,Panamá,1989,2.15,0.224806656933
PAN,Panamá,1991,2.15,0.201106526285
PAN,Panamá,1995,2.15,0.154786777246
PAN,Panamá,1997,2.15,0.142211820268
PAN,Panamá,1998,2.15,0.144588053426
PAN,Panamá,1999,2.15,0.122750870857
PAN,Panamá,2000,2.15,0.110715118866
PAN,Panamá,2001,2.15,0.140628078387
PAN,Panamá,2002,2.15,0.095643532742
PAN,Panamá,2003,2.15,0.099207466075
PAN,Panamá,2004,2.15,0.087940218368
PAN,Panamá,2005,2.15,0.085649778661
PAN,Panamá,2006,2.15,0.093896377308
PAN,Panamá,2007,2.15,0.066659412862
PAN,Panamá,2008,2.15,0.040731489367
PAN,Panamá,2009,2.15,0.025282087437
PAN,Panamá,2010,2.15,0.033920667521
PAN,Panamá,2011,2.15,0.024522368149
PAN,Panamá,2012,2.15,0.034651456962
PAN,Panamá,2013,2.15,0.022445592702
PAN,Panamá,2014,2.15,0.028937746057
PAN,Panamá,2015,2.15,0.01513954853
PAN,Panamá,2016,2.15,0.015169267309
PAN,Panamá,2017,2.15,0.020971285751
PAN,Panamá,2018,2.15,0.014056448899
PAN,Panamá,2019,2.15,0.010040995363
PAN,Panamá,2021,2.15,0.011082572996
PER,Perú,1997,2.15,0.198386126535
PER,Perú,1998,2.15,0.194471014596
PER,Perú,1999,2.15,0.193359102001
PER,Perú,2000,2.15,0.192686264822
PER,Perú,2001,2.15,0.202544832017
PER,Perú,2002,2.15,0.175450099701
PER,Perú,2003,2.15,0.146646330947
PER,Perú,2004,2.15,0.163118057404
PER,Perú,2005,2.15,0.178117984586
PER,Perú,2006,2.15,0.155971466064
PER,Perú,2007,2.15,0.132152627027
PER,Perú,2008,2.15,0.10917175385
PER,Perú,2009,2.15,0.088115380251
PER,Perú,2010,2.15,0.068237684995
PER,Perú,2011,2.15,0.065040248214
PER,Perú,2012,2.15,0.060785469331
PER,Perú,2013,2.15,0.053963338881
PER,Perú,2014,2.15,0.048248131315
PER,Perú,2015,2.15,0.047185484945
PER,Perú,2016,2.15,0.045961828415
PER,Perú,2017,2.15,0.044970593
PER,Perú,2018,2.15,0.035750044326
PER,Perú,2019,2.15,0.029952691492
PER,Perú,2020,2.15,0.058816489868
PER,Perú,2021,2.15,0.02871748751
PRY,Paraguay,1990,2.15,0.011892296185
PRY,Paraguay,1995,2.15,0.12403019229
PRY,Paraguay,1997,2.15,0.105531687112
PRY,Paraguay,1999,2.15,0.102067384847
PRY,Paraguay,2001,2.15,0.089409797011
PRY,Paraguay,2002,2.15,0.132358344328
PRY,Paraguay,2003,2.15,0.083024677853
PRY,Paraguay,2004,2.15,0.057077719227
PRY,Paraguay,2005,2.15,0.060722800596
PRY,Paraguay,2006,2.15,0.079477437449
PRY,Paraguay,2007,2.15,0.078423053977
PRY,Paraguay,2008,2.15,0.043219878158
PRY,Paraguay,2009,2.15,0.057674918843
PRY,Paraguay,2010,2.15,0.054597413439
PRY,Paraguay,2011,2.15,0.05048014341
PRY,Paraguay,2012,2.15,0.033313099794
PRY,Paraguay,2013,2.15,0.017875660384
PRY,Paraguay,2014,2.15,0.024138879883
PRY,Paraguay,2015,2.15,0.018913446224
PRY,Paraguay,2016,2.15,0.016942916867
PRY,Paraguay,2017,2.15,0.009814393634
PRY,Paraguay,2018,2.15,0.014066866248
PRY,Paraguay,2019,2.15,0.010115106929
PRY,Paraguay,2020,2.15,0.008132835708
PRY,Paraguay,2021,2.15,0.006891791207
PRY,Paraguay,2022,2.15,0.013295584114
SLV,El Salvador,1989,2.15,0.189027050781
SLV,El Salvador,1991,2.15,0.22060561822
SLV,El Salvador,1995,2.15,0.132593008517
SLV,El Salvador,1996,2.15,0.152622664636
SLV,El Salvador,1998,2.15,0.210310435826
SLV,El Salvador,1999,2.15,0.172511738039
SLV,El Salvador,2000,2.15,0.129429344858
SLV,El Salvador,2001,2.15,0.141046410244
SLV,El Salvador,2002,2.15,0.147288670229
SLV,El Salvador,2003,2.15,0.15813786774
SLV,El Salvador,2004,2.15,0.114883629963
SLV,El Salvador,2005,2.15,0.112784552834
SLV,El Salvador,2006,2.15,0.076506427103
SLV,El Salvador,2007,2.15,0.050684903324
SLV,El Salvador,2008,2.15,0.077175079215
SLV,El Salvador,2009,2.15,0.074199602065
SLV,El Salvador,2010,2.15,0.063456345635
SLV,El Salvador,2011,2.15,0.053409294765
SLV,El Salvador,2012,2.15,0.046371475887
SLV,El Salvador,2013,2.15,0.036247289287
SLV,El Salvador,2014,2.15,0.034414844447
SLV,El Salvador,2015,2.15,0.023088478771
SLV,El Salvador,2016,2.15,0.026329819478
SLV,El Salvador,2017,2.15,0.021554992142
SLV,El Salvador,2018,2.15,0.018427663304
SLV,El Salvador,2019,2.15,0.014019151778
SLV,El Salvador,2021,2.15,0.035861859993
SLV,El Salvador,2022,2.15,0.033633981754
SUR,Suriname,1999,2.15,0.184179456907
TTO,Trinidad y Tobago,1988,2.15,0.0
TTO,Trinidad y Tobago,1992,2.15,0.020847802734
URY,Uruguay,1981,2.15,0.0
URY,Uruguay,1989,2.15,0.006781314767
URY,Uruguay,1992,2.15,0.005608615407
URY,Uruguay,1995,2.15,0.005344624141
URY,Uruguay,1996,2.15,0.00590426171
URY,Uruguay,1997,2.15,0.005678493995
URY,Uruguay,1998,2.15,0.006430772162
URY,Uruguay,2000,2.15,0.006551213448
URY,Uruguay,2001,2.15,0.00497428991
URY,Uruguay,2002,2.15,0.006346368342
URY,Uruguay,2003,2.15,0.00811206848
URY,Uruguay,2004,2.15,0.010326413064
URY,Uruguay,2005,2.15,0.008616672713
URY,Uruguay,2006,2.15,0.005640882636
URY,Uruguay,2007,2.15,0.003809727801
URY,Uruguay,2008,2.15,0.002275779772
URY,Uruguay,2009,2.15,0.002822002421
URY,Uruguay,2010,2.15,0.001691162385
URY,Uruguay,2011,2.15,0.001394185646
URY,Uruguay,2012,2.15,0.001693852961
URY,Uruguay,2013,2.15,0.00174248012
URY,Uruguay,2014,2.15,0.001534617785
URY,Uruguay,2015,2.15,0.001497659456
URY,Uruguay,2016,2.15,0.000922716657
URY,Uruguay,2017,2.15,0.000663459041
URY,Uruguay,2018,2.15,0.000558499547
URY,Uruguay,2019,2.15,0.001020720048
URY,Uruguay,2020,2.15,0.002067952682
URY,Uruguay,2021,2.15,0.001121549992
VEN,Venezuela,1981,2.15,0.066803729301
VEN,Venezuela,1987,2.15,0.07030515904
VEN,Venezuela,1989,2.15,0.053182490596
VEN,Venezuela,1992,2.15,0.045260431895
VEN,Venezuela,1995,2.15,0.099280849721
VEN,Venezuela,1998,2.15,0.104318703787
VEN,Venezuela,1999,2.15,0.118331234441
VEN,Venezuela,2001,2.15,0.102914914699
VEN,Venezuela,2002,2.15,0.163813530095
VEN,Venezuela,2003,2.15,0.196525344212
VEN,Venezuela,2004,2.15,0.166090116866
VEN,Venezuela,2005,2.15,0.143557098912
VEN,Venezuela,2006,2.15,0.071300366243
ARG,Argentina,1980,3.65,0.009924694824
ARG,Argentina,1986,3.65,0.018277317687
ARG,Argentina,1987,3.65,0.020936579442
ARG,Argentina,1991,3.65,0.029724520277
ARG,Argentina,1992,3.65,0.040890523505
ARG,Argentina,1993,3.65,0.048829386611
ARG,Argentina,1994,3.65,0.044168191898
ARG,Argentina,1995,3.65,0.074007665015
ARG,Argentina,1996,3.65,0.08346335965
ARG,Argentina,1997,3.65,0.078055237165
ARG,Argentina,1998,3.65,0.082785502282
ARG,Argentina,1999,3.65,0.089165231076
ARG,Argentina,2000,3.65,0.106992191692
ARG,Argentina,2001,3.65,0.153976902308
ARG,Argentina,2002,3.65,0.239710687759
ARG,Argentina,2003,3.65,0.125360304303
ARG,Argentina,2004,3.65,0.095961659081
ARG,Argentina,2005,3.65,0.078683012364
ARG,Argentina,2006,3.65,0.059078540854
ARG,Argentina,2007,3.65,0.048873632025
ARG,Argentina,2008,3.65,0.046765096729
ARG,Argentina,2009,3.65,0.039991959442
ARG,Argentina,2010,3.65,0.030883635571
ARG,Argentina,2011,3.65,0.021033996111
ARG,Argentina,2012,3.65,0.02285228391
ARG,Argentina,2013,3.65,0.019930746203
ARG,Argentina,2014,3.65,0.02095667192
ARG,Argentina,2016,3.65,0.021383681555
ARG,Argentina,2017,3.65,0.021337858483
ARG,Argentina,2018,3.65,0.026095599559
ARG,Argentina,2019,3.65,0.029400172369
ARG,Argentina,2020,3.65,0.034557840895
ARG,Argentina,2021,3.65,0.024868479612
BLZ,Belice,1993,3.65,0.31758408625
BLZ,Belice,1994,3.65,0.330764182354
BLZ,Belice,1996,3.65,0.414761747309
BLZ,Belice,1997,3.65,0.431205454978
BLZ,Belice,1998,3.65,0.427658364757
BLZ,Belice,1999,3.65,0.391063399434
BOL,Bolivia,1990,3.65,0.155586474609
BOL,Bolivia,1992,3.65,0.262971339039
BOL,Bolivia,1997,3.65,0.260710470878
BOL,Bolivia,1999,3.65,0.319749676244
BOL,Bolivia,2000,3.65,0.354152484726
BOL,Bolivia,2001,3.65,0.297937733788
BOL,Bolivia,2002,3.65,0.316325370907
BOL,Bolivia,2004,3.65,0.21099703893
BOL,Bolivia,2005,3.65,0.257296681981
BOL,Bolivia,2006,3.65,0.222351765814
BOL,Bolivia,2007,3.65,0.185719328167
BOL,Bolivia,2008,3.65,0.151193194201
BOL,Bolivia,2009,3.65,0.140503999654
BOL,Bolivia,2011,3.65,0.103586038637
BOL,Bolivia,2012,3.65,0.10975899896
BOL,Bolivia,2013,3.65,0.093075853549
BOL,Bolivia,2014,3.65,0.089884552055
BOL,Bolivia,2015,3.65,0.085791739147
BOL,Bolivia,2016,3.65,0.100671285792
BOL,Bolivia,2017,3.65,0.091752887594
BOL,Bolivia,2018,3.65,0.077030824809
BOL,Bolivia,2019,3.65,0.056902158132
BOL,Bolivia,2020,3.65,0.06413545272
BOL,Bolivia,2021,3.65,0.054037213466
BRA,Brasil,1981,3.65,0.428749676497
BRA,Brasil,1982,3.65,0.429843677038
BRA,Brasil,1983,3.65,0.509178329943
BRA,Brasil,1984,3.65,0.50148768878
BRA,Brasil,1985,3.65,0.452007512068
BRA,Brasil,1986,3.65,0.261148407181
BRA,Brasil,1987,3.65,0.364731805377
BRA,Brasil,1988,3.65,0.393114105697
BRA,Brasil,1989,3.65,0.364122302672
BRA,Brasil,1990,3.65,0.415935230666
BRA,Brasil,1992,3.65,0.40727866172
BRA,Brasil,1993,3.65,0.396544817056
BRA,Brasil,1995,3.65,0.296654495218
BRA,Brasil,1996,3.65,0.299657880926
BRA,Brasil,1997,3.65,0.301747696288
BRA,Brasil,1998,3.65,0.288727662373
BRA,Brasil,1999,3.65,0.298677244866
BRA,Brasil,2001,3.65,0.262123602875
BRA,Brasil,2002,3.65,0.253290470814
BRA,Brasil,2003,3.65,0.260804410338
BRA,Brasil,2004,3.65,0.244095197856
BRA,Brasil,2005,3.65,0.223479363851
BRA,Brasil,2006,3.65,0.194059051244
BRA,Brasil,2007,3.65,0.180066613013
BRA,Brasil,2008,3.65,0.15693009692
BRA,Brasil,2009,3.65,0.145919887507
BRA,Brasil,2011,3.65,0.120325919514
BRA,Brasil,2012,3.65,0.106324177324
BRA,Brasil,2013,3.65,0.094838098034
BRA,Brasil,2014,3.65,0.086149575486
BRA,Brasil,2015,3.65,0.092831991306
BRA,Brasil,2016,3.65,0.106160144986
BRA,Brasil,2017,3.65,0.10997057453
BRA,Brasil,2018,3.65,0.108822005237
BRA,Brasil,2019,3.65,0.107549825999
BRA,Brasil,2020,3.65,0.053188234862
BRA,Brasil,2021,3.65,0.112550683331
CHL,Chile,1987,3.65,0.347813014769
CHL,Chile,1990,3.65,0.281334814
CHL,Chile,1992,3.65,0.216189951052
CHL,Chile,1994,3.65,0.202136923786
CHL,Chile,1996,3.65,0.162047038851
CHL,Chile,1998,3.65,0.148626215647
CHL,Chile,2000,3.65,0.159851755034
CHL,Chile,2003,3.65,0.152620305537
CHL,Chile,2006,3.65,0.07807895474
CHL,Chile,2009,3.65,0.057703626214
CHL,Chile,2011,3.65,0.040186762669
CHL,Chile,2013,3.65,0.020426793081
CHL,Chile,2015,3.65,0.016222093354
CHL,Chile,2017,3.65,0.01055856776
CHL,Chile,2020,3.65,0.016836558791
COL,Colombia,1980,3.65,0.370557287122
COL,Colombia,1988,3.65,0.295099008058
COL,Colombia,1989,3.65,0.295451074219
COL,Colombia,1991,3.65,0.27286089342
COL,Colombia,1992,3.65,0.238734306193
COL,Colombia,1996,3.65,0.34171990513
COL,Colombia,1999,3.65,0.381575154016
COL,Colombia,2000,3.65,0.332460932537
COL,Colombia,2001,3.65,0.394685356357
COL,Colombia,2002,3.65,0.309210733157
COL,Colombia,2003,3.65,0.293331125985
COL,Colombia,2004,3.65,0.28822426269
COL,Colombia,2005,3.65,0.256349609796
COL,Colombia,2008,3.65,0.24061257024
COL,Colombia,2009,3.65,0.222285853699
COL,Colombia,2010,3.65,0.200083167487
COL,Colombia,2011,3.65,0.179360297231
COL,Colombia,2012,3.65,0.167792119218
COL,Colombia,2013,3.65,0.153375233977
COL,Colombia,2014,3.65,0.142728633951
COL,Colombia,2015,3.65,0.12986654444
COL,Colombia,2016,3.65,0.128686215004
COL,Colombia,2017,3.65,0.121185288951
COL,Colombia,2018,3.65,0.122277506538
COL,Colombia,2019,3.65,0.137154668367
COL,Colombia,2020,3.65,0.193112953014
COL,Colombia,2021,3.65,0.159825847923
CRI,Costa Rica,1981,3.65,0.444250202799
CRI,Costa Rica,1986,3.65,0.286257680975
CRI,Costa Rica,1989,3.65,0.214980781494
CRI,Costa Rica,1990,3.65,0.208082349507
CRI,Costa Rica,1991,3.65,0.245299761019
CRI,Costa Rica,1992,3.65,0.211644967693
CRI,Costa Rica,1993,3.65,0.174112637054
CRI,Costa Rica,1994,3.65,0.146897358208
CRI,Costa Rica,1995,3.65,0.153255795434
CRI,Costa Rica,1996,3.65,0.175937166852
CRI,Costa Rica,1997,3.65,0.151000128002
CRI,Costa Rica,1998,3.65,0.118511839326
CRI,Costa Rica,1999,3.65,0.140132877208
CRI,Costa Rica,2000,3.65,0.147751943989
CRI,Costa Rica,2001,3.65,0.115283781679
CRI,Costa Rica,2002,3.65,0.105174200076
CRI,Costa Rica,2003,3.65,0.104978401746
CRI,Costa Rica,2004,3.65,0.098382593637
CRI,Costa Rica,2005,3.65,0.084585263552
CRI,Costa Rica,2006,3.65,0.082493508348
CRI,Costa Rica,2007,3.65,0.059228980186
CRI,Costa Rica,2008,3.65,0.057363984788
CRI,Costa Rica,2009,3.65,0.060567027437
CRI,Costa Rica,2010,3.65,0.040792353041
CRI,Costa Rica,2011,3.65,0.048340574022
CRI,Costa Rica,2012,3.65,0.043949823956
CRI,Costa Rica,2013,3.65,0.043481691198
CRI,Costa Rica,2014,3.65,0.042515870119
CRI,Costa Rica,2015,3.65,0.043861071865
CRI,Costa Rica,2016,3.65,0.040551769576
CRI,Costa Rica,2017,3.65,0.030860655729
CRI,Costa Rica,2018,3.65,0.039590825144
CRI,Costa Rica,2019,3.65,0.034613549661
CRI,Costa Rica,2020,3.65,0.059506397284
CRI,Costa Rica,2021,3.65,0.037132141306
CRI,Costa Rica,2022,3.65,0.033232361523
DOM,Rep. Dominicana,1986,3.65,0.169255615234
DOM,Rep. Dominicana,1989,3.65,0.369975057804
DOM,Rep. Dominicana,1992,3.65,0.231499023438
DOM,Rep. Dominicana,1996,3.65,0.175612372918
DOM,Rep. Dominicana,1997,3.65,0.16195831024
DOM,Rep. Dominicana,2000,3.65,0.160803232316
DOM,Rep. Dominicana,2001,3.65,0.161466265415
DOM,Rep. Dominicana,2002,3.65,0.177015275272
DOM,Rep. Dominicana,2003,3.65,0.218410220309
DOM,Rep. Dominicana,2004,3.65,0.278883314554
DOM,Rep. Dominicana,2005,3.65,0.213725797131
DOM,Rep. Dominicana,2006,3.65,0.185588359386
DOM,Rep. Dominicana,2007,3.65,0.180778828464
DOM,Rep. Dominicana,2008,3.65,0.185877852053
DOM,Rep. Dominicana,2009,3.65,0.168159416638
DOM,Rep. Dominicana,2010,3.65,0.16707173292
DOM,Rep. Dominicana,2011,3.65,0.137395772808
DOM,Rep. Dominicana,2012,3.65,0.142997479966
DOM,Rep. Dominicana,2013,3.65,0.137175239276
DOM,Rep. Dominicana,2014,3.65,0.109382194683
DOM,Rep. Dominicana,2015,3.65,0.088373491501
DOM,Rep. Dominicana,2016,3.65,0.080499105486
DOM,Rep. Dominicana,2017,3.65,0.053680276456
DOM,Rep. Dominicana,2018,3.65,0.042007688622
DOM,Rep. Dominicana,2019,3.65,0.03535949789
DOM,Rep. Dominicana,2020,3.65,0.051750840175
DOM,Rep. Dominicana,2021,3.65,0.043445675245
ECU,Ecuador,1987,3.65,0.327645329217
ECU,Ecuador,1994,3.65,0.351582596732
ECU,Ecuador,1995,3.65,0.326956253483
ECU,Ecuador,1998,3.65,0.359325857269
ECU,Ecuador,1999,3.65,0.404902371993
ECU,Ecuador,2000,3.65,0.50288365259
ECU,Ecuador,2003,3.65,0.307663374468
ECU,Ecuador,2004,3.65,0.323537506402
ECU,Ecuador,2005,3.65,0.255043491409
ECU,Ecuador,2006,3.65,0.201394060663
ECU,Ecuador,2007,3.65,0.195822846452
ECU,Ecuador,2008,3.65,0.185288731767
ECU,Ecuador,2009,3.65,0.176993892909
ECU,Ecuador,2010,3.65,0.151322332196
ECU,Ecuador,2011,3.65,0.123182370559
ECU,Ecuador,2012,3.65,0.116634979191
ECU,Ecuador,2013,3.65,0.101791940781
ECU,Ecuador,2014,3.65,0.086865379224
ECU,Ecuador,2015,3.65,0.0953986825
ECU,Ecuador,2016,3.65,0.095433840445
ECU,Ecuador,2017,3.65,0.088838525573
ECU,Ecuador,2018,3.65,0.097069870437
ECU,Ecuador,2019,3.65,0.098814226971
ECU,Ecuador,2020,3.65,0.143865761046
ECU,Ecuador,2021,3.65,0.109111935889
ECU,Ecuador,2022,3.65,0.094800468637
GTM,Guatemala,1986,3.65,0.699434541547
GTM,Guatemala,1989,3.65,0.553179664179
GTM,Guatemala,1998,3.65,0.293742431641
GTM,Guatemala,2000,3.65,0.234334278521
GTM,Guatemala,2006,3.65,0.252371212333
GTM,Guatemala,2014,3.65,0.258602337143
GUY,Guyana,1992,3.65,0.559385161067
GUY,Guyana,1998,3.65,0.248864373783
HND,Honduras,1986,3.65,0.697711384718
HND,Honduras,1989,3.65,0.59986985087
HND,Honduras,1990,3.65,0.622955005888
HND,Honduras,1991,3.65,0.543543228408
HND,Honduras,1992,3.65,0.500409436503
HND,Honduras,1993,3.65,0.434311892547
HND,Honduras,1994,3.65,0.43741855097
HND,Honduras,1995,3.65,0.4609370802
HND,Honduras,1996,3.65,0.489312466151
HND,Honduras,1997,3.65,0.381355235381
HND,Honduras,1998,3.65,0.40236261282
HND,Honduras,1999,3.65,0.415106617907
HND,Honduras,2001,3.65,0.339825822389
HND,Honduras,2002,3.65,0.380440855155
HND,Honduras,2003,3.65,0.432733112246
HND,Honduras,2004,3.65,0.420180927327
HND,Honduras,2005,3.65,0.398488183214
HND,Honduras,2006,3.65,0.350641346532
HND,Honduras,2007,3.65,0.301961153419
HND,Honduras,2008,3.65,0.288889309868
HND,Honduras,2009,3.65,0.256877454843
HND,Honduras,2010,3.65,0.277833409762
HND,Honduras,2011,3.65,0.280600239049
HND,Honduras,2012,3.65,0.32810432778
HND,Honduras,2013,3.65,0.292265478116
HND,Honduras,2014,3.65,0.287882081139
HND,Honduras,2015,3.65,0.285719929292
HND,Honduras,2016,3.65,0.283141538885
HND,Honduras,2017,3.65,0.275054613243
HND,Honduras,2018,3.65,0.272457827853
HND,Honduras,2019,3.65,0.264279590386
HTI,Haití,2001,3.65,0.82829712319
HTI,Haití,2012,3.65,0.748126031162
LCA,Santa Lucía,1995,3.65,0.663296764806
LCA,Santa Lucía,2016,3.65,0.11709935243
MEX,México,1984,3.65,0.255287595844
MEX,México,1989,3.65,0.242170482577
MEX,México,1992,3.65,0.20825352735
MEX,México,1994,3.65,0.20433443922
MEX,México,1996,3.65,0.365425957971
MEX,México,1998,3.65,0.277917373212
MEX,México,2000,3.65,0.212914145586
MEX,México,2002,3.65,0.189530054071
MEX,México,2004,3.65,0.159756803664
MEX,México,2005,3.65,0.160861653724
MEX,México,2006,3.65,0.131106939203
MEX,México,2008,3.65,0.144920296148
MEX,México,2010,3.65,0.127597093381
MEX,México,2012,3.65,0.122403517036
MEX,México,2014,3.65,0.120107680553
MEX,México,2016,3.65,0.107103741333
MEX,México,2018,3.65,0.093626350672
MEX,México,2020,3.65,0.099334936329
NIC,Nicaragua,1993,3.65,0.586380425975
NIC,Nicaragua,1998,3.65,0.480427496468
NIC,Nicaragua,2001,3.65,0.400953388291
NIC,Nicaragua,2005,3.65,0.292989165198
NIC,Nicaragua,2009,3.65,0.242429981857
NIC,Nicaragua,2014,3.65,0.144412792946
PAN,Panamá,1979,3.65,0.182902649362
PAN,Panamá,1989,3.65,0.318103731128
PAN,Panamá,1991,3.65,0.289025405695
PAN,Panamá,1995,3.65,0.22782737705
PAN,Panamá,1997,3.65,0.217607440074
PAN,Panamá,1998,3.65,0.217399064358
PAN,Panamá,1999,3.65,0.193725356223
PAN,Panamá,2000,3.65,0.182985839038
PAN,Panamá,2001,3.65,0.22914763144
PAN,Panamá,2002,3.65,0.196142609128
PAN,Panamá,2003,3.65,0.188574346416
PAN,Panamá,2004,3.65,0.176414847901
PAN,Panamá,2005,3.65,0.164070410382
PAN,Panamá,2006,3.65,0.17407079045
PAN,Panamá,2007,3.65,0.148763637838
PAN,Panamá,2008,3.65,0.105194851927
PAN,Panamá,2009,3.65,0.080296619728
PAN,Panamá,2010,3.65,0.090679701686
PAN,Panamá,2011,3.65,0.072718472802
PAN,Panamá,2012,3.65,0.086597187029
PAN,Panamá,2013,3.65,0.07027116933
PAN,Panamá,2014,3.65,0.074248785966
PAN,Panamá,2015,3.65,0.055708030261
PAN,Panamá,2016,3.65,0.058233208984
PAN,Panamá,2017,3.65,0.053179164551
PAN,Panamá,2018,3.65,0.04409971461
PAN,Panamá,2019,3.65,0.037361362035
PAN,Panamá,2021,3.65,0.043202275791
PER,Perú,1997,3.65,0.359318728131
PER,Perú,1998,3.65,0.349085156632
PER,Perú,1999,3.65,0.36308835154
PER,Perú,2000,3.65,0.353545095538
PER,Perú,2001,3.65,0.375461248888
PER,Perú,2002,3.65,0.341666649207
PER,Perú,2003,3.65,0.323317984239
PER,Perú,2004,3.65,0.327825470555
PER,Perú,2005,3.65,0.351748575311
PER,Perú,2006,3.65,0.304425046219
PER,Perú,2007,3.65,0.264583253192
PER,Perú,2008,3.65,0.226904249758
PER,Perú,2009,3.65,0.205275915212
PER,Perú,2010,3.65,0.178206119749
PER,Perú,2011,3.65,0.162769137044
PER,Perú,2012,3.65,0.148047302585
PER,Perú,2013,3.65,0.140175391404
PER,Perú,2014,3.65,0.131177108591
PER,Perú,2015,3.65,0.127516936109
PER,Perú,2016,3.65,0.124487595854
PER,Perú,2017,3.65,0.123880273
PER,Perú,2018,3.65,0.106918405537
PER,Perú,2019,3.65,0.096588028385
PER,Perú,2020,3.65,0.17471304412
PER,Perú,2021,3.65,0.102449657504
PRY,Paraguay,1990,3.65,0.046634255797
PRY,Paraguay,1995,3.65,0.2349792787
PRY,Paraguay,1997,3.65,0.203618126743
PRY,Paraguay,1999,3.65,0.203674689168
PRY,Paraguay,2001,3.65,0.184285877035
PRY,Paraguay,2002,3.65,0.272321067668
PRY,Paraguay,2003,3.65,0.199841023285
PRY,Paraguay,2004,3.65,0.173327581966
PRY,Paraguay,2005,3.65,0.150167908781
PRY,Paraguay,2006,3.65,0.194698182446
PRY,Paraguay,2007,3.65,0.166818556582
PRY,Paraguay,2008,3.65,0.141817209896
PRY,Paraguay,2009,3.65,0.146055936477
PRY,Paraguay,2010,3.65,0.135175677327
PRY,Paraguay,2011,3.65,0.129356697598
PRY,Paraguay,2012,3.65,0.101604456437
PRY,Paraguay,2013,3.65,0.068001523919
PRY,Paraguay,2014,3.65,0.07580708334
PRY,Paraguay,2015,3.65,0.0714356381
PRY,Paraguay,2016,3.65,0.071810161684
PRY,Paraguay,2017,3.65,0.052144200777
PRY,Paraguay,2018,3.65,0.057703179243
PRY,Paraguay,2019,3.65,0.05117315334
PRY,Paraguay,2020,3.65,0.051674290074
PRY,Paraguay,2021,3.65,0.041296646104
PRY,Paraguay,2022,3.65,0.056085601055
SLV,El Salvador,1989,3.65,0.326938916016
SLV,El Salvador,1991,3.65,0.391759867669
SLV,El Salvador,1995,3.65,0.297313519684
SLV,El Salvador,1996,3.65,0.307918704272
SLV,El Salvador,1998,3.65,0.343691163092
SLV,El Salvador,1999,3.65,0.303562966148
SLV,El Salvador,2000,3.65,0.256955295831
SLV,El Salvador,2001,3.65,0.274694149168
SLV,El Salvador,2002,3.65,0.276914850993
SLV,El Salvador,2003,3.65,0.284208492739
SLV,El Salvador,2004,3.65,0.240940205892
SLV,El Salvador,2005,3.65,0.242378135047
SLV,El Salvador,2006,3.65,0.209635937524
SLV,El Salvador,2007,3.65,0.167534470079
SLV,El Salvador,2008,3.65,0.213292040379
SLV,El Salvador,2009,3.65,0.20711318606
SLV,El Salvador,2010,3.65,0.198579645658
SLV,El Salvador,2011,3.65,0.183941622766
SLV,El Salvador,2012,3.65,0.160745493308
SLV,El Salvador,2013,3.65,0.142377228784
SLV,El Salvador,2014,3.65,0.137449386256
SLV,El Salvador,2015,3.65,0.114713044233
SLV,El Salvador,2016,3.65,0.119631497934
SLV,El Salvador,2017,3.65,0.096713148319
SLV,El Salvador,2018,3.65,0.08951601328
SLV,El Salvador,2019,3.65,0.065912574353
SLV,El Salvador,2021,3.65,0.087138047649
SLV,El Salvador,2022,3.65,0.086418217328
SUR,Suriname,1999,3.65,0.280401416765
TTO,Trinidad y Tobago,1988,3.65,0.056720840654
TTO,Trinidad y Tobago,1992,3.65,0.094319433594
URY,Uruguay,1981,3.65,0.041664858632
URY,Uruguay,1989,3.65,0.03318667462
URY,Uruguay,1992,3.65,0.026269106026
URY,Uruguay,1995,3.65,0.024293746096
URY,Uruguay,1996,3.65,0.02698110293
URY,Uruguay,1997,3.65,0.024813298
URY,Uruguay,1998,3.65,0.024112102506
URY,Uruguay,2000,3.65,0.024450831826
URY,Uruguay,2001,3.65,0.027908644083
URY,Uruguay,2002,3.65,0.039116721879
URY,Uruguay,2003,3.65,0.050680952262
URY,Uruguay,2004,3.65,0.064986193197
URY,Uruguay,2005,3.65,0.057790960621
URY,Uruguay,2006,3.65,0.044515135525
URY,Uruguay,2007,3.65,0.035854279496
URY,Uruguay,2008,3.65,0.022479191943
URY,Uruguay,2009,3.65,0.022230920464
URY,Uruguay,2010,3.65,0.016095149417
URY,Uruguay,2011,3.65,0.013259911371
URY,Uruguay,2012,3.65,0.013110476922
URY,Uruguay,2013,3.65,0.010699274427
URY,Uruguay,2014,3.65,0.008305386596
URY,Uruguay,2015,3.65,0.007817488081
URY,Uruguay,2016,3.65,0.006913042653
URY,Uruguay,2017,3.65,0.00450390473
URY,Uruguay,2018,3.65,0.004279452864
URY,Uruguay,2019,3.65,0.005440807478
URY,Uruguay,2020,3.65,0.008905140708
URY,Uruguay,2021,3.65,0.007656067789
VEN,Venezuela,1981,3.65,0.185637841906
VEN,Venezuela,1987,3.65,0.202934364895
VEN,Venezuela,1989,3.65,0.120534862424
VEN,Venezuela,1992,3.65,0.116730949541
VEN,Venezuela,1995,3.65,0.241015400717
VEN,Venezuela,1998,3.65,0.2294349526
VEN,Venezuela,1999,3.65,0.259097140919
VEN,Venezuela,2001,3.65,0.237151741451
VEN,Venezuela,2002,3.65,0.325719533377
VEN,Venezuela,2003,3.65,0.381363724262
VEN,Venezuela,2004,3.65,0.325292261282
VEN,Venezuela,2005,3.65,0.257369629969
VEN,Venezuela,2006,3.65,0.154817297195
ARG,Argentina,1980,6.85,0.055264746094
ARG,Argentina,1986,6.85,0.047700965231
ARG,Argentina,1987,6.85,0.076221990438
ARG,Argentina,1991,6.85,0.143213227916
ARG,Argentina,1992,6.85,0.148716094734
ARG,Argentina,1993,6.85,0.150704012977
ARG,Argentina,1994,6.85,0.156823519504
ARG,Argentina,1995,6.85,0.204792041691
ARG,Argentina,1996,6.85,0.224009609425
ARG,Argentina,1997,6.85,0.213455167991
ARG,Argentina,1998,6.85,0.232960116462
ARG,Argentina,1999,6.85,0.242249596672
ARG,Argentina,2000,6.85,0.262965610368
ARG,Argentina,2001,6.85,0.310672286634
ARG,Argentina,2002,6.85,0.443797756256
ARG,Argentina,2003,6.85,0.295567931953
ARG,Argentina,2004,6.85,0.247302535009
ARG,Argentina,2005,6.85,0.207807154681
ARG,Argentina,2006,6.85,0.167917889368
ARG,Argentina,2007,6.85,0.154016212202
ARG,Argentina,2008,6.85,0.140713309352
ARG,Argentina,2009,6.85,0.127703467662
ARG,Argentina,2010,6.85,0.112458495082
ARG,Argentina,2011,6.85,0.090131863973
ARG,Argentina,2012,6.85,0.08497761875
ARG,Argentina,2013,6.85,0.084600844676
ARG,Argentina,2014,6.85,0.091393485123
ARG,Argentina,2016,6.85,0.087782861698
ARG,Argentina,2017,6.85,0.078744616329
ARG,Argentina,2018,6.85,0.096685697445
ARG,Argentina,2019,6.85,0.11179841669
ARG,Argentina,2020,6.85,0.140845966371
ARG,Argentina,2021,6.85,0.10620059695
BLZ,Belice,1993,6.85,0.617523346747
BLZ,Belice,1994,6.85,0.653956972724
BLZ,Belice,1996,6.85,0.704919357802
BLZ,Belice,1997,6.85,0.701300120179
BLZ,Belice,1998,6.85,0.68602181457
BLZ,Belice,1999,6.85,0.667539052357
BOL,Bolivia,1990,6.85,0.421796388271
BOL,Bolivia,1992,6.85,0.581988761981
BOL,Bolivia,1997,6.85,0.46068747387
BOL,Bolivia,1999,6.85,0.500388377399
BOL,Bolivia,2000,6.85,0.558225289577
BOL,Bolivia,2001,6.85,0.517806022957
BOL,Bolivia,2002,6.85,0.538092394357
BOL,Bolivia,2004,6.85,0.458118524471
BOL,Bolivia,2005,6.85,0.472127343185
BOL,Bolivia,2006,6.85,0.420766494141
BOL,Bolivia,2007,6.85,0.411612664082
BOL,Bolivia,2008,6.85,0.339193058758
BOL,Bolivia,2009,6.85,0.288996122348
BOL,Bolivia,2011,6.85,0.234681371829
BOL,Bolivia,2012,6.85,0.236720221377
BOL,Bolivia,2013,6.85,0.217591776987
BOL,Bolivia,2014,6.85,0.201881732038
BOL,Bolivia,2015,6.85,0.204784856729
BOL,Bolivia,2016,6.85,0.219669729073
BOL,Bolivia,2017,6.85,0.21018225246
BOL,Bolivia,2018,6.85,0.190994939237
BOL,Bolivia,2019,6.85,0.155418660671
BOL,Bolivia,2020,6.85,0.172898946285
BOL,Bolivia,2021,6.85,0.151835977452
BRA,Brasil,1981,6.85,0.669848923356
BRA,Brasil,1982,6.85,0.66416810043
BRA,Brasil,1983,6.85,0.721019990249
BRA,Brasil,1984,6.85,0.722293807676
BRA,Brasil,1985,6.85,0.679555072257
BRA,Brasil,1986,6.85,0.494737218141
BRA,Brasil,1987,6.85,0.591716975229
BRA,Brasil,1988,6.85,0.613548254178
BRA,Brasil,1989,6.85,0.583389727611
BRA,Brasil,1990,6.85,0.637283197652
BRA,Brasil,1992,6.85,0.653978138844
BRA,Brasil,1993,6.85,0.64336453833
BRA,Brasil,1995,6.85,0.526385973696
BRA,Brasil,1996,6.85,0.526160030708
BRA,Brasil,1997,6.85,0.530034350603999
BRA,Brasil,1998,6.85,0.519644320136
BRA,Brasil,1999,6.85,0.538104819577
BRA,Brasil,2001,6.85,0.480209588507
BRA,Brasil,2002,6.85,0.473199047138
BRA,Brasil,2003,6.85,0.486581960979
BRA,Brasil,2004,6.85,0.473377344238
BRA,Brasil,2005,6.85,0.450179705969
BRA,Brasil,2006,6.85,0.413795416408
BRA,Brasil,2007,6.85,0.390182404371
BRA,Brasil,2008,6.85,0.358225138394
BRA,Brasil,2009,6.85,0.338143379103
BRA,Brasil,2011,6.85,0.299081540241
BRA,Brasil,2012,6.85,0.282043894711
BRA,Brasil,2013,6.85,0.257263795211
BRA,Brasil,2014,6.85,0.243475406326
BRA,Brasil,2015,6.85,0.252768769432
BRA,Brasil,2016,6.85,0.27020357921
BRA,Brasil,2017,6.85,0.270512513633
BRA,Brasil,2018,6.85,0.266565248236
BRA,Brasil,2019,6.85,0.261727205517
BRA,Brasil,2020,6.85,0.187255130173
BRA,Brasil,2021,6.85,0.283581145007
CHL,Chile,1987,6.85,0.621232811922
CHL,Chile,1990,6.85,0.560145958126
CHL,Chile,1992,6.85,0.507223663817
CHL,Chile,1994,6.85,0.470917366398
CHL,Chile,1996,6.85,0.413667043207
CHL,Chile,1998,6.85,0.389289984525
CHL,Chile,2000,6.85,0.413892761321
CHL,Chile,2003,6.85,0.406121564056
CHL,Chile,2006,6.85,0.298941393235
CHL,Chile,2009,6.85,0.253976403914
CHL,Chile,2011,6.85,0.212338889665
CHL,Chile,2013,6.85,0.128646458952
CHL,Chile,2015,6.85,0.101922961572
CHL,Chile,2017,6.85,0.075249503465
CHL,Chile,2020,6.85,0.080108866619
COL,Colombia,1980,6.85,0.606259598006
COL,Colombia,1988,6.85,0.541034127544
COL,Colombia,1989,6.85,0.553917780068
COL,Colombia,1991,6.85,0.521388978596
COL,Colombia,1992,6.85,0.541923941731
COL,Colombia,1996,6.85,0.615096966122
COL,Colombia,1999,6.85,0.642986853488
COL,Colombia,2000,6.85,0.595005492986
COL,Colombia,2001,6.85,0.670281601651
COL,Colombia,2002,6.85,0.576667151565
COL,Colombia,2003,6.85,0.579705475976
COL,Colombia,2004,6.85,0.573467770691
COL,Colombia,2005,6.85,0.535236993461
COL,Colombia,2008,6.85,0.485028557185
COL,Colombia,2009,6.85,0.472559361052
COL,Colombia,2010,6.85,0.445794186887
COL,Colombia,2011,6.85,0.416481131839
COL,Colombia,2012,6.85,0.39776169453
COL,Colombia,2013,6.85,0.376238130685
COL,Colombia,2014,6.85,0.354284878107
COL,Colombia,2015,6.85,0.345951104228
COL,Colombia,2016,6.85,0.343488908481
COL,Colombia,2017,6.85,0.337042225344
COL,Colombia,2018,6.85,0.3393436112
COL,Colombia,2019,6.85,0.34803916194
COL,Colombia,2020,6.85,0.42230976786
COL,Colombia,2021,6.85,0.391973844401
CRI,Costa Rica,1981,6.85,0.71131159656
CRI,Costa Rica,1986,6.85,0.634478284296
CRI,Costa Rica,1989,6.85,0.473725643755
CRI,Costa Rica,1990,6.85,0.456395347501
CRI,Costa Rica,1991,6.85,0.514146535315
CRI,Costa Rica,1992,6.85,0.480406360071
CRI,Costa Rica,1993,6.85,0.408642429699
CRI,Costa Rica,1994,6.85,0.365707099806
CRI,Costa Rica,1995,6.85,0.370670007009
CRI,Costa Rica,1996,6.85,0.413332463068
CRI,Costa Rica,1997,6.85,0.381396807883
CRI,Costa Rica,1998,6.85,0.335803484303
CRI,Costa Rica,1999,6.85,0.36059159719
CRI,Costa Rica,2000,6.85,0.361090020201
CRI,Costa Rica,2001,6.85,0.279919296832
CRI,Costa Rica,2002,6.85,0.277934477325
CRI,Costa Rica,2003,6.85,0.26476872162
CRI,Costa Rica,2004,6.85,0.279290321257
CRI,Costa Rica,2005,6.85,0.253596729624
CRI,Costa Rica,2006,6.85,0.250874437072
CRI,Costa Rica,2007,6.85,0.203349111593
CRI,Costa Rica,2008,6.85,0.19991202904
CRI,Costa Rica,2009,6.85,0.194061840456
CRI,Costa Rica,2010,6.85,0.156112146377
CRI,Costa Rica,2011,6.85,0.164358344734
CRI,Costa Rica,2012,6.85,0.15551220929
CRI,Costa Rica,2013,6.85,0.156464462824
CRI,Costa Rica,2014,6.85,0.151402254311
CRI,Costa Rica,2015,6.85,0.147864699006
CRI,Costa Rica,2016,6.85,0.142146161216
CRI,Costa Rica,2017,6.85,0.128550023237
CRI,Costa Rica,2018,6.85,0.138737302201
CRI,Costa Rica,2019,6.85,0.136710024456
CRI,Costa Rica,2020,6.85,0.198697230488
CRI,Costa Rica,2021,6.85,0.14482672049
CRI,Costa Rica,2022,6.85,0.140520959236
DOM,Rep. Dominicana,1986,6.85,0.375588400377
DOM,Rep. Dominicana,1989,6.85,0.653172260867
DOM,Rep. Dominicana,1992,6.85,0.52501940918
DOM,Rep. Dominicana,1996,6.85,0.423057494979
DOM,Rep. Dominicana,1997,6.85,0.394326144541
DOM,Rep. Dominicana,2000,6.85,0.410984685757
DOM,Rep. Dominicana,2001,6.85,0.405301018678
DOM,Rep. Dominicana,2002,6.85,0.40038220235
DOM,Rep. Dominicana,2003,6.85,0.490151219132
DOM,Rep. Dominicana,2004,6.85,0.570320926343
DOM,Rep. Dominicana,2005,6.85,0.482212187669
DOM,Rep. Dominicana,2006,6.85,0.449517418511
DOM,Rep. Dominicana,2007,6.85,0.442577090792
DOM,Rep. Dominicana,2008,6.85,0.458620473601
DOM,Rep. Dominicana,2009,6.85,0.428607656311
DOM,Rep. Dominicana,2010,6.85,0.436683936167
DOM,Rep. Dominicana,2011,6.85,0.416366765194
DOM,Rep. Dominicana,2012,6.85,0.412392568889
DOM,Rep. Dominicana,2013,6.85,0.405085556176
DOM,Rep. Dominicana,2014,6.85,0.347714607837
DOM,Rep. Dominicana,2015,6.85,0.303525317733
DOM,Rep. Dominicana,2016,6.85,0.287305728602
DOM,Rep. Dominicana,2017,6.85,0.255483643467
DOM,Rep. Dominicana,2018,6.85,0.222085287308
DOM,Rep. Dominicana,2019,6.85,0.201918812597
DOM,Rep. Dominicana,2020,6.85,0.232174829989
DOM,Rep. Dominicana,2021,6.85,0.232236564553
ECU,Ecuador,1987,6.85,0.597325889728
ECU,Ecuador,1994,6.85,0.648741727562
ECU,Ecuador,1995,6.85,0.644080015106
ECU,Ecuador,1998,6.85,0.643117016785
ECU,Ecuador,1999,6.85,0.6777788371
ECU,Ecuador,2000,6.85,0.759444525652
ECU,Ecuador,2003,6.85,0.57765940941
ECU,Ecuador,2004,6.85,0.588825167777
ECU,Ecuador,2005,6.85,0.506453812097
ECU,Ecuador,2006,6.85,0.458352949764
ECU,Ecuador,2007,6.85,0.448831421455
ECU,Ecuador,2008,6.85,0.422965625084
ECU,Ecuador,2009,6.85,0.431516812004
ECU,Ecuador,2010,6.85,0.387547153027
ECU,Ecuador,2011,6.85,0.34689379677
ECU,Ecuador,2012,6.85,0.31434279027
ECU,Ecuador,2013,6.85,0.312253325087
ECU,Ecuador,2014,6.85,0.276023788664
ECU,Ecuador,2015,6.85,0.287987777559
ECU,Ecuador,2016,6.85,0.281644060654
ECU,Ecuador,2017,6.85,0.270699047023
ECU,Ecuador,2018,6.85,0.278498390225
ECU,Ecuador,2019,6.85,0.297135532661
ECU,Ecuador,2020,6.85,0.346216858993
ECU,Ecuador,2021,6.85,0.316898733063
ECU,Ecuador,2022,6.85,0.29931489438
GTM,Guatemala,1986,6.85,0.875144251229999
GTM,Guatemala,1989,6.85,0.765348674737
GTM,Guatemala,1998,6.85,0.553212011719
GTM,Guatemala,2000,6.85,0.499830784506
GTM,Guatemala,2006,6.85,0.486224201835
GTM,Guatemala,2014,6.85,0.554003527014
GUY,Guyana,1992,6.85,0.851753021871
GUY,Guyana,1998,6.85,0.565650010815
HND,Honduras,1986,6.85,0.872642236217
HND,Honduras,1989,6.85,0.805642324074
HND,Honduras,1990,6.85,0.825532666597
HND,Honduras,1991,6.85,0.79406271717
HND,Honduras,1992,6.85,0.763921447265
HND,Honduras,1993,6.85,0.700931599217
HND,Honduras,1994,6.85,0.700243925259
HND,Honduras,1995,6.85,0.710077930952
HND,Honduras,1996,6.85,0.728715262184
HND,Honduras,1997,6.85,0.655601357695
HND,Honduras,1998,6.85,0.646722230932
HND,Honduras,1999,6.85,0.662408774481
HND,Honduras,2001,6.85,0.564631235052999
HND,Honduras,2002,6.85,0.615348331662
HND,Honduras,2003,6.85,0.649572820438
HND,Honduras,2004,6.85,0.64501460999
HND,Honduras,2005,6.85,0.620076230987
HND,Honduras,2006,6.85,0.564178756496
HND,Honduras,2007,6.85,0.542247411286
HND,Honduras,2008,6.85,0.513118368355
HND,Honduras,2009,6.85,0.484328019779
HND,Honduras,2010,6.85,0.512640109894
HND,Honduras,2011,6.85,0.514379623869
HND,Honduras,2012,6.85,0.569027769753
HND,Honduras,2013,6.85,0.544344769952
HND,Honduras,2014,6.85,0.530653896144
HND,Honduras,2015,6.85,0.532431745862
HND,Honduras,2016,6.85,0.505065987315
HND,Honduras,2017,6.85,0.511766333821
HND,Honduras,2018,6.85,0.513081260074
HND,Honduras,2019,6.85,0.495445226109
HTI,Haití,2001,6.85,0.928947800942
HTI,Haití,2012,6.85,0.889552950935
LCA,Santa Lucía,1995,6.85,0.896213694122
LCA,Santa Lucía,2016,6.85,0.253433288606
MEX,México,1984,6.85,0.538026452276
MEX,México,1989,6.85,0.537460106875
MEX,México,1992,6.85,0.476432604756
MEX,México,1994,6.85,0.465984408707
MEX,México,1996,6.85,0.632549723744
MEX,México,1998,6.85,0.551955033876
MEX,México,2000,6.85,0.481763868699
MEX,México,2002,6.85,0.453113752795
MEX,México,2004,6.85,0.421268228935
MEX,México,2005,6.85,0.408960173124
MEX,México,2006,6.85,0.371573365148
MEX,México,2008,6.85,0.377804689978
MEX,México,2010,6.85,0.380859461253
MEX,México,2012,6.85,0.354165237107
MEX,México,2014,6.85,0.382986504984
MEX,México,2016,6.85,0.335806562983
MEX,México,2018,6.85,0.310575592528
MEX,México,2020,6.85,0.325474505586
NIC,Nicaragua,1993,6.85,0.79201948439
NIC,Nicaragua,1998,6.85,0.741586435777
NIC,Nicaragua,2001,6.85,0.690067040987
NIC,Nicaragua,2005,6.85,0.610216089652
NIC,Nicaragua,2009,6.85,0.570658049695
NIC,Nicaragua,2014,6.85,0.420858400486
PAN,Panamá,1979,6.85,0.398597242678
PAN,Panamá,1989,6.85,0.501649380056
PAN,Panamá,1991,6.85,0.481805229169
PAN,Panamá,1995,6.85,0.393774510845
PAN,Panamá,1997,6.85,0.39091960407
PAN,Panamá,1998,6.85,0.387978707308
PAN,Panamá,1999,6.85,0.365125458306
PAN,Panamá,2000,6.85,0.350756188737
PAN,Panamá,2001,6.85,0.400494875849
PAN,Panamá,2002,6.85,0.37249085339
PAN,Panamá,2003,6.85,0.359568867331
PAN,Panamá,2004,6.85,0.347648849513
PAN,Panamá,2005,6.85,0.344859071574
PAN,Panamá,2006,6.85,0.338762269529
PAN,Panamá,2007,6.85,0.304813996307
PAN,Panamá,2008,6.85,0.232443835386
PAN,Panamá,2009,6.85,0.230116473576
PAN,Panamá,2010,6.85,0.217079098606
PAN,Panamá,2011,6.85,0.183398394182
PAN,Panamá,2012,6.85,0.187608732765
PAN,Panamá,2013,6.85,0.181642237969
PAN,Panamá,2014,6.85,0.168359270002
PAN,Panamá,2015,6.85,0.153987639676
PAN,Panamá,2016,6.85,0.14520294644
PAN,Panamá,2017,6.85,0.139759345022
PAN,Panamá,2018,6.85,0.125421250612
PAN,Panamá,2019,6.85,0.120776203316
PAN,Panamá,2021,6.85,0.128519411645
PER,Perú,1997,6.85,0.613430920563
PER,Perú,1998,6.85,0.622800746517
PER,Perú,1999,6.85,0.621223522394
PER,Perú,2000,6.85,0.623619763877
PER,Perú,2001,6.85,0.639146788678
PER,Perú,2002,6.85,0.601976043271
PER,Perú,2003,6.85,0.594341421202
PER,Perú,2004,6.85,0.597599461866
PER,Perú,2005,6.85,0.615039811373
PER,Perú,2006,6.85,0.55861864438
PER,Perú,2007,6.85,0.503030488395
PER,Perú,2008,6.85,0.464023344998
PER,Perú,2009,6.85,0.445540356178
PER,Perú,2010,6.85,0.405253798645
PER,Perú,2011,6.85,0.380694606273
PER,Perú,2012,6.85,0.352952541536
PER,Perú,2013,6.85,0.345106493475
PER,Perú,2014,6.85,0.333777225624
PER,Perú,2015,6.85,0.326681673284
PER,Perú,2016,6.85,0.318147454384
PER,Perú,2017,6.85,0.326200407548
PER,Perú,2018,6.85,0.303646679827
PER,Perú,2019,6.85,0.288570369518
PER,Perú,2020,6.85,0.430183344699
PER,Perú,2021,6.85,0.337368841493
PRY,Paraguay,1990,6.85,0.217688855647
PRY,Paraguay,1995,6.85,0.436385128379
PRY,Paraguay,1997,6.85,0.379970966619
PRY,Paraguay,1999,6.85,0.413699027696
PRY,Paraguay,2001,6.85,0.395340583799
PRY,Paraguay,2002,6.85,0.516733889665
PRY,Paraguay,2003,6.85,0.446671333873
PRY,Paraguay,2004,6.85,0.427861216984
PRY,Paraguay,2005,6.85,0.391472727228
PRY,Paraguay,2006,6.85,0.43820927242
PRY,Paraguay,2007,6.85,0.402846288144
PRY,Paraguay,2008,6.85,0.372498284473
PRY,Paraguay,2009,6.85,0.356743522638
PRY,Paraguay,2010,6.85,0.340517773831
PRY,Paraguay,2011,6.85,0.322486789716
PRY,Paraguay,2012,6.85,0.269978486057
PRY,Paraguay,2013,6.85,0.232530990633
PRY,Paraguay,2014,6.85,0.226455486342
PRY,Paraguay,2015,6.85,0.226058455636
PRY,Paraguay,2016,6.85,0.236753235864
PRY,Paraguay,2017,6.85,0.210376625965
PRY,Paraguay,2018,6.85,0.196362538085
PRY,Paraguay,2019,6.85,0.196551861522
PRY,Paraguay,2020,6.85,0.22310211135
PRY,Paraguay,2021,6.85,0.208090311721
PRY,Paraguay,2022,6.85,0.199048279588
SLV,El Salvador,1989,6.85,0.581038476563
SLV,El Salvador,1991,6.85,0.658624616788
SLV,El Salvador,1995,6.85,0.582429006649
SLV,El Salvador,1996,6.85,0.596830445204
SLV,El Salvador,1998,6.85,0.579021084174
SLV,El Salvador,1999,6.85,0.553449113983
SLV,El Salvador,2000,6.85,0.509691844336
SLV,El Salvador,2001,6.85,0.523980351704
SLV,El Salvador,2002,6.85,0.523657020608
SLV,El Salvador,2003,6.85,0.535639215084
SLV,El Salvador,2004,6.85,0.517525736536
SLV,El Salvador,2005,6.85,0.518221182708
SLV,El Salvador,2006,6.85,0.505011411273
SLV,El Salvador,2007,6.85,0.472184204002
SLV,El Salvador,2008,6.85,0.509215775635
SLV,El Salvador,2009,6.85,0.504999270322
SLV,El Salvador,2010,6.85,0.491323799526
SLV,El Salvador,2011,6.85,0.499726078929
SLV,El Salvador,2012,6.85,0.471232557775
SLV,El Salvador,2013,6.85,0.427340793394
SLV,El Salvador,2014,6.85,0.427202518773
SLV,El Salvador,2015,6.85,0.401954229321
SLV,El Salvador,2016,6.85,0.387419488007
SLV,El Salvador,2017,6.85,0.363306702904
SLV,El Salvador,2018,6.85,0.329824177211
SLV,El Salvador,2019,6.85,0.287567787435
SLV,El Salvador,2021,6.85,0.283971047607
SLV,El Salvador,2022,6.85,0.274883079999
SUR,Suriname,1999,6.85,0.444510035419
TTO,Trinidad y Tobago,1988,6.85,0.202985584751
TTO,Trinidad y Tobago,1992,6.85,0.301767586888
URY,Uruguay,1981,6.85,0.172727227353
URY,Uruguay,1989,6.85,0.135557625706
URY,Uruguay,1992,6.85,0.110917985199
URY,Uruguay,1995,6.85,0.109790379677
URY,Uruguay,1996,6.85,0.11604277157
URY,Uruguay,1997,6.85,0.119110713425
URY,Uruguay,1998,6.85,0.118181574692
URY,Uruguay,2000,6.85,0.124833322337
URY,Uruguay,2001,6.85,0.141353286402
URY,Uruguay,2002,6.85,0.185190971715
URY,Uruguay,2003,6.85,0.245116987798
URY,Uruguay,2004,6.85,0.25147140588
URY,Uruguay,2005,6.85,0.227436987411
URY,Uruguay,2006,6.85,0.223326706861
URY,Uruguay,2007,6.85,0.19624218512
URY,Uruguay,2008,6.85,0.147339181725
URY,Uruguay,2009,6.85,0.135628500206
URY,Uruguay,2010,6.85,0.120481212029
URY,Uruguay,2011,6.85,0.085335804493
URY,Uruguay,2012,6.85,0.078216708669
URY,Uruguay,2013,6.85,0.073686758355
URY,Uruguay,2014,6.85,0.063145421728
URY,Uruguay,2015,6.85,0.059503328693
URY,Uruguay,2016,6.85,0.056365652282
URY,Uruguay,2017,6.85,0.045909819394
URY,Uruguay,2018,6.85,0.049356755705
URY,Uruguay,2019,6.85,0.050777837012
URY,Uruguay,2020,6.85,0.07177447108
URY,Uruguay,2021,6.85,0.067380510324
VEN,Venezuela,1981,6.85,0.388675513438
VEN,Venezuela,1987,6.85,0.418524468964
VEN,Venezuela,1989,6.85,0.326469631863
VEN,Venezuela,1992,6.85,0.350046729431
VEN,Venezuela,1995,6.85,0.511606781894
VEN,Venezuela,1998,6.85,0.483479564403
VEN,Venezuela,1999,6.85,0.531102663829
VEN,Venezuela,2001,6.85,0.512332341241
VEN,Venezuela,2002,6.85,0.606696061878
VEN,Venezuela,2003,6.85,0.670480556153
VEN,Venezuela,2004,6.85,0.614665998598
VEN,Venezuela,2005,6.85,0.512023870685
VEN,Venezuela,2006,6.85,0.38818127384
ARG,Argentina,1980,10.0,0.129712744141
ARG,Argentina,1986,10.0,0.102507061238
ARG,Argentina,1987,10.0,0.155910107995
ARG,Argentina,1991,10.0,0.279817930571
ARG,Argentina,1992,10.0,0.273261750375
ARG,Argentina,1993,10.0,0.272892549396
ARG,Argentina,1994,10.0,0.287489896032
ARG,Argentina,1995,10.0,0.338866595327
ARG,Argentina,1996,10.0,0.358401606132
ARG,Argentina,1997,10.0,0.336232530701
ARG,Argentina,1998,10.0,0.364399778488
ARG,Argentina,1999,10.0,0.382605337819
ARG,Argentina,2000,10.0,0.400429537725
ARG,Argentina,2001,10.0,0.45593396986
ARG,Argentina,2002,10.0,0.595102873396
ARG,Argentina,2003,10.0,0.440402662716
ARG,Argentina,2004,10.0,0.381696436139
ARG,Argentina,2005,10.0,0.334184136025
ARG,Argentina,2006,10.0,0.282466605847
ARG,Argentina,2007,10.0,0.278140639933
ARG,Argentina,2008,10.0,0.24749965316
ARG,Argentina,2009,10.0,0.22559551404
ARG,Argentina,2010,10.0,0.209508816004
ARG,Argentina,2011,10.0,0.181695373131
ARG,Argentina,2012,10.0,0.170668042878
ARG,Argentina,2013,10.0,0.167085479901
ARG,Argentina,2014,10.0,0.197670422131
ARG,Argentina,2016,10.0,0.184658431946
ARG,Argentina,2017,10.0,0.159514754413
ARG,Argentina,2018,10.0,0.192351855546
ARG,Argentina,2019,10.0,0.220672986877
ARG,Argentina,2020,10.0,0.270276542094
ARG,Argentina,2021,10.0,0.22308763941
BLZ,Belice,1993,10.0,0.769964315542
BLZ,Belice,1994,10.0,0.790394096555
BLZ,Belice,1996,10.0,0.806870200963
BLZ,Belice,1997,10.0,0.81104877218
BLZ,Belice,1998,10.0,0.813916100825
BLZ,Belice,1999,10.0,0.806672042203
BOL,Bolivia,1990,10.0,0.615739929271
BOL,Bolivia,1992,10.0,0.738125856524
BOL,Bolivia,1997,10.0,0.619371329855
BOL,Bolivia,1999,10.0,0.630553481654
BOL,Bolivia,2000,10.0,0.691780204281
BOL,Bolivia,2001,10.0,0.671425209207
BOL,Bolivia,2002,10.0,0.683333311049
BOL,Bolivia,2004,10.0,0.628627606835
BOL,Bolivia,2005,10.0,0.609856259326
BOL,Bolivia,2006,10.0,0.568963677953
BOL,Bolivia,2007,10.0,0.55771513832
BOL,Bolivia,2008,10.0,0.496489701003
BOL,Bolivia,2009,10.0,0.443390227743
BOL,Bolivia,2011,10.0,0.373414420948
BOL,Bolivia,2012,10.0,0.369372991989
BOL,Bolivia,2013,10.0,0.339913337645
BOL,Bolivia,2014,10.0,0.339735571823
BOL,Bolivia,2015,10.0,0.347386621414
BOL,Bolivia,2016,10.0,0.350671697332
BOL,Bolivia,2017,10.0,0.341085269212
BOL,Bolivia,2018,10.0,0.327292423328
BOL,Bolivia,2019,10.0,0.299913602833
BOL,Bolivia,2020,10.0,0.320883527582
BOL,Bolivia,2021,10.0,0.294939182523
BRA,Brasil,1981,10.0,0.780767617222
BRA,Brasil,1982,10.0,0.774613374488
BRA,Brasil,1983,10.0,0.817146683613
BRA,Brasil,1984,10.0,0.821366187088
BRA,Brasil,1985,10.0,0.791626481817
BRA,Brasil,1986,10.0,0.636024062768
BRA,Brasil,1987,10.0,0.717212877509
BRA,Brasil,1988,10.0,0.732985853321999
BRA,Brasil,1989,10.0,0.701481116581
BRA,Brasil,1990,10.0,0.753187526884
BRA,Brasil,1992,10.0,0.781123158906
BRA,Brasil,1993,10.0,0.759375297751
BRA,Brasil,1995,10.0,0.663175068542
BRA,Brasil,1996,10.0,0.656555815440999
BRA,Brasil,1997,10.0,0.6619536999
BRA,Brasil,1998,10.0,0.652857561171
BRA,Brasil,1999,10.0,0.676766118314
BRA,Brasil,2001,10.0,0.624086115851
BRA,Brasil,2002,10.0,0.619488267073
BRA,Brasil,2003,10.0,0.630238451682
BRA,Brasil,2004,10.0,0.622616612165
BRA,Brasil,2005,10.0,0.600039276282
BRA,Brasil,2006,10.0,0.569194046423
BRA,Brasil,2007,10.0,0.541033073236
BRA,Brasil,2008,10.0,0.514983579581
BRA,Brasil,2009,10.0,0.495964193729
BRA,Brasil,2011,10.0,0.454375801709
BRA,Brasil,2012,10.0,0.430589751533
BRA,Brasil,2013,10.0,0.406266101093
BRA,Brasil,2014,10.0,0.388337162386
BRA,Brasil,2015,10.0,0.397987539061
BRA,Brasil,2016,10.0,0.415513687784
BRA,Brasil,2017,10.0,0.4132098964
BRA,Brasil,2018,10.0,0.405014374172
BRA,Brasil,2019,10.0,0.397595883909
BRA,Brasil,2020,10.0,0.344110684719
BRA,Brasil,2021,10.0,0.436877721914
CHL,Chile,1987,10.0,0.750858333299
CHL,Chile,1990,10.0,0.704345543587
CHL,Chile,1992,10.0,0.667708648464
CHL,Chile,1994,10.0,0.634351576266
CHL,Chile,1996,10.0,0.585047098914
CHL,Chile,1998,10.0,0.561989029844
CHL,Chile,2000,10.0,0.593529436198
CHL,Chile,2003,10.0,0.589139006463
CHL,Chile,2006,10.0,0.502327496725
CHL,Chile,2009,10.0,0.459527427391
CHL,Chile,2011,10.0,0.404034179833
CHL,Chile,2013,10.0,0.301404570681
CHL,Chile,2015,10.0,0.252954834998
CHL,Chile,2017,10.0,0.202692284404
CHL,Chile,2020,10.0,0.205499953966
COL,Colombia,1980,10.0,0.739960468404
COL,Colombia,1988,10.0,0.694788381319
COL,Colombia,1989,10.0,0.70726147743
COL,Colombia,1991,10.0,0.681350726777
COL,Colombia,1992,10.0,0.710825920616
COL,Colombia,1996,10.0,0.758479490062
COL,Colombia,1999,10.0,0.773901340136
COL,Colombia,2000,10.0,0.73835972707
COL,Colombia,2001,10.0,0.798533632581
COL,Colombia,2002,10.0,0.714289731028
COL,Colombia,2003,10.0,0.730408457157
COL,Colombia,2004,10.0,0.718934166778
COL,Colombia,2005,10.0,0.693526810227
COL,Colombia,2008,10.0,0.639508713717
COL,Colombia,2009,10.0,0.629752279112
COL,Colombia,2010,10.0,0.606250624465
COL,Colombia,2011,10.0,0.58121636934
COL,Colombia,2012,10.0,0.563252526428
COL,Colombia,2013,10.0,0.54167448998
COL,Colombia,2014,10.0,0.521724649797
COL,Colombia,2015,10.0,0.515911012408
COL,Colombia,2016,10.0,0.517820056919
COL,Colombia,2017,10.0,0.515106884933
COL,Colombia,2018,10.0,0.512962462011
COL,Colombia,2019,10.0,0.518404840899
COL,Colombia,2020,10.0,0.591579172307
COL,Colombia,2021,10.0,0.565943122524
CRI,Costa Rica,1981,10.0,0.840525879332
CRI,Costa Rica,1986,10.0,0.845560014351
CRI,Costa Rica,1989,10.0,0.666227503063
CRI,Costa Rica,1990,10.0,0.640614909416
CRI,Costa Rica,1991,10.0,0.689808270533
CRI,Costa Rica,1992,10.0,0.66173843934
CRI,Costa Rica,1993,10.0,0.59852461336
CRI,Costa Rica,1994,10.0,0.551688954667
CRI,Costa Rica,1995,10.0,0.563667592708
CRI,Costa Rica,1996,10.0,0.59249722603
CRI,Costa Rica,1997,10.0,0.566889678535
CRI,Costa Rica,1998,10.0,0.515674424268
CRI,Costa Rica,1999,10.0,0.54524346027
CRI,Costa Rica,2000,10.0,0.537552108471
CRI,Costa Rica,2001,10.0,0.447026315537
CRI,Costa Rica,2002,10.0,0.440033594306
CRI,Costa Rica,2003,10.0,0.421345540074
CRI,Costa Rica,2004,10.0,0.447799211
CRI,Costa Rica,2005,10.0,0.420449220778
CRI,Costa Rica,2006,10.0,0.42368135493
CRI,Costa Rica,2007,10.0,0.367905689141
CRI,Costa Rica,2008,10.0,0.364731305553
CRI,Costa Rica,2009,10.0,0.344795717504
CRI,Costa Rica,2010,10.0,0.309531054334
CRI,Costa Rica,2011,10.0,0.303814326845
CRI,Costa Rica,2012,10.0,0.291270386253
CRI,Costa Rica,2013,10.0,0.282807714776
CRI,Costa Rica,2014,10.0,0.289567122063
CRI,Costa Rica,2015,10.0,0.277905218122
CRI,Costa Rica,2016,10.0,0.270978273288
CRI,Costa Rica,2017,10.0,0.258445400573
CRI,Costa Rica,2018,10.0,0.26184000848
CRI,Costa Rica,2019,10.0,0.271622798913
CRI,Costa Rica,2020,10.0,0.350505141532
CRI,Costa Rica,2021,10.0,0.287583473397
CRI,Costa Rica,2022,10.0,0.276305768298
DOM,Rep. Dominicana,1986,10.0,0.547983060345
DOM,Rep. Dominicana,1989,10.0,0.795970716765
DOM,Rep. Dominicana,1992,10.0,0.703206420898
DOM,Rep. Dominicana,1996,10.0,0.616337017916
DOM,Rep. Dominicana,1997,10.0,0.57868573455
DOM,Rep. Dominicana,2000,10.0,0.567596687745
DOM,Rep. Dominicana,2001,10.0,0.58180264654
DOM,Rep. Dominicana,2002,10.0,0.581215689033
DOM,Rep. Dominicana,2003,10.0,0.661756049609
DOM,Rep. Dominicana,2004,10.0,0.728817409334
DOM,Rep. Dominicana,2005,10.0,0.654370719284
DOM,Rep. Dominicana,2006,10.0,0.613238622085
DOM,Rep. Dominicana,2007,10.0,0.637577137531
DOM,Rep. Dominicana,2008,10.0,0.643771713855
DOM,Rep. Dominicana,2009,10.0,0.615889137344
DOM,Rep. Dominicana,2010,10.0,0.599684911061
DOM,Rep. Dominicana,2011,10.0,0.59532483736
DOM,Rep. Dominicana,2012,10.0,0.604649801879999
DOM,Rep. Dominicana,2013,10.0,0.59296893797
DOM,Rep. Dominicana,2014,10.0,0.544720307565
DOM,Rep. Dominicana,2015,10.0,0.500901368451
DOM,Rep. Dominicana,2016,10.0,0.466173714418
DOM,Rep. Dominicana,2017,10.0,0.464029071816
DOM,Rep. Dominicana,2018,10.0,0.436735891256
DOM,Rep. Dominicana,2019,10.0,0.404848546929
DOM,Rep. Dominicana,2020,10.0,0.456761131786
DOM,Rep. Dominicana,2021,10.0,0.465294003647
ECU,Ecuador,1987,10.0,0.759530134963
ECU,Ecuador,1994,10.0,0.788142925007
ECU,Ecuador,1995,10.0,0.786659333805
ECU,Ecuador,1998,10.0,0.783676921421
ECU,Ecuador,1999,10.0,0.796154225577
ECU,Ecuador,2000,10.0,0.861146830594
ECU,Ecuador,2003,10.0,0.72767186878
ECU,Ecuador,2004,10.0,0.734633781494
ECU,Ecuador,2005,10.0,0.664374334214
ECU,Ecuador,2006,10.0,0.622352861876
ECU,Ecuador,2007,10.0,0.616551530092
ECU,Ecuador,2008,10.0,0.600089696412
ECU,Ecuador,2009,10.0,0.611497429566
ECU,Ecuador,2010,10.0,0.568151347184
ECU,Ecuador,2011,10.0,0.519237256085
ECU,Ecuador,2012,10.0,0.48582627293
ECU,Ecuador,2013,10.0,0.488407834088
ECU,Ecuador,2014,10.0,0.461256218929
ECU,Ecuador,2015,10.0,0.469560050307
ECU,Ecuador,2016,10.0,0.465851364696
ECU,Ecuador,2017,10.0,0.443895332006
ECU,Ecuador,2018,10.0,0.454242670886
ECU,Ecuador,2019,10.0,0.470095098384
ECU,Ecuador,2020,10.0,0.544844885513
ECU,Ecuador,2021,10.0,0.495613100434
ECU,Ecuador,2022,10.0,0.470492751525
GTM,Guatemala,1986,10.0,0.934059163628
GTM,Guatemala,1989,10.0,0.859686752206
GTM,Guatemala,1998,10.0,0.711017358398
GTM,Guatemala,2000,10.0,0.676486286393
GTM,Guatemala,2006,10.0,0.647924441473
GTM,Guatemala,2014,10.0,0.727825056188
GUY,Guyana,1992,10.0,0.939593576184999
GUY,Guyana,1998,10.0,0.762383733506
HND,Honduras,1986,10.0,0.931684081594
HND,Honduras,1989,10.0,0.888184681732
HND,Honduras,1990,10.0,0.902639595369
HND,Honduras,1991,10.0,0.882601382508
HND,Honduras,1992,10.0,0.866422966533
HND,Honduras,1993,10.0,0.828779540556
HND,Honduras,1994,10.0,0.820833452053
HND,Honduras,1995,10.0,0.822577159021
HND,Honduras,1996,10.0,0.837736572198
HND,Honduras,1997,10.0,0.790980247498
HND,Honduras,1998,10.0,0.779521506361
HND,Honduras,1999,10.0,0.789733003969
HND,Honduras,2001,10.0,0.697464036949
HND,Honduras,2002,10.0,0.747377669191
HND,Honduras,2003,10.0,0.773907904899
HND,Honduras,2004,10.0,0.762741127016
HND,Honduras,2005,10.0,0.743306017976
HND,Honduras,2006,10.0,0.703204185254
HND,Honduras,2007,10.0,0.682618325461
HND,Honduras,2008,10.0,0.662803733678
HND,Honduras,2009,10.0,0.641073658171
HND,Honduras,2010,10.0,0.65494056129
HND,Honduras,2011,10.0,0.668317412320999
HND,Honduras,2012,10.0,0.716405914134
HND,Honduras,2013,10.0,0.69642656159
HND,Honduras,2014,10.0,0.696560570574
HND,Honduras,2015,10.0,0.689653384206
HND,Honduras,2016,10.0,0.662894302963
HND,Honduras,2017,10.0,0.673646420184
HND,Honduras,2018,10.0,0.667199301665
HND,Honduras,2019,10.0,0.649641993225
HTI,Haití,2001,10.0,0.961570569341
HTI,Haití,2012,10.0,0.933897039175
LCA,Santa Lucía,1995,10.0,0.954535009212
LCA,Santa Lucía,2016,10.0,0.39714135698
MEX,México,1984,10.0,0.69899834473
MEX,México,1989,10.0,0.706934901353
MEX,México,1992,10.0,0.652929674828
MEX,México,1994,10.0,0.637695344076
MEX,México,1996,10.0,0.77041938677
MEX,México,1998,10.0,0.715232553097
MEX,México,2000,10.0,0.648633509869
MEX,México,2002,10.0,0.644748664445
MEX,México,2004,10.0,0.611191802351
MEX,México,2005,10.0,0.593544155562
MEX,México,2006,10.0,0.564953680627
MEX,México,2008,10.0,0.560560305675
MEX,México,2010,10.0,0.581620821293
MEX,México,2012,10.0,0.553883999044
MEX,México,2014,10.0,0.593075561096
MEX,México,2016,10.0,0.539601569607
MEX,México,2018,10.0,0.51592075966
MEX,México,2020,10.0,0.525472056426
NIC,Nicaragua,1993,10.0,0.884045097116
NIC,Nicaragua,1998,10.0,0.856960371965
NIC,Nicaragua,2001,10.0,0.818897688140999
NIC,Nicaragua,2005,10.0,0.774384368465
NIC,Nicaragua,2009,10.0,0.753785490007
NIC,Nicaragua,2014,10.0,0.628263882555
PAN,Panamá,1979,10.0,0.555528350346
PAN,Panamá,1989,10.0,0.633282182731
PAN,Panamá,1991,10.0,0.620865792054
PAN,Panamá,1995,10.0,0.523996015407
PAN,Panamá,1997,10.0,0.531685967517
PAN,Panamá,1998,10.0,0.535257755879
PAN,Panamá,1999,10.0,0.511312294487
PAN,Panamá,2000,10.0,0.494552876128
PAN,Panamá,2001,10.0,0.536730579264
PAN,Panamá,2002,10.0,0.511405858449
PAN,Panamá,2003,10.0,0.50610840328
PAN,Panamá,2004,10.0,0.486993731903
PAN,Panamá,2005,10.0,0.48577550021
PAN,Panamá,2006,10.0,0.483175011326
PAN,Panamá,2007,10.0,0.446108349281
PAN,Panamá,2008,10.0,0.367067385542
PAN,Panamá,2009,10.0,0.360551486947
PAN,Panamá,2010,10.0,0.338825687562
PAN,Panamá,2011,10.0,0.30008784034
PAN,Panamá,2012,10.0,0.299851460726
PAN,Panamá,2013,10.0,0.284860436143
PAN,Panamá,2014,10.0,0.272325076927
PAN,Panamá,2015,10.0,0.244360418815
PAN,Panamá,2016,10.0,0.231875179111
PAN,Panamá,2017,10.0,0.231604096827
PAN,Panamá,2018,10.0,0.207699113477
PAN,Panamá,2019,10.0,0.199783737472
PAN,Panamá,2021,10.0,0.229901699513
PER,Perú,1997,10.0,0.753253314757999
PER,Perú,1998,10.0,0.759803908499
PER,Perú,1999,10.0,0.769420565435
PER,Perú,2000,10.0,0.77940509645
PER,Perú,2001,10.0,0.781921778747
PER,Perú,2002,10.0,0.752972367106
PER,Perú,2003,10.0,0.743317927548999
PER,Perú,2004,10.0,0.753238585599
PER,Perú,2005,10.0,0.769763603334
PER,Perú,2006,10.0,0.722540563572
PER,Perú,2007,10.0,0.674888434234
PER,Perú,2008,10.0,0.638230636798
PER,Perú,2009,10.0,0.623149822036
PER,Perú,2010,10.0,0.590843420834
PER,Perú,2011,10.0,0.564612332133
PER,Perú,2012,10.0,0.533364565762
PER,Perú,2013,10.0,0.525755643779999
PER,Perú,2014,10.0,0.519204499515
PER,Perú,2015,10.0,0.521404699717
PER,Perú,2016,10.0,0.504391914994
PER,Perú,2017,10.0,0.508963848855
PER,Perú,2018,10.0,0.492274358216
PER,Perú,2019,10.0,0.477994325931
PER,Perú,2020,10.0,0.621373401766
PER,Perú,2021,10.0,0.552413772846
PRY,Paraguay,1990,10.0,0.420344053852
PRY,Paraguay,1995,10.0,0.582416727213
PRY,Paraguay,1997,10.0,0.511455513642
PRY,Paraguay,1999,10.0,0.567319108085999
PRY,Paraguay,2001,10.0,0.560346216308999
PRY,Paraguay,2002,10.0,0.666534097699
PRY,Paraguay,2003,10.0,0.61599976664
PRY,Paraguay,2004,10.0,0.606588766455
PRY,Paraguay,2005,10.0,0.582053343043
PRY,Paraguay,2006,10.0,0.611847724558
PRY,Paraguay,2007,10.0,0.579818845941999
PRY,Paraguay,2008,10.0,0.554226144543
PRY,Paraguay,2009,10.0,0.53629546424
PRY,Paraguay,2010,10.0,0.509058880284
PRY,Paraguay,2011,10.0,0.472604071342
PRY,Paraguay,2012,10.0,0.42939759379
PRY,Paraguay,2013,10.0,0.396935801417
PRY,Paraguay,2014,10.0,0.377845994418
PRY,Paraguay,2015,10.0,0.379624628303
PRY,Paraguay,2016,10.0,0.404827137399
PRY,Paraguay,2017,10.0,0.385939447645
PRY,Paraguay,2018,10.0,0.358406761914
PRY,Paraguay,2019,10.0,0.351208724862
PRY,Paraguay,2020,10.0,0.395397060694
PRY,Paraguay,2021,10.0,0.383663620773
PRY,Paraguay,2022,10.0,0.371170414629
SLV,El Salvador,1989,10.0,0.748607495117
SLV,El Salvador,1991,10.0,0.792683953202
SLV,El Salvador,1995,10.0,0.751020517837999
SLV,El Salvador,1996,10.0,0.746657757743
SLV,El Salvador,1998,10.0,0.731852147639
SLV,El Salvador,1999,10.0,0.708607124612
SLV,El Salvador,2000,10.0,0.675270960161999
SLV,El Salvador,2001,10.0,0.685418324606
SLV,El Salvador,2002,10.0,0.67729167254
SLV,El Salvador,2003,10.0,0.6984852348
SLV,El Salvador,2004,10.0,0.68221526827
SLV,El Salvador,2005,10.0,0.688902563462
SLV,El Salvador,2006,10.0,0.69131883002
SLV,El Salvador,2007,10.0,0.669198825432
SLV,El Salvador,2008,10.0,0.682831618708
SLV,El Salvador,2009,10.0,0.702928614055
SLV,El Salvador,2010,10.0,0.682922160514
SLV,El Salvador,2011,10.0,0.698410162746
SLV,El Salvador,2012,10.0,0.685722411012
SLV,El Salvador,2013,10.0,0.646440414121
SLV,El Salvador,2014,10.0,0.64370269327
SLV,El Salvador,2015,10.0,0.625116929139
SLV,El Salvador,2016,10.0,0.605034598863
SLV,El Salvador,2017,10.0,0.589721748488
SLV,El Salvador,2018,10.0,0.549787539368
SLV,El Salvador,2019,10.0,0.506666833785
SLV,El Salvador,2021,10.0,0.481099941675
SLV,El Salvador,2022,10.0,0.477555848782
SUR,Suriname,1999,10.0,0.61334120425
TTO,Trinidad y Tobago,1988,10.0,0.344502579139
TTO,Trinidad y Tobago,1992,10.0,0.493123022364
URY,Uruguay,1981,10.0,0.308268046304
URY,Uruguay,1989,10.0,0.265696387411
URY,Uruguay,1992,10.0,0.235490171484
URY,Uruguay,1995,10.0,0.224578329978
URY,Uruguay,1996,10.0,0.234900365584
URY,Uruguay,1997,10.0,0.240768145369
URY,Uruguay,1998,10.0,0.227534998004
URY,Uruguay,2000,10.0,0.251427177487
URY,Uruguay,2001,10.0,0.271860154211
URY,Uruguay,2002,10.0,0.333346004904
URY,Uruguay,2003,10.0,0.411372899849
URY,Uruguay,2004,10.0,0.412292606829
URY,Uruguay,2005,10.0,0.382313866389
URY,Uruguay,2006,10.0,0.385288120938
URY,Uruguay,2007,10.0,0.350603721249
URY,Uruguay,2008,10.0,0.292494453681
URY,Uruguay,2009,10.0,0.265041911484
URY,Uruguay,2010,10.0,0.255805388612
URY,Uruguay,2011,10.0,0.19868363213
URY,Uruguay,2012,10.0,0.177382127789
URY,Uruguay,2013,10.0,0.168538246587
URY,Uruguay,2014,10.0,0.149654227769
URY,Uruguay,2015,10.0,0.145621488283
URY,Uruguay,2016,10.0,0.145216739213
URY,Uruguay,2017,10.0,0.126759619655
URY,Uruguay,2018,10.0,0.133501929077
URY,Uruguay,2019,10.0,0.141552262146
URY,Uruguay,2020,10.0,0.173207819189
URY,Uruguay,2021,10.0,0.170302270849
VEN,Venezuela,1981,10.0,0.532961693489
VEN,Venezuela,1987,10.0,0.563933700548
VEN,Venezuela,1989,10.0,0.506945209146
VEN,Venezuela,1992,10.0,0.550847287313
VEN,Venezuela,1995,10.0,0.687301233336
VEN,Venezuela,1998,10.0,0.661169414881
VEN,Venezuela,1999,10.0,0.709132842202
VEN,Venezuela,2001,10.0,0.684735045251
VEN,Venezuela,2002,10.0,0.758321006185
VEN,Venezuela,2003,10.0,0.80855549979
VEN,Venezuela,2004,10.0,0.773697835196
VEN,Venezuela,2005,10.0,0.688576010071
VEN,Venezuela,2006,10.0,0.581585358744999
ARG,Argentina,1980,15.0,0.26176640625
ARG,Argentina,1986,15.0,0.239729933406
ARG,Argentina,1987,15.0,0.302190696485
ARG,Argentina,1991,15.0,0.497170657375
ARG,Argentina,1992,15.0,0.469995354943
ARG,Argentina,1993,15.0,0.455717663723
ARG,Argentina,1994,15.0,0.461157982529
ARG,Argentina,1995,15.0,0.534977075379
ARG,Argentina,1996,15.0,0.545621690249
ARG,Argentina,1997,15.0,0.523080324977
ARG,Argentina,1998,15.0,0.551393637602
ARG,Argentina,1999,15.0,0.564824879930999
ARG,Argentina,2000,15.0,0.557419895482
ARG,Argentina,2001,15.0,0.607882676692
ARG,Argentina,2002,15.0,0.748640697438
ARG,Argentina,2003,15.0,0.603135312482
ARG,Argentina,2004,15.0,0.549264873037
ARG,Argentina,2005,15.0,0.502139397616
ARG,Argentina,2006,15.0,0.444252382171
ARG,Argentina,2007,15.0,0.431562826491
ARG,Argentina,2008,15.0,0.405554316995
ARG,Argentina,2009,15.0,0.376809955724
ARG,Argentina,2010,15.0,0.365538574023
ARG,Argentina,2011,15.0,0.330408847182
ARG,Argentina,2012,15.0,0.31995750559
ARG,Argentina,2013,15.0,0.317610174388
ARG,Argentina,2014,15.0,0.360322785945
ARG,Argentina,2016,15.0,0.33831346695
ARG,Argentina,2017,15.0,0.307117732521
ARG,Argentina,2018,15.0,0.350399430694
ARG,Argentina,2019,15.0,0.380933317933
ARG,Argentina,2020,15.0,0.43949119502
ARG,Argentina,2021,15.0,0.396459314848
BLZ,Belice,1993,15.0,0.865477184724
BLZ,Belice,1994,15.0,0.882819503137
BLZ,Belice,1996,15.0,0.894073992432
BLZ,Belice,1997,15.0,0.896806575793
BLZ,Belice,1998,15.0,0.892815830921
BLZ,Belice,1999,15.0,0.900753030572
BOL,Bolivia,1990,15.0,0.792164815236
BOL,Bolivia,1992,15.0,0.860738938829
BOL,Bolivia,1997,15.0,0.758622278663
BOL,Bolivia,1999,15.0,0.772736127545
BOL,Bolivia,2000,15.0,0.812659211355
BOL,Bolivia,2001,15.0,0.796683113817
BOL,Bolivia,2002,15.0,0.810038640168
BOL,Bolivia,2004,15.0,0.773653291957
BOL,Bolivia,2005,15.0,0.745215939849
BOL,Bolivia,2006,15.0,0.710106326005
BOL,Bolivia,2007,15.0,0.719172817641
BOL,Bolivia,2008,15.0,0.66939758581
BOL,Bolivia,2009,15.0,0.634705965863
BOL,Bolivia,2011,15.0,0.574875083307
BOL,Bolivia,2012,15.0,0.556337647508
BOL,Bolivia,2013,15.0,0.523649204508
BOL,Bolivia,2014,15.0,0.527744305989
BOL,Bolivia,2015,15.0,0.534010301567
BOL,Bolivia,2016,15.0,0.540652106198
BOL,Bolivia,2017,15.0,0.530061960239
BOL,Bolivia,2018,15.0,0.530624875621
BOL,Bolivia,2019,15.0,0.510799471321
BOL,Bolivia,2020,15.0,0.534265753625
BOL,Bolivia,2021,15.0,0.503519779628
BRA,Brasil,1981,15.0,0.86815202337
BRA,Brasil,1982,15.0,0.864383287142999
BRA,Brasil,1983,15.0,0.889588915261
BRA,Brasil,1984,15.0,0.893522562816
BRA,Brasil,1985,15.0,0.877039746788
BRA,Brasil,1986,15.0,0.766269263284
BRA,Brasil,1987,15.0,0.822962659351
BRA,Brasil,1988,15.0,0.830077431204
BRA,Brasil,1989,15.0,0.800959902704
BRA,Brasil,1990,15.0,0.843848088167
BRA,Brasil,1992,15.0,0.87882306874
BRA,Brasil,1993,15.0,0.851875464745
BRA,Brasil,1995,15.0,0.782377907027
BRA,Brasil,1996,15.0,0.77570065684
BRA,Brasil,1997,15.0,0.779285972929
BRA,Brasil,1998,15.0,0.776032057946
BRA,Brasil,1999,15.0,0.792479083002
BRA,Brasil,2001,15.0,0.756116267805
BRA,Brasil,2002,15.0,0.754287938222
BRA,Brasil,2003,15.0,0.764107376844
BRA,Brasil,2004,15.0,0.762546972238
BRA,Brasil,2005,15.0,0.748731592939
BRA,Brasil,2006,15.0,0.725152294395
BRA,Brasil,2007,15.0,0.706264005747
BRA,Brasil,2008,15.0,0.68573800589
BRA,Brasil,2009,15.0,0.671542128848
BRA,Brasil,2011,15.0,0.632943811413
BRA,Brasil,2012,15.0,0.609660247287
BRA,Brasil,2013,15.0,0.587633536852
BRA,Brasil,2014,15.0,0.576926067923
BRA,Brasil,2015,15.0,0.584506933143
BRA,Brasil,2016,15.0,0.591606428673
BRA,Brasil,2017,15.0,0.58666769127
BRA,Brasil,2018,15.0,0.576141410461
BRA,Brasil,2019,15.0,0.564791152752
BRA,Brasil,2020,15.0,0.560727109192
BRA,Brasil,2021,15.0,0.62058105666
CHL,Chile,1987,15.0,0.847945371126
CHL,Chile,1990,15.0,0.819425927816
CHL,Chile,1992,15.0,0.803313549302
CHL,Chile,1994,15.0,0.767377796632
CHL,Chile,1996,15.0,0.736245503404999
CHL,Chile,1998,15.0,0.717489010366
CHL,Chile,2000,15.0,0.757766020057
CHL,Chile,2003,15.0,0.755977059188
CHL,Chile,2006,15.0,0.707149293739
CHL,Chile,2009,15.0,0.679967080814
CHL,Chile,2011,15.0,0.635943257784
CHL,Chile,2013,15.0,0.536802177503
CHL,Chile,2015,15.0,0.492287437733
CHL,Chile,2017,15.0,0.426706418695
CHL,Chile,2020,15.0,0.426084525905
COL,Colombia,1980,15.0,0.850876961711
COL,Colombia,1988,15.0,0.827235574671
COL,Colombia,1989,15.0,0.835851097751
COL,Colombia,1991,15.0,0.820749428815
COL,Colombia,1992,15.0,0.829645874973
COL,Colombia,1996,15.0,0.866930962534
COL,Colombia,1999,15.0,0.868575009328
COL,Colombia,2000,15.0,0.849862862182
COL,Colombia,2001,15.0,0.886786084610999
COL,Colombia,2002,15.0,0.83530954605
COL,Colombia,2003,15.0,0.844031955472
COL,Colombia,2004,15.0,0.835122471866
COL,Colombia,2005,15.0,0.816958598258
COL,Colombia,2008,15.0,0.779187673467
COL,Colombia,2009,15.0,0.775169685971
COL,Colombia,2010,15.0,0.754419701096
COL,Colombia,2011,15.0,0.737967006638
COL,Colombia,2012,15.0,0.725822398657
COL,Colombia,2013,15.0,0.710304827499
COL,Colombia,2014,15.0,0.693002201091
COL,Colombia,2015,15.0,0.692820430965
COL,Colombia,2016,15.0,0.699130712274
COL,Colombia,2017,15.0,0.699270985505
COL,Colombia,2018,15.0,0.696857748915
COL,Colombia,2019,15.0,0.697232022644999
COL,Colombia,2020,15.0,0.749397043197
COL,Colombia,2021,15.0,0.7295843687
CRI,Costa Rica,1981,15.0,0.927595448533
CRI,Costa Rica,1986,15.0,0.96773499333
CRI,Costa Rica,1989,15.0,0.821770278006
CRI,Costa Rica,1990,15.0,0.812573973676
CRI,Costa Rica,1991,15.0,0.84677338869
CRI,Costa Rica,1992,15.0,0.822967033333
CRI,Costa Rica,1993,15.0,0.766799654087
CRI,Costa Rica,1994,15.0,0.737121439187
CRI,Costa Rica,1995,15.0,0.744761625118
CRI,Costa Rica,1996,15.0,0.768479719194
CRI,Costa Rica,1997,15.0,0.7509514512
CRI,Costa Rica,1998,15.0,0.705278333125
CRI,Costa Rica,1999,15.0,0.722656041953
CRI,Costa Rica,2000,15.0,0.721371299359
CRI,Costa Rica,2001,15.0,0.623232566874
CRI,Costa Rica,2002,15.0,0.62892039653
CRI,Costa Rica,2003,15.0,0.604831925345
CRI,Costa Rica,2004,15.0,0.638384277873
CRI,Costa Rica,2005,15.0,0.616500809236
CRI,Costa Rica,2006,15.0,0.612366923651
CRI,Costa Rica,2007,15.0,0.577976792555
CRI,Costa Rica,2008,15.0,0.560304834201999
CRI,Costa Rica,2009,15.0,0.531591659582
CRI,Costa Rica,2010,15.0,0.504032454981
CRI,Costa Rica,2011,15.0,0.489932076922
CRI,Costa Rica,2012,15.0,0.473427764799
CRI,Costa Rica,2013,15.0,0.476429730891
CRI,Costa Rica,2014,15.0,0.478073799675
CRI,Costa Rica,2015,15.0,0.473095730145
CRI,Costa Rica,2016,15.0,0.457787666474
CRI,Costa Rica,2017,15.0,0.448031695067
CRI,Costa Rica,2018,15.0,0.453836084402
CRI,Costa Rica,2019,15.0,0.465344167929
CRI,Costa Rica,2020,15.0,0.535179282634
CRI,Costa Rica,2021,15.0,0.474278096623
CRI,Costa Rica,2022,15.0,0.472671359225
DOM,Rep. Dominicana,1986,15.0,0.732322957159
DOM,Rep. Dominicana,1989,15.0,0.896999688318
DOM,Rep. Dominicana,1992,15.0,0.844901708984
DOM,Rep. Dominicana,1996,15.0,0.779731225194
DOM,Rep. Dominicana,1997,15.0,0.755077155655
DOM,Rep. Dominicana,2000,15.0,0.728954011699
DOM,Rep. Dominicana,2001,15.0,0.748853448389
DOM,Rep. Dominicana,2002,15.0,0.753766199501
DOM,Rep. Dominicana,2003,15.0,0.811432259382
DOM,Rep. Dominicana,2004,15.0,0.851480137821
DOM,Rep. Dominicana,2005,15.0,0.801890069016
DOM,Rep. Dominicana,2006,15.0,0.769078727653
DOM,Rep. Dominicana,2007,15.0,0.796453765959
DOM,Rep. Dominicana,2008,15.0,0.798129057906
DOM,Rep. Dominicana,2009,15.0,0.782415024684
DOM,Rep. Dominicana,2010,15.0,0.770542067025
DOM,Rep. Dominicana,2011,15.0,0.757702445337
DOM,Rep. Dominicana,2012,15.0,0.776266765023
DOM,Rep. Dominicana,2013,15.0,0.772647205151
DOM,Rep. Dominicana,2014,15.0,0.728858469702999
DOM,Rep. Dominicana,2015,15.0,0.699097771913
DOM,Rep. Dominicana,2016,15.0,0.675560438973
DOM,Rep. Dominicana,2017,15.0,0.699963774233
DOM,Rep. Dominicana,2018,15.0,0.661384409386
DOM,Rep. Dominicana,2019,15.0,0.637690704053
DOM,Rep. Dominicana,2020,15.0,0.682533635763
DOM,Rep. Dominicana,2021,15.0,0.705257993414
ECU,Ecuador,1987,15.0,0.88136321946
ECU,Ecuador,1994,15.0,0.885168894116
ECU,Ecuador,1995,15.0,0.878405488261
ECU,Ecuador,1998,15.0,0.879918515677
ECU,Ecuador,1999,15.0,0.889558101326
ECU,Ecuador,2000,15.0,0.925463720234
ECU,Ecuador,2003,15.0,0.844720910114
ECU,Ecuador,2004,15.0,0.849361996767999
ECU,Ecuador,2005,15.0,0.801124679163
ECU,Ecuador,2006,15.0,0.780906649625
ECU,Ecuador,2007,15.0,0.760846141664
ECU,Ecuador,2008,15.0,0.759111289047
ECU,Ecuador,2009,15.0,0.769575762038
ECU,Ecuador,2010,15.0,0.739420389311
ECU,Ecuador,2011,15.0,0.705153113294
ECU,Ecuador,2012,15.0,0.682003673486
ECU,Ecuador,2013,15.0,0.680552554331
ECU,Ecuador,2014,15.0,0.665016898294
ECU,Ecuador,2015,15.0,0.66273568602
ECU,Ecuador,2016,15.0,0.669666103885
ECU,Ecuador,2017,15.0,0.655320780579
ECU,Ecuador,2018,15.0,0.66415628757
ECU,Ecuador,2019,15.0,0.665683671362
ECU,Ecuador,2020,15.0,0.718578263213
ECU,Ecuador,2021,15.0,0.691714315469
ECU,Ecuador,2022,15.0,0.680724437545
GTM,Guatemala,1986,15.0,0.968783882699
GTM,Guatemala,1989,15.0,0.925818238256
GTM,Guatemala,1998,15.0,0.843563515375
GTM,Guatemala,2000,15.0,0.811227997681
GTM,Guatemala,2006,15.0,0.795639112139
GTM,Guatemala,2014,15.0,0.858908342561
GUY,Guyana,1992,15.0,0.982311870437999
GUY,Guyana,1998,15.0,0.88719446247
HND,Honduras,1986,15.0,0.966860520707
HND,Honduras,1989,15.0,0.942822053446
HND,Honduras,1990,15.0,0.951436369132
HND,Honduras,1991,15.0,0.938842041276
HND,Honduras,1992,15.0,0.933021037432
HND,Honduras,1993,15.0,0.914578742438
HND,Honduras,1994,15.0,0.901845292259
HND,Honduras,1995,15.0,0.904347315244
HND,Honduras,1996,15.0,0.917978311423
HND,Honduras,1997,15.0,0.88776332301
HND,Honduras,1998,15.0,0.874317342692
HND,Honduras,1999,15.0,0.87930709052
HND,Honduras,2001,15.0,0.814799714072
HND,Honduras,2002,15.0,0.858956613223
HND,Honduras,2003,15.0,0.870450172529
HND,Honduras,2004,15.0,0.859621817448
HND,Honduras,2005,15.0,0.84505850411
HND,Honduras,2006,15.0,0.823374998359
HND,Honduras,2007,15.0,0.801030919189
HND,Honduras,2008,15.0,0.799476882696
HND,Honduras,2009,15.0,0.785597614866
HND,Honduras,2010,15.0,0.792626413823
HND,Honduras,2011,15.0,0.802142975716
HND,Honduras,2012,15.0,0.833480635011
HND,Honduras,2013,15.0,0.828907864799
HND,Honduras,2014,15.0,0.825018216164
HND,Honduras,2015,15.0,0.826090599133
HND,Honduras,2016,15.0,0.804552100791
HND,Honduras,2017,15.0,0.816729697511
HND,Honduras,2018,15.0,0.806385702676
HND,Honduras,2019,15.0,0.803501916786
HTI,Haití,2001,15.0,0.978323624765
HTI,Haití,2012,15.0,0.961875225511
LCA,Santa Lucía,1995,15.0,0.981930126396999
LCA,Santa Lucía,2016,15.0,0.574960620734
MEX,México,1984,15.0,0.843371683613999
MEX,México,1989,15.0,0.844826301778
MEX,México,1992,15.0,0.794640418955
MEX,México,1994,15.0,0.786357074994
MEX,México,1996,15.0,0.877237066795
MEX,México,1998,15.0,0.840026401594
MEX,México,2000,15.0,0.798823644909
MEX,México,2002,15.0,0.790488275896
MEX,México,2004,15.0,0.77127003226
MEX,México,2005,15.0,0.764951954675
MEX,México,2006,15.0,0.74934989236
MEX,México,2008,15.0,0.734631849955999
MEX,México,2010,15.0,0.757253883522
MEX,México,2012,15.0,0.737611627209
MEX,México,2014,15.0,0.77016423356
MEX,México,2016,15.0,0.727027874617
MEX,México,2018,15.0,0.717095444021
MEX,México,2020,15.0,0.722950057789
NIC,Nicaragua,1993,15.0,0.940881068831
NIC,Nicaragua,1998,15.0,0.926419306345
NIC,Nicaragua,2001,15.0,0.910914015443
NIC,Nicaragua,2005,15.0,0.886038382467
NIC,Nicaragua,2009,15.0,0.883369552177
NIC,Nicaragua,2014,15.0,0.806037426978
PAN,Panamá,1979,15.0,0.717168247129
PAN,Panamá,1989,15.0,0.762761979676
PAN,Panamá,1991,15.0,0.744508076902
PAN,Panamá,1995,15.0,0.680452058963
PAN,Panamá,1997,15.0,0.677623662408
PAN,Panamá,1998,15.0,0.689126375768
PAN,Panamá,1999,15.0,0.66491986896
PAN,Panamá,2000,15.0,0.649126979808
PAN,Panamá,2001,15.0,0.684751933956
PAN,Panamá,2002,15.0,0.659154358224
PAN,Panamá,2003,15.0,0.654839375758
PAN,Panamá,2004,15.0,0.644888145448
PAN,Panamá,2005,15.0,0.638346272255
PAN,Panamá,2006,15.0,0.637419811787
PAN,Panamá,2007,15.0,0.608024840927
PAN,Panamá,2008,15.0,0.535132120282
PAN,Panamá,2009,15.0,0.537609545048
PAN,Panamá,2010,15.0,0.517192611451
PAN,Panamá,2011,15.0,0.471539565846
PAN,Panamá,2012,15.0,0.463550612909
PAN,Panamá,2013,15.0,0.44748992438
PAN,Panamá,2014,15.0,0.431640575073
PAN,Panamá,2015,15.0,0.400156238055
PAN,Panamá,2016,15.0,0.384642644107
PAN,Panamá,2017,15.0,0.369246452025
PAN,Panamá,2018,15.0,0.348561152974
PAN,Panamá,2019,15.0,0.338646946132
PAN,Panamá,2021,15.0,0.390133230419
PER,Perú,1997,15.0,0.870338542191
PER,Perú,1998,15.0,0.86919063588
PER,Perú,1999,15.0,0.876155990334
PER,Perú,2000,15.0,0.8917165434
PER,Perú,2001,15.0,0.890126326056
PER,Perú,2002,15.0,0.86985884689
PER,Perú,2003,15.0,0.861486165255
PER,Perú,2004,15.0,0.870689629899
PER,Perú,2005,15.0,0.885373089882
PER,Perú,2006,15.0,0.855503686182
PER,Perú,2007,15.0,0.818712085174
PER,Perú,2008,15.0,0.806865307523
PER,Perú,2009,15.0,0.789617167779
PER,Perú,2010,15.0,0.776807634329
PER,Perú,2011,15.0,0.761898091123
PER,Perú,2012,15.0,0.73742288139
PER,Perú,2013,15.0,0.731966805759
PER,Perú,2014,15.0,0.726780313724
PER,Perú,2015,15.0,0.730178544377
PER,Perú,2016,15.0,0.708950163271
PER,Perú,2017,15.0,0.71320451017
PER,Perú,2018,15.0,0.702324075813
PER,Perú,2019,15.0,0.690798797305
PER,Perú,2020,15.0,0.799515106929
PER,Perú,2021,15.0,0.760077773996
PRY,Paraguay,1990,15.0,0.638257292446
PRY,Paraguay,1995,15.0,0.735506171044
PRY,Paraguay,1997,15.0,0.677474720081
PRY,Paraguay,1999,15.0,0.727994294643
PRY,Paraguay,2001,15.0,0.723306343311
PRY,Paraguay,2002,15.0,0.809126704402
PRY,Paraguay,2003,15.0,0.762308115834
PRY,Paraguay,2004,15.0,0.768934951574
PRY,Paraguay,2005,15.0,0.738639538042
PRY,Paraguay,2006,15.0,0.776478595380999
PRY,Paraguay,2007,15.0,0.750729488857999
PRY,Paraguay,2008,15.0,0.721808680439
PRY,Paraguay,2009,15.0,0.718409527747
PRY,Paraguay,2010,15.0,0.699215397658
PRY,Paraguay,2011,15.0,0.6676437602
PRY,Paraguay,2012,15.0,0.631662011372
PRY,Paraguay,2013,15.0,0.589621458895
PRY,Paraguay,2014,15.0,0.585085696197
PRY,Paraguay,2015,15.0,0.58639378114
PRY,Paraguay,2016,15.0,0.606845939282
PRY,Paraguay,2017,15.0,0.591153516309
PRY,Paraguay,2018,15.0,0.578269347073
PRY,Paraguay,2019,15.0,0.568736788307
PRY,Paraguay,2020,15.0,0.602727016684
PRY,Paraguay,2021,15.0,0.602041055549
PRY,Paraguay,2022,15.0,0.578740115025
SLV,El Salvador,1989,15.0,0.885298901367
SLV,El Salvador,1991,15.0,0.89350639012
SLV,El Salvador,1995,15.0,0.872784214311
SLV,El Salvador,1996,15.0,0.865866375923
SLV,El Salvador,1998,15.0,0.847666155135
SLV,El Salvador,1999,15.0,0.838686131989
SLV,El Salvador,2000,15.0,0.809904652792
SLV,El Salvador,2001,15.0,0.821127625364999
SLV,El Salvador,2002,15.0,0.815244990231
SLV,El Salvador,2003,15.0,0.836791315129
SLV,El Salvador,2004,15.0,0.830464976382
SLV,El Salvador,2005,15.0,0.827849583063
SLV,El Salvador,2006,15.0,0.844009662375999
SLV,El Salvador,2007,15.0,0.828488930625
SLV,El Salvador,2008,15.0,0.826419314479999
SLV,El Salvador,2009,15.0,0.84446070294
SLV,El Salvador,2010,15.0,0.840512082874
SLV,El Salvador,2011,15.0,0.850451655748999
SLV,El Salvador,2012,15.0,0.845618751247
SLV,El Salvador,2013,15.0,0.821704737993
SLV,El Salvador,2014,15.0,0.817831486409
SLV,El Salvador,2015,15.0,0.816776435825
SLV,El Salvador,2016,15.0,0.803822065619
SLV,El Salvador,2017,15.0,0.802713811039
SLV,El Salvador,2018,15.0,0.766868190367
SLV,El Salvador,2019,15.0,0.734143738608
SLV,El Salvador,2021,15.0,0.713193840848
SLV,El Salvador,2022,15.0,0.711554073406
SUR,Suriname,1999,15.0,0.745572609209
TTO,Trinidad y Tobago,1988,15.0,0.538151680732
TTO,Trinidad y Tobago,1992,15.0,0.712399183114999
URY,Uruguay,1981,15.0,0.506898206477
URY,Uruguay,1989,15.0,0.465578592582
URY,Uruguay,1992,15.0,0.427043202466
URY,Uruguay,1995,15.0,0.412247518567
URY,Uruguay,1996,15.0,0.423064380482
URY,Uruguay,1997,15.0,0.43041263723
URY,Uruguay,1998,15.0,0.403564542849
URY,Uruguay,2000,15.0,0.432961723169
URY,Uruguay,2001,15.0,0.461784709444
URY,Uruguay,2002,15.0,0.518906262402
URY,Uruguay,2003,15.0,0.609364104436
URY,Uruguay,2004,15.0,0.603617081732
URY,Uruguay,2005,15.0,0.578815529343
URY,Uruguay,2006,15.0,0.580511313766
URY,Uruguay,2007,15.0,0.541047072942
URY,Uruguay,2008,15.0,0.483589054821
URY,Uruguay,2009,15.0,0.449599016915
URY,Uruguay,2010,15.0,0.437347245178
URY,Uruguay,2011,15.0,0.372634874244
URY,Uruguay,2012,15.0,0.34933799777
URY,Uruguay,2013,15.0,0.329672715117
URY,Uruguay,2014,15.0,0.300537614097
URY,Uruguay,2015,15.0,0.296266237747
URY,Uruguay,2016,15.0,0.297839940146
URY,Uruguay,2017,15.0,0.279219758423
URY,Uruguay,2018,15.0,0.291967761056
URY,Uruguay,2019,15.0,0.299165085119
URY,Uruguay,2020,15.0,0.343455755415
URY,Uruguay,2021,15.0,0.343395572348
VEN,Venezuela,1981,15.0,0.683958163361
VEN,Venezuela,1987,15.0,0.710053623343
VEN,Venezuela,1989,15.0,0.714080897167
VEN,Venezuela,1992,15.0,0.755647813967
VEN,Venezuela,1995,15.0,0.836512438505
VEN,Venezuela,1998,15.0,0.8129391962
VEN,Venezuela,1999,15.0,0.849906867541
VEN,Venezuela,2001,15.0,0.829142940912
VEN,Venezuela,2002,15.0,0.874848105452
VEN,Venezuela,2003,15.0,0.911131220232
VEN,Venezuela,2004,15.0,0.889925906016
VEN,Venezuela,2005,15.0,0.83931846612
VEN,Venezuela,2006,15.0,0.767019405197
