"geocodigoFundar","geonombreFundar","anio","salario_real_ppa_consumo_privado_2017"
"DEU","Alemania","1970","2634.62367"
"DEU","Alemania","1971","2791.56204"
"DEU","Alemania","1972","2906.97383"
"DEU","Alemania","1973","3036.74162"
"DEU","Alemania","1974","3167.96302"
"DEU","Alemania","1975","3206.30455"
"DEU","Alemania","1976","3318.63998"
"DEU","Alemania","1977","3407.79850"
"DEU","Alemania","1978","3497.93941"
"DEU","Alemania","1979","3559.61157"
"DEU","Alemania","1980","3602.70342"
"DEU","Alemania","1981","3551.93192"
"DEU","Alemania","1982","3520.85603"
"DEU","Alemania","1983","3538.17128"
"DEU","Alemania","1984","3633.72819"
"DEU","Alemania","1985","3656.15752"
"DEU","Alemania","1986","3772.54226"
"DEU","Alemania","1987","3877.69156"
"DEU","Alemania","1988","3953.84095"
"DEU","Alemania","1989","3926.61159"
"DEU","Alemania","1990","3935.37812"
"DEU","Alemania","1991","4231.16873"
"DEU","Alemania","1992","4442.35978"
"DEU","Alemania","1993","4419.16534"
"DEU","Alemania","1994","4461.25941"
"DEU","Alemania","1995","4553.39463"
"DEU","Alemania","1996","4550.14185"
"DEU","Alemania","1997","4504.21235"
"DEU","Alemania","1998","4495.51375"
"DEU","Alemania","1999","4592.53728"
"DEU","Alemania","2000","4690.35649"
"DEU","Alemania","2001","4668.47281"
"DEU","Alemania","2002","4674.74299"
"DEU","Alemania","2003","4707.84357"
"DEU","Alemania","2004","4683.00629"
"DEU","Alemania","2005","4523.96328"
"DEU","Alemania","2006","4420.95298"
"DEU","Alemania","2007","4342.76419"
"DEU","Alemania","2008","4315.54595"
"DEU","Alemania","2009","4328.74741"
"DEU","Alemania","2010","4461.09408"
"DEU","Alemania","2011","4472.70638"
"DEU","Alemania","2012","4515.49926"
"DEU","Alemania","2013","4512.52527"
"DEU","Alemania","2014","4599.28310"
"DEU","Alemania","2015","4709.12109"
"DEU","Alemania","2016","4726.71518"
"DEU","Alemania","2017","4800.72106"
"DEU","Alemania","2018","4891.18826"
"DEU","Alemania","2019","4972.43149"
"DEU","Alemania","2021","5033.09948"
"ARG","Argentina","1935","1074.56992"
"ARG","Argentina","1936","1052.47093"
"ARG","Argentina","1937","1066.36623"
"ARG","Argentina","1938","1117.63289"
"ARG","Argentina","1939","1090.34593"
"ARG","Argentina","1940","1084.94095"
"ARG","Argentina","1941","1101.14684"
"ARG","Argentina","1942","1102.76322"
"ARG","Argentina","1943","1137.81193"
"ARG","Argentina","1944","1262.71246"
"ARG","Argentina","1945","1161.08956"
"ARG","Argentina","1946","1291.17167"
"ARG","Argentina","1947","1561.45644"
"ARG","Argentina","1948","1830.73070"
"ARG","Argentina","1949","1824.05277"
"ARG","Argentina","1950","1713.48205"
"ARG","Argentina","1951","1619.77653"
"ARG","Argentina","1952","1508.57222"
"ARG","Argentina","1953","1610.70489"
"ARG","Argentina","1954","1767.11285"
"ARG","Argentina","1955","1725.19509"
"ARG","Argentina","1956","1849.67298"
"ARG","Argentina","1957","1786.46178"
"ARG","Argentina","1958","1953.78050"
"ARG","Argentina","1959","1505.34640"
"ARG","Argentina","1960","1533.25784"
"ARG","Argentina","1961","1683.89070"
"ARG","Argentina","1962","1678.04231"
"ARG","Argentina","1963","1652.61730"
"ARG","Argentina","1964","1826.71774"
"ARG","Argentina","1965","2008.03785"
"ARG","Argentina","1966","2017.02597"
"ARG","Argentina","1967","2009.10819"
"ARG","Argentina","1968","1925.96335"
"ARG","Argentina","1969","2024.81377"
"ARG","Argentina","1970","2109.27803"
"ARG","Argentina","1971","2223.36818"
"ARG","Argentina","1972","2098.18644"
"ARG","Argentina","1973","2418.09112"
"ARG","Argentina","1974","2787.76914"
"ARG","Argentina","1975","2732.11238"
"ARG","Argentina","1976","1717.79958"
"ARG","Argentina","1977","1642.72767"
"ARG","Argentina","1978","1662.61994"
"ARG","Argentina","1979","1883.35742"
"ARG","Argentina","1980","2139.94472"
"ARG","Argentina","1981","1933.68456"
"ARG","Argentina","1982","1603.73236"
"ARG","Argentina","1983","2126.26151"
"ARG","Argentina","1984","2389.44806"
"ARG","Argentina","1985","2047.50505"
"ARG","Argentina","1986","2041.74533"
"ARG","Argentina","1987","1935.17800"
"ARG","Argentina","1988","1740.87457"
"ARG","Argentina","1989","1378.88176"
"ARG","Argentina","1990","1644.24010"
"ARG","Argentina","1991","1683.82950"
"ARG","Argentina","1992","1748.54920"
"ARG","Argentina","1993","1853.56839"
"ARG","Argentina","1994","1806.19259"
"ARG","Argentina","1995","1739.23844"
"ARG","Argentina","1996","1673.50923"
"ARG","Argentina","1997","1649.58415"
"ARG","Argentina","1998","1648.23669"
"ARG","Argentina","1999","1664.17044"
"ARG","Argentina","2000","1675.32959"
"ARG","Argentina","2001","1703.31166"
"ARG","Argentina","2002","1382.04686"
"ARG","Argentina","2003","1342.23627"
"ARG","Argentina","2004","1453.81331"
"ARG","Argentina","2005","1586.80534"
"ARG","Argentina","2006","1767.47665"
"ARG","Argentina","2007","1828.95146"
"ARG","Argentina","2008","1917.38480"
"ARG","Argentina","2009","2026.62403"
"ARG","Argentina","2010","2062.04331"
"ARG","Argentina","2011","2227.66117"
"ARG","Argentina","2012","2313.20926"
"ARG","Argentina","2013","2345.78577"
"ARG","Argentina","2014","2262.67999"
"ARG","Argentina","2015","2412.76631"
"ARG","Argentina","2016","2289.74170"
"ARG","Argentina","2017","2333.41548"
"ARG","Argentina","2018","2183.82235"
"ARG","Argentina","2019","2005.26250"
"ARG","Argentina","2020","2003.94435"
"ARG","Argentina","2021","1972.74780"
"ARG","Argentina","2022","1955.68385"
"ARG","Argentina","2023","1951.73542"
"ARG","Argentina","2024","1802.15116"
"ARG","Argentina","2025","1940.02373"
"AUS","Australia","1964","2253.61725"
"AUS","Australia","1965","2278.35304"
"AUS","Australia","1966","2302.80532"
"AUS","Australia","1967","2351.19789"
"AUS","Australia","1968","2464.17405"
"AUS","Australia","1969","2605.86972"
"AUS","Australia","1970","2776.80934"
"AUS","Australia","1971","2854.46306"
"AUS","Australia","1972","2957.14060"
"AUS","Australia","1973","3209.18655"
"AUS","Australia","1974","3567.22462"
"AUS","Australia","1975","3595.59158"
"AUS","Australia","1976","3577.81490"
"AUS","Australia","1977","3441.01873"
"AUS","Australia","1978","3417.39113"
"AUS","Australia","1979","3457.29996"
"AUS","Australia","1980","3529.42068"
"AUS","Australia","1981","3647.33000"
"AUS","Australia","1982","3626.90792"
"AUS","Australia","1983","3553.08466"
"AUS","Australia","1984","3642.22930"
"AUS","Australia","1985","3611.24534"
"AUS","Australia","1986","3466.68400"
"AUS","Australia","1987","3423.96538"
"AUS","Australia","1988","3442.19277"
"AUS","Australia","1989","3420.04696"
"AUS","Australia","1990","3251.62192"
"AUS","Australia","1991","3292.68360"
"AUS","Australia","1992","3410.78683"
"AUS","Australia","1993","3497.28948"
"AUS","Australia","1994","3504.72789"
"AUS","Australia","1995","3449.32397"
"AUS","Australia","1996","3538.14014"
"AUS","Australia","1997","3649.96826"
"AUS","Australia","1998","3760.31235"
"AUS","Australia","1999","3839.04068"
"AUS","Australia","2000","3815.34265"
"AUS","Australia","2001","3792.57305"
"AUS","Australia","2002","3840.35696"
"AUS","Australia","2003","3886.25959"
"AUS","Australia","2004","4001.35812"
"AUS","Australia","2005","4029.80559"
"AUS","Australia","2006","4127.08230"
"AUS","Australia","2007","4241.65031"
"AUS","Australia","2008","4100.47193"
"AUS","Australia","2009","4161.00414"
"AUS","Australia","2010","4320.75379"
"AUS","Australia","2011","4369.80404"
"AUS","Australia","2012","4350.02258"
"AUS","Australia","2013","4342.97163"
"AUS","Australia","2014","4333.64831"
"AUS","Australia","2015","4325.96880"
"AUS","Australia","2016","4296.56097"
"AUS","Australia","2017","4312.36385"
"AUS","Australia","2018","4323.33531"
"AUS","Australia","2019","4329.63476"
"AUS","Australia","2020","4520.37414"
"AUS","Australia","2021","4514.52570"
"AUT","Austria","1970","2506.29387"
"AUT","Austria","1971","2690.36382"
"AUT","Austria","1972","2803.62536"
"AUT","Austria","1973","2941.02510"
"AUT","Austria","1974","3075.02212"
"AUT","Austria","1975","3188.10454"
"AUT","Austria","1976","3231.30841"
"AUT","Austria","1977","3314.68047"
"AUT","Austria","1978","3477.69120"
"AUT","Austria","1979","3545.27414"
"AUT","Austria","1980","3576.77150"
"AUT","Austria","1981","3598.14986"
"AUT","Austria","1982","3604.33388"
"AUT","Austria","1983","3655.67827"
"AUT","Austria","1984","3625.75535"
"AUT","Austria","1985","3690.54530"
"AUT","Austria","1986","3829.98949"
"AUT","Austria","1987","3924.23281"
"AUT","Austria","1988","3953.93437"
"AUT","Austria","1989","4019.53157"
"AUT","Austria","1990","4095.65836"
"AUT","Austria","1991","4205.91149"
"AUT","Austria","1992","4236.24409"
"AUT","Austria","1993","4268.43984"
"AUT","Austria","1994","4131.99844"
"AUT","Austria","1995","4188.53293"
"AUT","Austria","1996","4197.15956"
"AUT","Austria","1997","4192.96966"
"AUT","Austria","1998","4317.86291"
"AUT","Austria","1999","4430.31981"
"AUT","Austria","2000","4440.18831"
"AUT","Austria","2001","4399.96859"
"AUT","Austria","2002","4425.25982"
"AUT","Austria","2003","4351.73482"
"AUT","Austria","2004","4484.72994"
"AUT","Austria","2005","4467.38381"
"AUT","Austria","2006","4525.81360"
"AUT","Austria","2007","4571.76868"
"AUT","Austria","2008","4573.19103"
"AUT","Austria","2009","4612.30619"
"AUT","Austria","2010","4588.68795"
"AUT","Austria","2011","4547.02126"
"AUT","Austria","2012","4574.63808"
"AUT","Austria","2013","4593.93192"
"AUT","Austria","2014","4642.91274"
"AUT","Austria","2015","4687.60543"
"AUT","Austria","2016","4732.06842"
"AUT","Austria","2017","4734.71742"
"AUT","Austria","2018","4794.50692"
"AUT","Austria","2019","4886.05740"
"AUT","Austria","2020","4874.54023"
"AUT","Austria","2021","4937.88003"
"BEL","Bélgica","1970","2904.66240"
"BEL","Bélgica","1971","3118.92619"
"BEL","Bélgica","1972","3379.54404"
"BEL","Bélgica","1973","3580.72246"
"BEL","Bélgica","1974","3750.41240"
"BEL","Bélgica","1975","3876.06716"
"BEL","Bélgica","1976","4119.75733"
"BEL","Bélgica","1977","4198.49906"
"BEL","Bélgica","1978","4315.63733"
"BEL","Bélgica","1979","4374.53867"
"BEL","Bélgica","1980","4373.15937"
"BEL","Bélgica","1981","4356.42867"
"BEL","Bélgica","1982","4301.86066"
"BEL","Bélgica","1983","4234.47838"
"BEL","Bélgica","1984","4283.21354"
"BEL","Bélgica","1985","4275.03995"
"BEL","Bélgica","1986","4369.71474"
"BEL","Bélgica","1987","4399.89884"
"BEL","Bélgica","1988","4464.91742"
"BEL","Bélgica","1989","4567.49327"
"BEL","Bélgica","1990","4687.14942"
"BEL","Bélgica","1991","4886.55474"
"BEL","Bélgica","1992","5029.74298"
"BEL","Bélgica","1993","5131.26904"
"BEL","Bélgica","1994","5219.74051"
"BEL","Bélgica","1995","5250.91944"
"BEL","Bélgica","1996","5216.91766"
"BEL","Bélgica","1997","5284.33997"
"BEL","Bélgica","1998","5323.93757"
"BEL","Bélgica","1999","5161.40929"
"BEL","Bélgica","2000","5111.86801"
"BEL","Bélgica","2001","5272.93684"
"BEL","Bélgica","2002","5423.99474"
"BEL","Bélgica","2003","5412.21143"
"BEL","Bélgica","2004","5363.59704"
"BEL","Bélgica","2005","5293.67840"
"BEL","Bélgica","2006","5403.72522"
"BEL","Bélgica","2007","5429.72231"
"BEL","Bélgica","2008","5370.23851"
"BEL","Bélgica","2009","5474.49357"
"BEL","Bélgica","2010","5365.43293"
"BEL","Bélgica","2011","5389.00154"
"BEL","Bélgica","2012","5403.85030"
"BEL","Bélgica","2013","5486.69305"
"BEL","Bélgica","2014","5490.45786"
"BEL","Bélgica","2015","5538.60325"
"BEL","Bélgica","2016","5462.36436"
"BEL","Bélgica","2017","5438.77452"
"BEL","Bélgica","2018","5353.48827"
"BEL","Bélgica","2019","5394.42480"
"BEL","Bélgica","2020","5318.51010"
"BEL","Bélgica","2021","5397.27437"
"CAN","Canadá","1970","2968.43632"
"CAN","Canadá","1971","3082.91979"
"CAN","Canadá","1972","3169.11532"
"CAN","Canadá","1973","3200.66048"
"CAN","Canadá","1974","3290.94113"
"CAN","Canadá","1975","3398.20737"
"CAN","Canadá","1976","3432.11120"
"CAN","Canadá","1977","3455.01342"
"CAN","Canadá","1978","3349.86219"
"CAN","Canadá","1979","3305.17453"
"CAN","Canadá","1980","3281.04421"
"CAN","Canadá","1981","3264.06933"
"CAN","Canadá","1982","3271.75517"
"CAN","Canadá","1983","3228.52664"
"CAN","Canadá","1984","3253.36704"
"CAN","Canadá","1985","3304.32517"
"CAN","Canadá","1986","3248.93360"
"CAN","Canadá","1987","3280.07757"
"CAN","Canadá","1988","3353.93813"
"CAN","Canadá","1989","3365.41176"
"CAN","Canadá","1990","3366.99005"
"CAN","Canadá","1991","3350.02681"
"CAN","Canadá","1992","3425.70353"
"CAN","Canadá","1993","3425.93682"
"CAN","Canadá","1994","3446.83662"
"CAN","Canadá","1995","3417.58779"
"CAN","Canadá","1996","3437.72166"
"CAN","Canadá","1997","3511.98953"
"CAN","Canadá","1998","3591.60464"
"CAN","Canadá","1999","3611.78076"
"CAN","Canadá","2000","3705.64434"
"CAN","Canadá","2001","3690.47286"
"CAN","Canadá","2002","3658.05169"
"CAN","Canadá","2003","3616.50216"
"CAN","Canadá","2004","3679.69258"
"CAN","Canadá","2005","3750.03741"
"CAN","Canadá","2006","3838.40959"
"CAN","Canadá","2007","3906.83588"
"CAN","Canadá","2008","3929.71852"
"CAN","Canadá","2009","3961.35102"
"CAN","Canadá","2010","3947.83867"
"CAN","Canadá","2011","3972.63940"
"CAN","Canadá","2012","4035.01531"
"CAN","Canadá","2013","4122.02969"
"CAN","Canadá","2014","4175.25503"
"CAN","Canadá","2015","4211.46005"
"CAN","Canadá","2016","4125.31585"
"CAN","Canadá","2017","4134.71161"
"CAN","Canadá","2018","4188.63649"
"CAN","Canadá","2019","4185.42682"
"CAN","Canadá","2020","4353.85676"
"CAN","Canadá","2021","4349.86668"
"CZE","Chequia","1993","1621.34945"
"CZE","Chequia","1994","1739.53427"
"CZE","Chequia","1995","1799.35475"
"CZE","Chequia","1996","1945.16101"
"CZE","Chequia","1997","1972.24504"
"CZE","Chequia","1998","1892.36515"
"CZE","Chequia","1999","1970.95940"
"CZE","Chequia","2000","2051.97562"
"CZE","Chequia","2001","2120.39876"
"CZE","Chequia","2002","2233.58352"
"CZE","Chequia","2003","2400.41998"
"CZE","Chequia","2004","2527.71522"
"CZE","Chequia","2005","2590.88223"
"CZE","Chequia","2006","2679.63884"
"CZE","Chequia","2007","2775.55585"
"CZE","Chequia","2008","2749.74284"
"CZE","Chequia","2009","2695.40305"
"CZE","Chequia","2010","2764.98550"
"CZE","Chequia","2011","2791.98332"
"CZE","Chequia","2012","2773.72568"
"CZE","Chequia","2013","2714.90411"
"CZE","Chequia","2014","2790.52444"
"CZE","Chequia","2015","2861.93806"
"CZE","Chequia","2016","2946.36277"
"CZE","Chequia","2017","3086.53798"
"CZE","Chequia","2018","3266.69393"
"CZE","Chequia","2019","3411.20513"
"CZE","Chequia","2020","3404.10427"
"CZE","Chequia","2021","3455.73945"
"CHL","Chile","1995","1139.05619"
"CHL","Chile","1996","1139.07986"
"CHL","Chile","1997","1218.83103"
"CHL","Chile","1998","1278.77339"
"CHL","Chile","1999","1345.49000"
"CHL","Chile","2000","1344.28083"
"CHL","Chile","2001","1381.96525"
"CHL","Chile","2002","1400.87017"
"CHL","Chile","2003","1422.63761"
"CHL","Chile","2004","1393.02651"
"CHL","Chile","2005","1380.59329"
"CHL","Chile","2006","1414.66284"
"CHL","Chile","2007","1448.14715"
"CHL","Chile","2008","1474.68559"
"CHL","Chile","2009","1611.17838"
"CHL","Chile","2010","1826.30358"
"CHL","Chile","2011","1876.62834"
"CHL","Chile","2012","1943.59695"
"CHL","Chile","2013","2000.53993"
"CHL","Chile","2014","2008.86186"
"CHL","Chile","2015","2006.10973"
"CHL","Chile","2016","2085.98717"
"CHL","Chile","2017","2021.31200"
"CHL","Chile","2018","2119.66805"
"CHL","Chile","2019","2141.40755"
"CHL","Chile","2020","2207.07166"
"CHL","Chile","2021","2320.49429"
"COL","Colombia","2001","1227.70864"
"COL","Colombia","2002","1217.43232"
"COL","Colombia","2003","1185.92384"
"COL","Colombia","2004","1252.20636"
"COL","Colombia","2005","1238.12675"
"COL","Colombia","2006","1297.13939"
"COL","Colombia","2007","1336.68555"
"COL","Colombia","2008","1470.11332"
"COL","Colombia","2009","1521.02631"
"COL","Colombia","2010","1563.80135"
"COL","Colombia","2011","1586.10450"
"COL","Colombia","2012","1616.78101"
"COL","Colombia","2013","1655.86995"
"COL","Colombia","2014","1673.25033"
"COL","Colombia","2015","1684.99149"
"COL","Colombia","2016","1655.97462"
"COL","Colombia","2017","1688.26624"
"COL","Colombia","2018","1763.60694"
"COL","Colombia","2019","1793.79708"
"COL","Colombia","2020","2054.13406"
"COL","Colombia","2021","2047.00762"
"KOR","Corea del Sur","1970","451.15484"
"KOR","Corea del Sur","1971","468.67153"
"KOR","Corea del Sur","1972","499.65422"
"KOR","Corea del Sur","1973","609.70146"
"KOR","Corea del Sur","1974","620.24271"
"KOR","Corea del Sur","1975","627.29720"
"KOR","Corea del Sur","1976","711.62012"
"KOR","Corea del Sur","1977","786.92949"
"KOR","Corea del Sur","1978","897.99667"
"KOR","Corea del Sur","1979","978.52853"
"KOR","Corea del Sur","1980","963.24075"
"KOR","Corea del Sur","1981","960.59710"
"KOR","Corea del Sur","1982","1007.61829"
"KOR","Corea del Sur","1983","1126.02020"
"KOR","Corea del Sur","1984","1191.64858"
"KOR","Corea del Sur","1985","1217.96327"
"KOR","Corea del Sur","1986","1324.35362"
"KOR","Corea del Sur","1987","1416.94743"
"KOR","Corea del Sur","1988","1556.73539"
"KOR","Corea del Sur","1989","1620.36920"
"KOR","Corea del Sur","1990","1739.90437"
"KOR","Corea del Sur","1991","1857.31627"
"KOR","Corea del Sur","1992","1959.89800"
"KOR","Corea del Sur","1993","2121.42858"
"KOR","Corea del Sur","1994","2244.24395"
"KOR","Corea del Sur","1995","2478.72759"
"KOR","Corea del Sur","1996","2648.93829"
"KOR","Corea del Sur","1997","2645.22213"
"KOR","Corea del Sur","1998","2556.50708"
"KOR","Corea del Sur","1999","2631.08091"
"KOR","Corea del Sur","2000","2677.16000"
"KOR","Corea del Sur","2001","2773.14340"
"KOR","Corea del Sur","2002","2864.57920"
"KOR","Corea del Sur","2003","2965.31902"
"KOR","Corea del Sur","2004","3001.34518"
"KOR","Corea del Sur","2005","3082.52228"
"KOR","Corea del Sur","2006","3120.39146"
"KOR","Corea del Sur","2007","3180.21025"
"KOR","Corea del Sur","2008","3165.12882"
"KOR","Corea del Sur","2009","3160.35988"
"KOR","Corea del Sur","2010","3178.73312"
"KOR","Corea del Sur","2011","3172.14830"
"KOR","Corea del Sur","2012","3197.76320"
"KOR","Corea del Sur","2013","3250.03453"
"KOR","Corea del Sur","2014","3284.64304"
"KOR","Corea del Sur","2015","3404.62162"
"KOR","Corea del Sur","2016","3485.59292"
"KOR","Corea del Sur","2017","3537.69376"
"KOR","Corea del Sur","2018","3643.74001"
"KOR","Corea del Sur","2019","3752.57732"
"KOR","Corea del Sur","2020","3843.40905"
"KOR","Corea del Sur","2021","3897.83798"
"CRI","Costa Rica","1991","1035.89794"
"CRI","Costa Rica","1992","1062.65097"
"CRI","Costa Rica","1993","1134.35951"
"CRI","Costa Rica","1994","1376.46196"
"CRI","Costa Rica","1995","1354.47958"
"CRI","Costa Rica","1996","1367.00786"
"CRI","Costa Rica","1997","1365.84147"
"CRI","Costa Rica","1998","1385.05912"
"CRI","Costa Rica","1999","1446.93708"
"CRI","Costa Rica","2000","1471.44570"
"CRI","Costa Rica","2001","1511.87263"
"CRI","Costa Rica","2002","1526.96657"
"CRI","Costa Rica","2003","1478.30823"
"CRI","Costa Rica","2004","1482.69596"
"CRI","Costa Rica","2005","1353.42518"
"CRI","Costa Rica","2006","1401.80047"
"CRI","Costa Rica","2007","1383.08279"
"CRI","Costa Rica","2008","1436.23777"
"CRI","Costa Rica","2009","1634.92070"
"CRI","Costa Rica","2010","1706.63130"
"CRI","Costa Rica","2011","1819.00330"
"CRI","Costa Rica","2012","1791.70317"
"CRI","Costa Rica","2013","1872.93312"
"CRI","Costa Rica","2014","1891.95790"
"CRI","Costa Rica","2015","2029.76333"
"CRI","Costa Rica","2016","2169.15872"
"CRI","Costa Rica","2017","2192.38671"
"CRI","Costa Rica","2018","2236.28276"
"CRI","Costa Rica","2019","2289.67210"
"CRI","Costa Rica","2020","2540.94900"
"CRI","Costa Rica","2021","2529.76647"
"DNK","Dinamarca","1969","2686.82990"
"DNK","Dinamarca","1970","2794.72576"
"DNK","Dinamarca","1971","2939.61974"
"DNK","Dinamarca","1972","2969.21995"
"DNK","Dinamarca","1973","3081.81245"
"DNK","Dinamarca","1974","3170.45249"
"DNK","Dinamarca","1975","3297.28146"
"DNK","Dinamarca","1976","3425.15777"
"DNK","Dinamarca","1977","3350.69965"
"DNK","Dinamarca","1978","3370.42050"
"DNK","Dinamarca","1979","3265.83428"
"DNK","Dinamarca","1980","3162.95699"
"DNK","Dinamarca","1981","3169.57336"
"DNK","Dinamarca","1982","3257.93020"
"DNK","Dinamarca","1983","3288.92520"
"DNK","Dinamarca","1984","3178.78850"
"DNK","Dinamarca","1985","3180.87234"
"DNK","Dinamarca","1986","3147.20505"
"DNK","Dinamarca","1987","3294.39214"
"DNK","Dinamarca","1988","3237.27406"
"DNK","Dinamarca","1989","3290.40967"
"DNK","Dinamarca","1990","3320.44353"
"DNK","Dinamarca","1991","3352.85218"
"DNK","Dinamarca","1992","3372.05177"
"DNK","Dinamarca","1993","3440.79554"
"DNK","Dinamarca","1994","3489.69554"
"DNK","Dinamarca","1995","3471.44333"
"DNK","Dinamarca","1996","3540.63340"
"DNK","Dinamarca","1997","3566.74820"
"DNK","Dinamarca","1998","3708.66610"
"DNK","Dinamarca","1999","3738.88355"
"DNK","Dinamarca","2000","3753.50253"
"DNK","Dinamarca","2001","3845.83419"
"DNK","Dinamarca","2002","3916.53927"
"DNK","Dinamarca","2003","3952.33848"
"DNK","Dinamarca","2004","3973.34375"
"DNK","Dinamarca","2005","4072.71995"
"DNK","Dinamarca","2006","4162.28707"
"DNK","Dinamarca","2007","4350.97367"
"DNK","Dinamarca","2008","4430.93146"
"DNK","Dinamarca","2009","4519.01124"
"DNK","Dinamarca","2010","4525.37993"
"DNK","Dinamarca","2011","4463.53279"
"DNK","Dinamarca","2012","4441.69730"
"DNK","Dinamarca","2013","4487.79005"
"DNK","Dinamarca","2014","4514.56717"
"DNK","Dinamarca","2015","4550.22463"
"DNK","Dinamarca","2016","4595.74276"
"DNK","Dinamarca","2017","4621.25120"
"DNK","Dinamarca","2018","4647.40906"
"DNK","Dinamarca","2019","4709.42395"
"DNK","Dinamarca","2020","4811.40525"
"DNK","Dinamarca","2021","4936.82821"
"SVK","Eslovaquia","1994","1278.88248"
"SVK","Eslovaquia","1995","1381.89117"
"SVK","Eslovaquia","1996","1450.36068"
"SVK","Eslovaquia","1997","1582.69220"
"SVK","Eslovaquia","1998","1626.18854"
"SVK","Eslovaquia","1999","1579.81254"
"SVK","Eslovaquia","2000","1590.32325"
"SVK","Eslovaquia","2001","1562.70750"
"SVK","Eslovaquia","2002","1644.96668"
"SVK","Eslovaquia","2003","1632.14085"
"SVK","Eslovaquia","2004","1636.63284"
"SVK","Eslovaquia","2005","1727.18061"
"SVK","Eslovaquia","2006","1749.42434"
"SVK","Eslovaquia","2007","1841.74569"
"SVK","Eslovaquia","2008","1870.87264"
"SVK","Eslovaquia","2009","1917.21315"
"SVK","Eslovaquia","2010","2019.84356"
"SVK","Eslovaquia","2011","2032.60209"
"SVK","Eslovaquia","2012","1997.69540"
"SVK","Eslovaquia","2013","2012.37467"
"SVK","Eslovaquia","2014","2065.29681"
"SVK","Eslovaquia","2015","2142.47226"
"SVK","Eslovaquia","2016","2208.72725"
"SVK","Eslovaquia","2017","2309.84207"
"SVK","Eslovaquia","2018","2396.59886"
"SVK","Eslovaquia","2019","2506.78893"
"SVK","Eslovaquia","2020","2554.54666"
"SVK","Eslovaquia","2021","2590.53634"
"SVN","Eslovenia","1995","2408.16367"
"SVN","Eslovenia","1996","2526.48937"
"SVN","Eslovenia","1997","2552.62229"
"SVN","Eslovenia","1998","2556.38668"
"SVN","Eslovenia","1999","2660.32344"
"SVN","Eslovenia","2000","2661.81317"
"SVN","Eslovenia","2001","2755.81133"
"SVN","Eslovenia","2002","2789.22343"
"SVN","Eslovenia","2003","2828.18593"
"SVN","Eslovenia","2004","2865.47249"
"SVN","Eslovenia","2005","2927.57586"
"SVN","Eslovenia","2006","3061.40780"
"SVN","Eslovenia","2007","3155.60420"
"SVN","Eslovenia","2008","3186.77631"
"SVN","Eslovenia","2009","3260.46662"
"SVN","Eslovenia","2010","3334.83428"
"SVN","Eslovenia","2011","3345.61211"
"SVN","Eslovenia","2012","3205.40552"
"SVN","Eslovenia","2013","3165.06304"
"SVN","Eslovenia","2014","3244.83749"
"SVN","Eslovenia","2015","3268.90809"
"SVN","Eslovenia","2016","3364.91915"
"SVN","Eslovenia","2017","3384.14999"
"SVN","Eslovenia","2018","3518.76189"
"SVN","Eslovenia","2019","3656.21131"
"SVN","Eslovenia","2020","3723.97727"
"SVN","Eslovenia","2021","4084.51898"
"ESP","España","1972","2822.64281"
"ESP","España","1973","3012.74465"
"ESP","España","1974","3159.74005"
"ESP","España","1975","3253.09618"
"ESP","España","1976","3361.82298"
"ESP","España","1977","3376.07670"
"ESP","España","1978","3499.74550"
"ESP","España","1979","3588.39714"
"ESP","España","1980","3627.22527"
"ESP","España","1981","3651.82586"
"ESP","España","1982","3637.91972"
"ESP","España","1983","3713.13462"
"ESP","España","1984","3715.03753"
"ESP","España","1985","3718.61647"
"ESP","España","1986","3720.41176"
"ESP","España","1987","3805.52567"
"ESP","España","1988","3874.19032"
"ESP","España","1989","3897.02673"
"ESP","España","1990","4043.42368"
"ESP","España","1991","4223.80465"
"ESP","España","1992","4476.87222"
"ESP","España","1993","4661.51795"
"ESP","España","1994","4621.53813"
"ESP","España","1995","4531.38492"
"ESP","España","1996","4458.11574"
"ESP","España","1997","4503.69241"
"ESP","España","1998","4507.02750"
"ESP","España","1999","4397.39442"
"ESP","España","2000","4324.23374"
"ESP","España","2001","4250.70720"
"ESP","España","2002","4170.12260"
"ESP","España","2003","4086.43555"
"ESP","España","2004","4067.83359"
"ESP","España","2005","3996.54759"
"ESP","España","2006","4014.30695"
"ESP","España","2007","4068.01225"
"ESP","España","2008","4209.60574"
"ESP","España","2009","4366.51237"
"ESP","España","2010","4342.60560"
"ESP","España","2011","4153.04849"
"ESP","España","2012","4016.16918"
"ESP","España","2013","3983.78257"
"ESP","España","2014","3979.53772"
"ESP","España","2015","4025.45490"
"ESP","España","2016","3999.17441"
"ESP","España","2017","3951.23104"
"ESP","España","2018","3920.63617"
"ESP","España","2019","4025.58172"
"ESP","España","2020","4007.97099"
"ESP","España","2021","3965.31371"
"USA","Estados Unidos","1929","1881.73406"
"USA","Estados Unidos","1930","1880.60504"
"USA","Estados Unidos","1931","1908.07931"
"USA","Estados Unidos","1932","1845.29329"
"USA","Estados Unidos","1933","1763.54092"
"USA","Estados Unidos","1934","1788.14805"
"USA","Estados Unidos","1935","1828.35166"
"USA","Estados Unidos","1936","1915.75437"
"USA","Estados Unidos","1937","2003.02420"
"USA","Estados Unidos","1938","1990.88137"
"USA","Estados Unidos","1939","2087.87401"
"USA","Estados Unidos","1940","2149.98732"
"USA","Estados Unidos","1941","2325.30285"
"USA","Estados Unidos","1942","2540.62076"
"USA","Estados Unidos","1943","2753.71806"
"USA","Estados Unidos","1944","2926.56387"
"USA","Estados Unidos","1945","2995.07228"
"USA","Estados Unidos","1946","2994.14261"
"USA","Estados Unidos","1947","2810.31293"
"USA","Estados Unidos","1948","2767.02167"
"USA","Estados Unidos","1949","2850.15790"
"USA","Estados Unidos","1950","2969.34348"
"USA","Estados Unidos","1951","3002.89788"
"USA","Estados Unidos","1952","3108.54197"
"USA","Estados Unidos","1953","3232.97093"
"USA","Estados Unidos","1954","3292.01429"
"USA","Estados Unidos","1955","3452.14790"
"USA","Estados Unidos","1956","3560.48451"
"USA","Estados Unidos","1957","3597.90647"
"USA","Estados Unidos","1958","3580.74834"
"USA","Estados Unidos","1959","3720.66252"
"USA","Estados Unidos","1960","3772.58934"
"USA","Estados Unidos","1961","3843.09524"
"USA","Estados Unidos","1962","3969.73224"
"USA","Estados Unidos","1963","4034.06055"
"USA","Estados Unidos","1964","4162.05116"
"USA","Estados Unidos","1965","4279.26334"
"USA","Estados Unidos","1966","4442.92410"
"USA","Estados Unidos","1967","4459.96083"
"USA","Estados Unidos","1968","4596.81330"
"USA","Estados Unidos","1969","4668.29443"
"USA","Estados Unidos","1970","4641.90251"
"USA","Estados Unidos","1971","4706.00239"
"USA","Estados Unidos","1972","4826.72555"
"USA","Estados Unidos","1973","4865.29167"
"USA","Estados Unidos","1974","4686.98591"
"USA","Estados Unidos","1975","4636.36225"
"USA","Estados Unidos","1976","4673.54626"
"USA","Estados Unidos","1977","4706.87024"
"USA","Estados Unidos","1978","4728.60788"
"USA","Estados Unidos","1979","4636.66241"
"USA","Estados Unidos","1980","4470.50840"
"USA","Estados Unidos","1981","4425.37382"
"USA","Estados Unidos","1982","4454.33908"
"USA","Estados Unidos","1983","4532.11786"
"USA","Estados Unidos","1984","4581.12274"
"USA","Estados Unidos","1985","4654.49796"
"USA","Estados Unidos","1986","4747.91246"
"USA","Estados Unidos","1987","4781.74471"
"USA","Estados Unidos","1988","4867.63424"
"USA","Estados Unidos","1989","4840.83677"
"USA","Estados Unidos","1990","4823.66138"
"USA","Estados Unidos","1991","4836.00479"
"USA","Estados Unidos","1992","4939.92320"
"USA","Estados Unidos","1993","4926.67914"
"USA","Estados Unidos","1994","4923.95774"
"USA","Estados Unidos","1995","4929.85739"
"USA","Estados Unidos","1996","4961.75550"
"USA","Estados Unidos","1997","5045.53954"
"USA","Estados Unidos","1998","5255.67341"
"USA","Estados Unidos","1999","5381.83706"
"USA","Estados Unidos","2000","5488.44436"
"USA","Estados Unidos","2001","5505.62710"
"USA","Estados Unidos","2002","5517.67231"
"USA","Estados Unidos","2003","5549.01778"
"USA","Estados Unidos","2004","5654.29454"
"USA","Estados Unidos","2005","5644.95578"
"USA","Estados Unidos","2006","5675.88856"
"USA","Estados Unidos","2007","5735.94635"
"USA","Estados Unidos","2008","5663.68859"
"USA","Estados Unidos","2009","5690.67586"
"USA","Estados Unidos","2010","5748.85465"
"USA","Estados Unidos","2011","5737.84634"
"USA","Estados Unidos","2012","5743.75269"
"USA","Estados Unidos","2013","5768.79633"
"USA","Estados Unidos","2014","5837.80777"
"USA","Estados Unidos","2015","6010.29516"
"USA","Estados Unidos","2016","5990.63524"
"USA","Estados Unidos","2017","6049.87298"
"USA","Estados Unidos","2018","6112.88657"
"USA","Estados Unidos","2019","6190.09572"
"USA","Estados Unidos","2020","6612.63233"
"USA","Estados Unidos","2021","6637.75460"
"EST","Estonia","1991","955.68811"
"EST","Estonia","1992","955.68811"
"EST","Estonia","1993","955.68811"
"EST","Estonia","1994","955.68811"
"EST","Estonia","1995","912.22606"
"EST","Estonia","1996","970.63488"
"EST","Estonia","1997","1060.21112"
"EST","Estonia","1998","1131.74260"
"EST","Estonia","1999","1182.42357"
"EST","Estonia","2000","1265.50387"
"EST","Estonia","2001","1314.82792"
"EST","Estonia","2002","1396.24898"
"EST","Estonia","2003","1530.88900"
"EST","Estonia","2004","1665.33669"
"EST","Estonia","2005","1770.56406"
"EST","Estonia","2006","1924.55063"
"EST","Estonia","2007","2250.60475"
"EST","Estonia","2008","2250.36495"
"EST","Estonia","2009","2150.29303"
"EST","Estonia","2010","2129.65556"
"EST","Estonia","2011","2079.76942"
"EST","Estonia","2012","2109.49026"
"EST","Estonia","2013","2173.52198"
"EST","Estonia","2014","2324.78792"
"EST","Estonia","2015","2431.30922"
"EST","Estonia","2016","2569.94110"
"EST","Estonia","2017","2673.85119"
"EST","Estonia","2018","2834.86372"
"EST","Estonia","2019","2982.25124"
"EST","Estonia","2020","3159.86545"
"EST","Estonia","2021","3345.50479"
"FIN","Finlandia","1970","1777.29803"
"FIN","Finlandia","1971","1900.24606"
"FIN","Finlandia","1972","2044.20769"
"FIN","Finlandia","1973","2149.71483"
"FIN","Finlandia","1974","2223.83030"
"FIN","Finlandia","1975","2329.41904"
"FIN","Finlandia","1976","2391.21720"
"FIN","Finlandia","1977","2315.89032"
"FIN","Finlandia","1978","2268.76089"
"FIN","Finlandia","1979","2345.21445"
"FIN","Finlandia","1980","2376.38256"
"FIN","Finlandia","1981","2429.19840"
"FIN","Finlandia","1982","2420.08785"
"FIN","Finlandia","1983","2458.44180"
"FIN","Finlandia","1984","2516.99045"
"FIN","Finlandia","1985","2613.15748"
"FIN","Finlandia","1986","2730.11596"
"FIN","Finlandia","1987","2883.69801"
"FIN","Finlandia","1988","3017.72193"
"FIN","Finlandia","1989","3108.16242"
"FIN","Finlandia","1990","3192.48777"
"FIN","Finlandia","1991","3233.41502"
"FIN","Finlandia","1992","3216.12074"
"FIN","Finlandia","1993","3185.93704"
"FIN","Finlandia","1994","3237.02211"
"FIN","Finlandia","1995","3311.26052"
"FIN","Finlandia","1996","3373.05852"
"FIN","Finlandia","1997","3411.21541"
"FIN","Finlandia","1998","3537.31649"
"FIN","Finlandia","1999","3540.53177"
"FIN","Finlandia","2000","3582.66753"
"FIN","Finlandia","2001","3613.25995"
"FIN","Finlandia","2002","3655.80641"
"FIN","Finlandia","2003","3724.21013"
"FIN","Finlandia","2004","3866.31651"
"FIN","Finlandia","2005","3974.04724"
"FIN","Finlandia","2006","4050.61679"
"FIN","Finlandia","2007","4078.48551"
"FIN","Finlandia","2008","4123.82629"
"FIN","Finlandia","2009","4237.39000"
"FIN","Finlandia","2010","4261.53570"
"FIN","Finlandia","2011","4274.64157"
"FIN","Finlandia","2012","4298.95389"
"FIN","Finlandia","2013","4310.71141"
"FIN","Finlandia","2014","4320.97216"
"FIN","Finlandia","2015","4409.04306"
"FIN","Finlandia","2016","4435.18991"
"FIN","Finlandia","2017","4347.82247"
"FIN","Finlandia","2018","4353.07784"
"FIN","Finlandia","2019","4410.73079"
"FIN","Finlandia","2020","4402.76654"
"FIN","Finlandia","2021","4582.10315"
"FRA","Francia","1950","1037.19661"
"FRA","Francia","1951","1106.53942"
"FRA","Francia","1952","1170.51101"
"FRA","Francia","1953","1230.92640"
"FRA","Francia","1954","1324.13262"
"FRA","Francia","1955","1384.42566"
"FRA","Francia","1956","1494.53253"
"FRA","Francia","1957","1580.08772"
"FRA","Francia","1958","1543.26187"
"FRA","Francia","1959","1605.30543"
"FRA","Francia","1960","1665.52608"
"FRA","Francia","1961","1796.22887"
"FRA","Francia","1962","1888.90937"
"FRA","Francia","1963","1991.08512"
"FRA","Francia","1964","2082.74743"
"FRA","Francia","1965","2152.21351"
"FRA","Francia","1966","2223.78209"
"FRA","Francia","1967","2312.36890"
"FRA","Francia","1968","2470.71089"
"FRA","Francia","1969","2582.92631"
"FRA","Francia","1970","2707.48353"
"FRA","Francia","1971","2851.98313"
"FRA","Francia","1972","2954.94212"
"FRA","Francia","1973","3089.15241"
"FRA","Francia","1974","3198.31750"
"FRA","Francia","1975","3395.01344"
"FRA","Francia","1976","3549.44620"
"FRA","Francia","1977","3631.83157"
"FRA","Francia","1978","3734.34242"
"FRA","Francia","1979","3808.25451"
"FRA","Francia","1980","3833.06487"
"FRA","Francia","1981","3849.69414"
"FRA","Francia","1982","3919.71883"
"FRA","Francia","1983","3926.42755"
"FRA","Francia","1984","3940.57926"
"FRA","Francia","1985","3939.70440"
"FRA","Francia","1986","3996.63921"
"FRA","Francia","1987","4011.94050"
"FRA","Francia","1988","4071.48887"
"FRA","Francia","1989","4103.51844"
"FRA","Francia","1990","3995.42925"
"FRA","Francia","1991","4014.61271"
"FRA","Francia","1992","4067.08228"
"FRA","Francia","1993","4082.46040"
"FRA","Francia","1994","4072.08517"
"FRA","Francia","1995","4085.42845"
"FRA","Francia","1996","4090.59994"
"FRA","Francia","1997","4109.58145"
"FRA","Francia","1998","4146.58258"
"FRA","Francia","1999","4215.07199"
"FRA","Francia","2000","4248.14286"
"FRA","Francia","2001","4273.45435"
"FRA","Francia","2002","4327.47867"
"FRA","Francia","2003","4594.54265"
"FRA","Francia","2004","4606.05446"
"FRA","Francia","2005","4662.58747"
"FRA","Francia","2006","4777.50288"
"FRA","Francia","2007","4792.56178"
"FRA","Francia","2008","4720.03249"
"FRA","Francia","2009","4796.33217"
"FRA","Francia","2010","4870.19433"
"FRA","Francia","2011","4903.53219"
"FRA","Francia","2012","4896.20272"
"FRA","Francia","2013","4924.37403"
"FRA","Francia","2014","4882.75013"
"FRA","Francia","2015","4928.61210"
"FRA","Francia","2016","5000.75971"
"FRA","Francia","2017","5054.23520"
"FRA","Francia","2018","5056.23076"
"FRA","Francia","2019","5051.57059"
"FRA","Francia","2020","4881.79332"
"FRA","Francia","2021","5034.16779"
"GRC","Grecia","1977","2939.37576"
"GRC","Grecia","1978","3214.47002"
"GRC","Grecia","1979","3295.88263"
"GRC","Grecia","1980","3058.71963"
"GRC","Grecia","1981","2987.30810"
"GRC","Grecia","1982","3159.34403"
"GRC","Grecia","1983","3215.10422"
"GRC","Grecia","1984","3286.46370"
"GRC","Grecia","1985","3343.08951"
"GRC","Grecia","1986","3062.98418"
"GRC","Grecia","1987","2925.16603"
"GRC","Grecia","1988","3063.16182"
"GRC","Grecia","1989","3330.50679"
"GRC","Grecia","1990","3263.53907"
"GRC","Grecia","1991","3150.21683"
"GRC","Grecia","1992","3032.38688"
"GRC","Grecia","1993","2909.35568"
"GRC","Grecia","1994","2910.01513"
"GRC","Grecia","1995","3020.22452"
"GRC","Grecia","1996","2981.48962"
"GRC","Grecia","1997","3200.89910"
"GRC","Grecia","1998","3165.96831"
"GRC","Grecia","1999","3281.35109"
"GRC","Grecia","2000","3299.12842"
"GRC","Grecia","2001","3224.83074"
"GRC","Grecia","2002","3503.10586"
"GRC","Grecia","2003","3635.03027"
"GRC","Grecia","2004","3630.65068"
"GRC","Grecia","2005","3667.33209"
"GRC","Grecia","2006","3734.61254"
"GRC","Grecia","2007","3823.73125"
"GRC","Grecia","2008","3823.64829"
"GRC","Grecia","2009","3927.51730"
"GRC","Grecia","2010","3710.06756"
"GRC","Grecia","2011","3624.61629"
"GRC","Grecia","2012","3602.10180"
"GRC","Grecia","2013","3527.61271"
"GRC","Grecia","2014","3511.33887"
"GRC","Grecia","2015","3401.94827"
"GRC","Grecia","2016","3393.08305"
"GRC","Grecia","2017","3328.73994"
"GRC","Grecia","2018","3316.87818"
"GRC","Grecia","2019","3250.28135"
"GRC","Grecia","2020","3232.19835"
"GRC","Grecia","2021","3315.89999"
"HUN","Hungría","1995","1986.48412"
"HUN","Hungría","1996","1947.01883"
"HUN","Hungría","1997","2011.75807"
"HUN","Hungría","1998","2008.23611"
"HUN","Hungría","1999","1924.97413"
"HUN","Hungría","2000","2030.01038"
"HUN","Hungría","2001","2136.00975"
"HUN","Hungría","2002","2243.87544"
"HUN","Hungría","2003","2380.76009"
"HUN","Hungría","2004","2495.36099"
"HUN","Hungría","2005","2605.01298"
"HUN","Hungría","2006","2619.04925"
"HUN","Hungría","2007","2578.49735"
"HUN","Hungría","2008","2581.75247"
"HUN","Hungría","2009","2464.45953"
"HUN","Hungría","2010","2361.78918"
"HUN","Hungría","2011","2338.21484"
"HUN","Hungría","2012","2247.71514"
"HUN","Hungría","2013","2223.29477"
"HUN","Hungría","2014","2234.40557"
"HUN","Hungría","2015","2263.03884"
"HUN","Hungría","2016","2311.94891"
"HUN","Hungría","2017","2404.97876"
"HUN","Hungría","2018","2512.77850"
"HUN","Hungría","2019","2607.57204"
"HUN","Hungría","2020","2626.20896"
"HUN","Hungría","2021","2647.89053"
"IRL","Irlanda","1976","2245.44663"
"IRL","Irlanda","1977","2274.81698"
"IRL","Irlanda","1978","2436.95961"
"IRL","Irlanda","1979","2558.41242"
"IRL","Irlanda","1980","2618.22928"
"IRL","Irlanda","1981","2568.53716"
"IRL","Irlanda","1982","2504.67215"
"IRL","Irlanda","1983","2555.76480"
"IRL","Irlanda","1984","2605.78542"
"IRL","Irlanda","1985","2601.74718"
"IRL","Irlanda","1986","2649.80231"
"IRL","Irlanda","1987","2706.95042"
"IRL","Irlanda","1988","2790.66134"
"IRL","Irlanda","1989","2875.28089"
"IRL","Irlanda","1990","2882.34643"
"IRL","Irlanda","1991","2918.08728"
"IRL","Irlanda","1992","3039.80735"
"IRL","Irlanda","1993","3157.37358"
"IRL","Irlanda","1994","3147.09215"
"IRL","Irlanda","1995","3164.10926"
"IRL","Irlanda","1996","3210.67934"
"IRL","Irlanda","1997","3386.30138"
"IRL","Irlanda","1998","3379.43558"
"IRL","Irlanda","1999","3474.63517"
"IRL","Irlanda","2000","3509.26568"
"IRL","Irlanda","2001","3602.86106"
"IRL","Irlanda","2002","3612.48049"
"IRL","Irlanda","2003","3718.01044"
"IRL","Irlanda","2004","3837.50443"
"IRL","Irlanda","2005","3957.05727"
"IRL","Irlanda","2006","3965.27356"
"IRL","Irlanda","2007","3810.32114"
"IRL","Irlanda","2008","3816.42165"
"IRL","Irlanda","2009","3999.55483"
"IRL","Irlanda","2010","3941.06919"
"IRL","Irlanda","2011","3839.27827"
"IRL","Irlanda","2012","3829.89469"
"IRL","Irlanda","2013","3756.15397"
"IRL","Irlanda","2014","3787.77935"
"IRL","Irlanda","2015","3880.57528"
"IRL","Irlanda","2016","3976.66237"
"IRL","Irlanda","2017","4084.34766"
"IRL","Irlanda","2018","4178.30503"
"IRL","Irlanda","2019","4298.89356"
"IRL","Irlanda","2020","4387.46010"
"IRL","Irlanda","2021","4492.82719"
"ISL","Islandia","1970","1715.09126"
"ISL","Islandia","1971","1961.78785"
"ISL","Islandia","1972","2122.45829"
"ISL","Islandia","1973","2337.15692"
"ISL","Islandia","1974","2388.04473"
"ISL","Islandia","1975","2093.04504"
"ISL","Islandia","1976","2066.87256"
"ISL","Islandia","1977","2327.64274"
"ISL","Islandia","1978","2498.70227"
"ISL","Islandia","1979","2564.27410"
"ISL","Islandia","1980","2469.71076"
"ISL","Islandia","1981","2395.18058"
"ISL","Islandia","1982","2434.49614"
"ISL","Islandia","1983","2061.52471"
"ISL","Islandia","1984","2021.13724"
"ISL","Islandia","1985","2161.76705"
"ISL","Islandia","1986","2299.32389"
"ISL","Islandia","1987","2770.59877"
"ISL","Islandia","1988","2807.93484"
"ISL","Islandia","1989","2656.79903"
"ISL","Islandia","1990","2624.04664"
"ISL","Islandia","1991","2759.46400"
"ISL","Islandia","1992","2656.77263"
"ISL","Islandia","1993","2508.27182"
"ISL","Islandia","1994","2560.32177"
"ISL","Islandia","1995","2681.53585"
"ISL","Islandia","1996","2867.71342"
"ISL","Islandia","1997","2930.39248"
"ISL","Islandia","1998","3213.34462"
"ISL","Islandia","1999","3363.91227"
"ISL","Islandia","2000","3486.32964"
"ISL","Islandia","2001","3518.43168"
"ISL","Islandia","2002","3623.57903"
"ISL","Islandia","2003","3712.58651"
"ISL","Islandia","2004","3945.01591"
"ISL","Islandia","2005","4164.16073"
"ISL","Islandia","2006","4351.75525"
"ISL","Islandia","2007","4461.87818"
"ISL","Islandia","2008","4028.83148"
"ISL","Islandia","2009","3474.95230"
"ISL","Islandia","2010","3513.98026"
"ISL","Islandia","2011","3689.79560"
"ISL","Islandia","2012","3728.97129"
"ISL","Islandia","2013","3735.89389"
"ISL","Islandia","2014","3775.99183"
"ISL","Islandia","2015","3983.50496"
"ISL","Islandia","2016","4209.00916"
"ISL","Islandia","2017","4454.61809"
"ISL","Islandia","2018","4685.50851"
"ISL","Islandia","2019","4605.90804"
"ISL","Islandia","2020","4480.09225"
"ISL","Islandia","2021","4689.85013"
"ISR","Israel","1995","2959.73201"
"ISR","Israel","1996","3092.52809"
"ISR","Israel","1997","3129.06516"
"ISR","Israel","1998","3234.92593"
"ISR","Israel","1999","3280.33917"
"ISR","Israel","2000","3404.83334"
"ISR","Israel","2001","3438.82459"
"ISR","Israel","2002","3263.74402"
"ISR","Israel","2003","3132.19427"
"ISR","Israel","2004","3108.66562"
"ISR","Israel","2005","3118.05496"
"ISR","Israel","2006","3217.16231"
"ISR","Israel","2007","3277.82310"
"ISR","Israel","2008","3232.71037"
"ISR","Israel","2009","3110.86789"
"ISR","Israel","2010","3130.48911"
"ISR","Israel","2011","3147.58157"
"ISR","Israel","2012","2951.25292"
"ISR","Israel","2013","2985.68534"
"ISR","Israel","2014","3016.76606"
"ISR","Israel","2015","3124.39620"
"ISR","Israel","2016","3263.07903"
"ISR","Israel","2017","3372.56084"
"ISR","Israel","2018","3478.50554"
"ISR","Israel","2019","3559.18001"
"ISR","Israel","2020","3605.79184"
"ISR","Israel","2021","3812.34475"
"ITA","Italia","1970","2388.87117"
"ITA","Italia","1971","2590.50330"
"ITA","Italia","1972","2730.27359"
"ITA","Italia","1973","2908.60035"
"ITA","Italia","1974","2968.89569"
"ITA","Italia","1975","3021.39111"
"ITA","Italia","1976","3148.28434"
"ITA","Italia","1977","3222.52996"
"ITA","Italia","1978","3334.43118"
"ITA","Italia","1979","3465.23993"
"ITA","Italia","1980","3484.12513"
"ITA","Italia","1981","3592.69480"
"ITA","Italia","1982","3597.64934"
"ITA","Italia","1983","3633.52935"
"ITA","Italia","1984","3685.12097"
"ITA","Italia","1985","3725.99258"
"ITA","Italia","1986","3793.22681"
"ITA","Italia","1987","3929.04427"
"ITA","Italia","1988","4037.75798"
"ITA","Italia","1989","4142.57404"
"ITA","Italia","1990","4234.88389"
"ITA","Italia","1991","4334.34036"
"ITA","Italia","1992","4354.44449"
"ITA","Italia","1993","4388.59386"
"ITA","Italia","1994","4397.19726"
"ITA","Italia","1995","4396.84596"
"ITA","Italia","1996","4493.52716"
"ITA","Italia","1997","4588.28529"
"ITA","Italia","1998","4460.40221"
"ITA","Italia","1999","4459.78211"
"ITA","Italia","2000","4431.97190"
"ITA","Italia","2001","4433.38420"
"ITA","Italia","2002","4433.01011"
"ITA","Italia","2003","4442.34705"
"ITA","Italia","2004","4485.06513"
"ITA","Italia","2005","4498.71660"
"ITA","Italia","2006","4517.12279"
"ITA","Italia","2007","4558.33390"
"ITA","Italia","2008","4488.01494"
"ITA","Italia","2009","4469.89761"
"ITA","Italia","2010","4509.19768"
"ITA","Italia","2011","4419.35819"
"ITA","Italia","2012","4228.92418"
"ITA","Italia","2013","4203.95946"
"ITA","Italia","2014","4181.33156"
"ITA","Italia","2015","4214.47429"
"ITA","Italia","2016","4239.37212"
"ITA","Italia","2017","4203.32686"
"ITA","Italia","2018","4243.96938"
"ITA","Italia","2019","4268.66136"
"ITA","Italia","2020","4093.72532"
"ITA","Italia","2021","4353.02262"
"JPN","Japón","1955","827.43187"
"JPN","Japón","1956","882.86583"
"JPN","Japón","1957","901.55886"
"JPN","Japón","1958","963.82680"
"JPN","Japón","1959","1025.32021"
"JPN","Japón","1960","1091.15686"
"JPN","Japón","1961","1172.54231"
"JPN","Japón","1962","1251.97141"
"JPN","Japón","1963","1328.60202"
"JPN","Japón","1964","1448.01381"
"JPN","Japón","1965","1519.11470"
"JPN","Japón","1966","1607.79785"
"JPN","Japón","1967","1732.44658"
"JPN","Japón","1968","1869.86329"
"JPN","Japón","1969","2057.51762"
"JPN","Japón","1970","2225.65185"
"JPN","Japón","1971","2403.70143"
"JPN","Japón","1972","2627.92268"
"JPN","Japón","1973","2828.83991"
"JPN","Japón","1974","2895.34365"
"JPN","Japón","1975","3012.11355"
"JPN","Japón","1976","3050.72441"
"JPN","Japón","1977","3103.41687"
"JPN","Japón","1978","3193.15499"
"JPN","Japón","1979","3261.12037"
"JPN","Japón","1980","3207.83678"
"JPN","Japón","1981","3255.86882"
"JPN","Japón","1982","3299.07217"
"JPN","Japón","1983","3315.51621"
"JPN","Japón","1984","3374.72609"
"JPN","Japón","1985","3420.68475"
"JPN","Japón","1986","3490.60539"
"JPN","Japón","1987","3567.86156"
"JPN","Japón","1988","3660.12056"
"JPN","Japón","1989","3718.36236"
"JPN","Japón","1990","3776.59786"
"JPN","Japón","1991","3818.48484"
"JPN","Japón","1992","3786.88214"
"JPN","Japón","1993","3759.79036"
"JPN","Japón","1994","3782.77685"
"JPN","Japón","1995","3829.30301"
"JPN","Japón","1996","3847.24246"
"JPN","Japón","1997","3845.71433"
"JPN","Japón","1998","3779.73285"
"JPN","Japón","1999","3745.18147"
"JPN","Japón","2000","3762.53387"
"JPN","Japón","2001","3733.68027"
"JPN","Japón","2002","3663.75948"
"JPN","Japón","2003","3638.79520"
"JPN","Japón","2004","3636.47955"
"JPN","Japón","2005","3686.66023"
"JPN","Japón","2006","3688.06696"
"JPN","Japón","2007","3672.07616"
"JPN","Japón","2008","3623.95607"
"JPN","Japón","2009","3534.77088"
"JPN","Japón","2010","3522.50158"
"JPN","Japón","2011","3685.64941"
"JPN","Japón","2012","3513.93267"
"JPN","Japón","2013","3494.59278"
"JPN","Japón","2014","3431.29480"
"JPN","Japón","2015","3417.69027"
"JPN","Japón","2016","3456.65279"
"JPN","Japón","2017","3446.34984"
"JPN","Japón","2018","3459.01790"
"JPN","Japón","2019","3471.05023"
"JPN","Japón","2020","3444.84148"
"LVA","Letonia","1995","849.11418"
"LVA","Letonia","1996","849.12942"
"LVA","Letonia","1997","889.17392"
"LVA","Letonia","1998","916.09420"
"LVA","Letonia","1999","965.28642"
"LVA","Letonia","2000","1000.08864"
"LVA","Letonia","2001","1045.56940"
"LVA","Letonia","2002","1056.61117"
"LVA","Letonia","2003","1148.51665"
"LVA","Letonia","2004","1244.36376"
"LVA","Letonia","2005","1470.93620"
"LVA","Letonia","2006","1686.18310"
"LVA","Letonia","2007","2091.27096"
"LVA","Letonia","2008","2120.24299"
"LVA","Letonia","2009","1814.69720"
"LVA","Letonia","2010","1708.26527"
"LVA","Letonia","2011","1681.89115"
"LVA","Letonia","2012","1762.53905"
"LVA","Letonia","2013","1868.94153"
"LVA","Letonia","2014","2004.75022"
"LVA","Letonia","2015","2157.83113"
"LVA","Letonia","2016","2310.61869"
"LVA","Letonia","2017","2411.45494"
"LVA","Letonia","2018","2537.08392"
"LTU","Lituania","1995","821.70436"
"LTU","Lituania","1996","916.59222"
"LTU","Lituania","1997","1012.77865"
"LTU","Lituania","1998","1106.11941"
"LTU","Lituania","1999","1155.02672"
"LTU","Lituania","2000","1159.78352"
"LTU","Lituania","2001","1224.41637"
"LTU","Lituania","2002","1307.04793"
"LTU","Lituania","2003","1448.00006"
"LTU","Lituania","2004","1606.78514"
"LTU","Lituania","2005","1775.01964"
"LTU","Lituania","2006","2067.77892"
"LTU","Lituania","2007","2245.27294"
"LTU","Lituania","2008","2320.16154"
"LTU","Lituania","2009","2014.50446"
"LTU","Lituania","2010","1984.32308"
"LTU","Lituania","2011","2024.73111"
"LTU","Lituania","2012","2048.92644"
"LTU","Lituania","2013","2139.31113"
"LTU","Lituania","2014","2234.93875"
"LTU","Lituania","2015","2390.56124"
"LTU","Lituania","2016","2531.76953"
"LTU","Lituania","2017","2666.63281"
"LTU","Lituania","2018","2801.61355"
"LTU","Lituania","2019","3031.24987"
"LTU","Lituania","2020","3202.44174"
"LTU","Lituania","2021","3427.74958"
"MEX","México","1990","1380.04004"
"MEX","México","1991","1472.70875"
"MEX","México","1992","1550.52508"
"MEX","México","1993","1618.18211"
"MEX","México","1994","1663.82566"
"MEX","México","1995","1350.15092"
"MEX","México","1996","1237.18524"
"MEX","México","1997","1272.54749"
"MEX","México","1998","1290.91630"
"MEX","México","1999","1318.14129"
"MEX","México","2000","1364.25779"
"MEX","México","2001","1412.53189"
"MEX","México","2002","1414.68023"
"MEX","México","2003","1420.03665"
"MEX","México","2004","1409.50997"
"MEX","México","2005","1368.38993"
"MEX","México","2006","1377.18352"
"MEX","México","2007","1385.41712"
"MEX","México","2008","1384.73248"
"MEX","México","2009","1348.40870"
"MEX","México","2010","1332.88106"
"MEX","México","2011","1361.66513"
"MEX","México","2012","1352.15107"
"MEX","México","2013","1354.30026"
"MEX","México","2014","1356.44125"
"MEX","México","2015","1361.63078"
"MEX","México","2016","1359.75060"
"MEX","México","2017","1356.53639"
"MEX","México","2018","1356.52702"
"MEX","México","2019","1355.61862"
"MEX","México","2020","1409.28653"
"MEX","México","2021","1364.51307"
"NOR","Noruega","1970","2310.35157"
"NOR","Noruega","1971","2364.10259"
"NOR","Noruega","1972","2360.77500"
"NOR","Noruega","1973","2450.78663"
"NOR","Noruega","1974","2537.05620"
"NOR","Noruega","1975","2607.15218"
"NOR","Noruega","1976","2656.89617"
"NOR","Noruega","1977","2687.19073"
"NOR","Noruega","1978","2683.11750"
"NOR","Noruega","1979","2640.51091"
"NOR","Noruega","1980","2659.59822"
"NOR","Noruega","1981","2610.96145"
"NOR","Noruega","1982","2612.29263"
"NOR","Noruega","1983","2595.15829"
"NOR","Noruega","1984","2631.44904"
"NOR","Noruega","1985","2664.96185"
"NOR","Noruega","1986","2724.56149"
"NOR","Noruega","1987","2737.58102"
"NOR","Noruega","1988","2747.40067"
"NOR","Noruega","1989","2744.43655"
"NOR","Noruega","1990","2752.91301"
"NOR","Noruega","1991","2795.04104"
"NOR","Noruega","1992","2836.12254"
"NOR","Noruega","1993","2836.49622"
"NOR","Noruega","1994","2880.78145"
"NOR","Noruega","1995","2904.48372"
"NOR","Noruega","1996","2962.63653"
"NOR","Noruega","1997","2983.82969"
"NOR","Noruega","1998","3145.09661"
"NOR","Noruega","1999","3249.02317"
"NOR","Noruega","2000","3321.98071"
"NOR","Noruega","2001","3406.57516"
"NOR","Noruega","2002","3505.56687"
"NOR","Noruega","2003","3549.11183"
"NOR","Noruega","2004","3692.60638"
"NOR","Noruega","2005","3839.85816"
"NOR","Noruega","2006","4018.65399"
"NOR","Noruega","2007","4251.98767"
"NOR","Noruega","2008","4348.21063"
"NOR","Noruega","2009","4418.65213"
"NOR","Noruega","2010","4429.76070"
"NOR","Noruega","2011","4555.32694"
"NOR","Noruega","2012","4734.36261"
"NOR","Noruega","2013","4877.99857"
"NOR","Noruega","2014","4949.21365"
"NOR","Noruega","2015","4952.74603"
"NOR","Noruega","2016","4862.95151"
"NOR","Noruega","2017","4896.46276"
"NOR","Noruega","2018","4924.16318"
"NOR","Noruega","2019","5042.55932"
"NOR","Noruega","2020","4998.06330"
"NOR","Noruega","2021","4918.70058"
"NZL","Nueva Zelanda","1971","2587.66224"
"NZL","Nueva Zelanda","1976","2789.69102"
"NZL","Nueva Zelanda","1979","3114.37607"
"NZL","Nueva Zelanda","1980","3139.25026"
"NZL","Nueva Zelanda","1981","3100.77101"
"NZL","Nueva Zelanda","1986","2550.33629"
"NZL","Nueva Zelanda","1987","2457.01965"
"NZL","Nueva Zelanda","1988","2516.69435"
"NZL","Nueva Zelanda","1989","2547.23423"
"NZL","Nueva Zelanda","1990","2421.05914"
"NZL","Nueva Zelanda","1991","2399.44879"
"NZL","Nueva Zelanda","1992","2441.66697"
"NZL","Nueva Zelanda","1993","2470.96376"
"NZL","Nueva Zelanda","1994","2480.53346"
"NZL","Nueva Zelanda","1995","2418.94377"
"NZL","Nueva Zelanda","1996","2444.65699"
"NZL","Nueva Zelanda","1997","2467.44304"
"NZL","Nueva Zelanda","1998","2519.75021"
"NZL","Nueva Zelanda","1999","2568.17219"
"NZL","Nueva Zelanda","2000","2576.07597"
"NZL","Nueva Zelanda","2001","2592.96717"
"NZL","Nueva Zelanda","2002","2591.98431"
"NZL","Nueva Zelanda","2003","2675.47784"
"NZL","Nueva Zelanda","2004","2735.75030"
"NZL","Nueva Zelanda","2005","2770.63422"
"NZL","Nueva Zelanda","2006","2768.48895"
"NZL","Nueva Zelanda","2007","2868.77200"
"NZL","Nueva Zelanda","2008","2899.11522"
"NZL","Nueva Zelanda","2009","2874.19326"
"NZL","Nueva Zelanda","2010","2888.66677"
"NZL","Nueva Zelanda","2011","2861.60817"
"NZL","Nueva Zelanda","2012","2920.71436"
"NZL","Nueva Zelanda","2013","2896.66146"
"NZL","Nueva Zelanda","2014","2906.92697"
"NZL","Nueva Zelanda","2015","2962.06262"
"NZL","Nueva Zelanda","2016","3065.41437"
"NZL","Nueva Zelanda","2017","3094.19558"
"NZL","Nueva Zelanda","2018","3143.78523"
"NZL","Nueva Zelanda","2019","3259.22942"
"NZL","Nueva Zelanda","2020","3310.88695"
"NZL","Nueva Zelanda","2021","3442.65799"
"NLD","Países Bajos","1975","4714.90992"
"NLD","Países Bajos","1976","4778.09271"
"NLD","Países Bajos","1977","4832.03851"
"NLD","Países Bajos","1978","4981.96246"
"NLD","Países Bajos","1979","5082.29488"
"NLD","Países Bajos","1980","4913.89763"
"NLD","Países Bajos","1981","4632.04193"
"NLD","Países Bajos","1982","4552.59503"
"NLD","Países Bajos","1983","4526.93558"
"NLD","Países Bajos","1984","4368.12715"
"NLD","Países Bajos","1985","4287.68072"
"NLD","Países Bajos","1986","4434.77175"
"NLD","Países Bajos","1987","4123.43046"
"NLD","Países Bajos","1988","4149.15168"
"NLD","Países Bajos","1989","4141.60670"
"NLD","Países Bajos","1990","4152.55456"
"NLD","Países Bajos","1991","4134.37758"
"NLD","Países Bajos","1992","4107.85459"
"NLD","Países Bajos","1993","4118.84114"
"NLD","Países Bajos","1994","4092.79784"
"NLD","Países Bajos","1995","4123.61256"
"NLD","Países Bajos","1996","4090.37670"
"NLD","Países Bajos","1997","4086.67679"
"NLD","Países Bajos","1998","4136.36171"
"NLD","Países Bajos","1999","4236.34491"
"NLD","Países Bajos","2000","4322.72562"
"NLD","Países Bajos","2001","4278.60999"
"NLD","Países Bajos","2002","4302.29088"
"NLD","Países Bajos","2003","4349.99586"
"NLD","Países Bajos","2004","4386.81977"
"NLD","Países Bajos","2005","4623.88383"
"NLD","Países Bajos","2006","4662.62320"
"NLD","Países Bajos","2007","4728.14504"
"NLD","Países Bajos","2008","4789.59978"
"NLD","Países Bajos","2009","4830.30779"
"NLD","Países Bajos","2010","4827.79598"
"NLD","Países Bajos","2011","4837.62196"
"NLD","Países Bajos","2012","4767.62882"
"NLD","Países Bajos","2013","4735.95446"
"NLD","Países Bajos","2014","4801.07659"
"NLD","Países Bajos","2015","4768.76537"
"NLD","Países Bajos","2016","4838.88975"
"NLD","Países Bajos","2017","4837.39200"
"NLD","Países Bajos","2018","4871.66688"
"NLD","Países Bajos","2019","4888.57694"
"NLD","Países Bajos","2020","5035.68836"
"NLD","Países Bajos","2021","4857.26367"
"POL","Polonia","1991","1320.77364"
"POL","Polonia","1992","1460.69987"
"POL","Polonia","1993","1401.95175"
"POL","Polonia","1994","1489.77985"
"POL","Polonia","1995","1561.06404"
"POL","Polonia","1996","1657.92822"
"POL","Polonia","1997","1739.96174"
"POL","Polonia","1998","1775.81300"
"POL","Polonia","1999","1881.82237"
"POL","Polonia","2000","1905.71114"
"POL","Polonia","2001","1987.27854"
"POL","Polonia","2002","1997.43778"
"POL","Polonia","2003","2018.79682"
"POL","Polonia","2004","1994.08794"
"POL","Polonia","2005","1987.66978"
"POL","Polonia","2006","1998.74265"
"POL","Polonia","2007","2065.37180"
"POL","Polonia","2008","2155.48501"
"POL","Polonia","2009","2143.94751"
"POL","Polonia","2010","2301.25205"
"POL","Polonia","2011","2328.55418"
"POL","Polonia","2012","2323.40265"
"POL","Polonia","2013","2331.88714"
"POL","Polonia","2014","2377.28895"
"POL","Polonia","2015","2458.42741"
"POL","Polonia","2016","2598.74767"
"POL","Polonia","2017","2687.82274"
"POL","Polonia","2018","2843.55155"
"POL","Polonia","2019","3025.78327"
"POL","Polonia","2020","3084.95556"
"POL","Polonia","2021","3092.95673"
"PRT","Portugal","1953","778.95802"
"PRT","Portugal","1954","842.67233"
"PRT","Portugal","1955","846.45382"
"PRT","Portugal","1956","851.87514"
"PRT","Portugal","1957","862.52836"
"PRT","Portugal","1958","849.73552"
"PRT","Portugal","1959","896.97627"
"PRT","Portugal","1960","919.99409"
"PRT","Portugal","1961","995.50758"
"PRT","Portugal","1962","1031.67788"
"PRT","Portugal","1963","1111.33255"
"PRT","Portugal","1964","1186.43668"
"PRT","Portugal","1965","1290.05672"
"PRT","Portugal","1966","1379.17354"
"PRT","Portugal","1967","1511.83396"
"PRT","Portugal","1968","1549.34297"
"PRT","Portugal","1969","1593.35655"
"PRT","Portugal","1970","1614.31412"
"PRT","Portugal","1971","1676.87186"
"PRT","Portugal","1972","1764.26532"
"PRT","Portugal","1973","1842.13588"
"PRT","Portugal","1974","2079.94681"
"PRT","Portugal","1975","2363.24065"
"PRT","Portugal","1976","2383.96405"
"PRT","Portugal","1977","2267.21801"
"PRT","Portugal","1978","2194.27885"
"PRT","Portugal","1979","2161.45210"
"PRT","Portugal","1980","2232.16842"
"PRT","Portugal","1981","2309.39504"
"PRT","Portugal","1982","2250.32643"
"PRT","Portugal","1983","2129.53748"
"PRT","Portugal","1984","2018.93851"
"PRT","Portugal","1985","2040.57835"
"PRT","Portugal","1986","2150.97775"
"PRT","Portugal","1987","2250.30697"
"PRT","Portugal","1988","2278.96945"
"PRT","Portugal","1989","2308.52431"
"PRT","Portugal","1990","2394.03333"
"PRT","Portugal","1991","2553.20855"
"PRT","Portugal","1992","2673.48389"
"PRT","Portugal","1993","2702.10785"
"PRT","Portugal","1994","2706.05260"
"PRT","Portugal","1995","2777.90891"
"PRT","Portugal","1996","2910.61051"
"PRT","Portugal","1997","2895.68818"
"PRT","Portugal","1998","2859.76474"
"PRT","Portugal","1999","2913.27725"
"PRT","Portugal","2000","2980.65532"
"PRT","Portugal","2001","2971.48549"
"PRT","Portugal","2002","2979.17769"
"PRT","Portugal","2003","2974.72915"
"PRT","Portugal","2004","3000.59192"
"PRT","Portugal","2005","3053.91747"
"PRT","Portugal","2006","2981.05796"
"PRT","Portugal","2007","3024.59816"
"PRT","Portugal","2008","3008.37402"
"PRT","Portugal","2009","3111.76540"
"PRT","Portugal","2010","3120.56910"
"PRT","Portugal","2011","2932.16263"
"PRT","Portugal","2012","2764.40256"
"PRT","Portugal","2013","2858.63597"
"PRT","Portugal","2014","2749.24846"
"PRT","Portugal","2015","2734.42828"
"PRT","Portugal","2016","2758.57667"
"PRT","Portugal","2017","2766.08780"
"PRT","Portugal","2018","2838.37264"
"PRT","Portugal","2019","2977.32898"
"PRT","Portugal","2020","3033.16886"
"PRT","Portugal","2021","3131.03665"
"GBR","Reino Unido","1970","1789.07669"
"GBR","Reino Unido","1971","1820.53671"
"GBR","Reino Unido","1972","1920.74879"
"GBR","Reino Unido","1973","1990.03993"
"GBR","Reino Unido","1974","2038.33390"
"GBR","Reino Unido","1975","2153.99534"
"GBR","Reino Unido","1976","2118.20398"
"GBR","Reino Unido","1977","2020.36554"
"GBR","Reino Unido","1978","2114.39061"
"GBR","Reino Unido","1979","2149.16066"
"GBR","Reino Unido","1980","2200.75746"
"GBR","Reino Unido","1981","2229.84938"
"GBR","Reino Unido","1982","2229.76769"
"GBR","Reino Unido","1983","2307.33239"
"GBR","Reino Unido","1984","2329.30861"
"GBR","Reino Unido","1985","2366.58943"
"GBR","Reino Unido","1986","2471.45993"
"GBR","Reino Unido","1987","2534.24259"
"GBR","Reino Unido","1988","2636.86512"
"GBR","Reino Unido","1989","2724.10651"
"GBR","Reino Unido","1990","2767.65937"
"GBR","Reino Unido","1991","2812.77401"
"GBR","Reino Unido","1992","2857.28441"
"GBR","Reino Unido","1993","2890.45885"
"GBR","Reino Unido","1994","2911.05262"
"GBR","Reino Unido","1995","2920.06623"
"GBR","Reino Unido","1996","2931.04689"
"GBR","Reino Unido","1997","3029.78601"
"GBR","Reino Unido","1998","3066.62783"
"GBR","Reino Unido","1999","3196.35075"
"GBR","Reino Unido","2000","3341.69802"
"GBR","Reino Unido","2001","3469.67709"
"GBR","Reino Unido","2002","3469.26687"
"GBR","Reino Unido","2003","3600.71944"
"GBR","Reino Unido","2004","3757.03283"
"GBR","Reino Unido","2005","3847.59294"
"GBR","Reino Unido","2006","3941.11245"
"GBR","Reino Unido","2007","4085.87535"
"GBR","Reino Unido","2008","3985.52365"
"GBR","Reino Unido","2009","3934.14379"
"GBR","Reino Unido","2010","3956.31997"
"GBR","Reino Unido","2011","3875.61401"
"GBR","Reino Unido","2012","3831.37989"
"GBR","Reino Unido","2013","3852.79355"
"GBR","Reino Unido","2014","3825.44416"
"GBR","Reino Unido","2015","3860.01593"
"GBR","Reino Unido","2016","3930.62541"
"GBR","Reino Unido","2017","3937.53219"
"GBR","Reino Unido","2018","3958.05752"
"GBR","Reino Unido","2019","4049.68445"
"GBR","Reino Unido","2020","4011.13506"
"GBR","Reino Unido","2021","4108.63999"
"SWE","Suecia","1970","1903.44221"
"SWE","Suecia","1971","1919.38019"
"SWE","Suecia","1972","1966.95929"
"SWE","Suecia","1973","1967.09044"
"SWE","Suecia","1974","2019.34836"
"SWE","Suecia","1975","2140.05850"
"SWE","Suecia","1976","2279.97483"
"SWE","Suecia","1977","2289.59748"
"SWE","Suecia","1978","2309.70213"
"SWE","Suecia","1979","2330.85015"
"SWE","Suecia","1980","2304.87469"
"SWE","Suecia","1981","2250.28807"
"SWE","Suecia","1982","2197.74291"
"SWE","Suecia","1983","2180.17461"
"SWE","Suecia","1984","2185.57937"
"SWE","Suecia","1985","2189.69644"
"SWE","Suecia","1986","2300.13117"
"SWE","Suecia","1987","2438.61860"
"SWE","Suecia","1988","2475.76532"
"SWE","Suecia","1989","2588.99179"
"SWE","Suecia","1990","2608.58835"
"SWE","Suecia","1991","2556.34219"
"SWE","Suecia","1992","2595.91928"
"SWE","Suecia","1993","2574.76075"
"SWE","Suecia","1994","2683.31434"
"SWE","Suecia","1995","2685.80648"
"SWE","Suecia","1996","2841.15420"
"SWE","Suecia","1997","2973.06851"
"SWE","Suecia","1998","2937.91618"
"SWE","Suecia","1999","3033.82194"
"SWE","Suecia","2000","3217.75486"
"SWE","Suecia","2001","3256.43350"
"SWE","Suecia","2002","3287.81725"
"SWE","Suecia","2003","3335.37177"
"SWE","Suecia","2004","3459.19501"
"SWE","Suecia","2005","3530.53684"
"SWE","Suecia","2006","3572.79122"
"SWE","Suecia","2007","3676.84085"
"SWE","Suecia","2008","3684.70445"
"SWE","Suecia","2009","3790.49061"
"SWE","Suecia","2010","3855.75636"
"SWE","Suecia","2011","3854.87708"
"SWE","Suecia","2012","3949.07382"
"SWE","Suecia","2013","4036.92250"
"SWE","Suecia","2014","4131.27492"
"SWE","Suecia","2015","4252.47212"
"SWE","Suecia","2016","4336.69567"
"SWE","Suecia","2017","4360.21007"
"SWE","Suecia","2018","4448.74073"
"SWE","Suecia","2019","4506.99529"
"SWE","Suecia","2020","4596.17674"
"SWE","Suecia","2021","4773.17389"
"CHE","Suiza","1991","4493.67850"
"CHE","Suiza","1992","4511.61444"
"CHE","Suiza","1993","4532.18634"
"CHE","Suiza","1994","4574.09914"
"CHE","Suiza","1995","4587.61277"
"CHE","Suiza","1996","4592.85298"
"CHE","Suiza","1997","4668.91504"
"CHE","Suiza","1998","4682.49162"
"CHE","Suiza","1999","4705.07271"
"CHE","Suiza","2000","4732.69251"
"CHE","Suiza","2001","4856.17232"
"CHE","Suiza","2002","4901.72610"
"CHE","Suiza","2003","4874.57793"
"CHE","Suiza","2004","4836.06402"
"CHE","Suiza","2005","4892.72552"
"CHE","Suiza","2006","4928.45019"
"CHE","Suiza","2007","5049.56452"
"CHE","Suiza","2008","5014.77267"
"CHE","Suiza","2009","5083.96392"
"CHE","Suiza","2010","5879.06480"
"CHE","Suiza","2011","5936.40702"
"CHE","Suiza","2012","6049.02509"
"CHE","Suiza","2013","6147.68398"
"CHE","Suiza","2014","6135.16794"
"CHE","Suiza","2015","6197.62379"
"CHE","Suiza","2016","6230.15780"
"CHE","Suiza","2017","6219.90936"
"CHE","Suiza","2018","6239.06662"
"CHE","Suiza","2019","6326.37542"
"CHE","Suiza","2020","6302.03003"
"CHE","Suiza","2021","6642.60772"
"TUR","Turquía","1998","2154.21486"
"TUR","Turquía","1999","1998.57510"
"TUR","Turquía","2000","1895.33919"
"TUR","Turquía","2001","1687.42953"
"TUR","Turquía","2002","1637.19435"
"TUR","Turquía","2003","1758.47110"
"TUR","Turquía","2004","1920.43878"
"TUR","Turquía","2005","1996.53860"
"TUR","Turquía","2006","2007.51329"
"TUR","Turquía","2007","2040.13131"
"TUR","Turquía","2008","2031.93567"
"TUR","Turquía","2009","2025.97622"
"TUR","Turquía","2010","2022.78335"
"TUR","Turquía","2011","2077.97499"
"TUR","Turquía","2012","2145.29005"
"TUR","Turquía","2013","2200.95864"
"TUR","Turquía","2014","2251.18631"
"TUR","Turquía","2015","2320.59832"
"TUR","Turquía","2016","2571.93000"
"TUR","Turquía","2017","2527.90453"
"TUR","Turquía","2018","2515.58838"
"TUR","Turquía","2019","2655.42285"
"TUR","Turquía","2020","2659.05867"
"TUR","Turquía","2021","2718.68313"
