"geocodigoFundar","geonombreFundar","anio","indicador","valor"
"AFG","Afganistán","2018","Paying Taxes score","42.20000"
"ALB","Albania","2018","Paying Taxes score","65.20000"
"DEU","Alemania","2018","Paying Taxes score","82.20000"
"LCN","América Latina y el Caribe","2018","Paying Taxes score","60.50000"
"AGO","Angola","2018","Paying Taxes score","69.50000"
"ATG","Antigua y Barbuda","2018","Paying Taxes score","58.90000"
"SAU","Arabia Saudita","2018","Paying Taxes score","80.50000"
"DZA","Argelia","2018","Paying Taxes score","53.90000"
"ARG","Argentina","2018","Paying Taxes score","49.30000"
"ARM","Armenia","2018","Paying Taxes score","81.50000"
"F5303","Asia del Sur","2018","Paying Taxes score","60.20000"
"APA","Asia y el Pacífico","2018","Paying Taxes score","73.60000"
"AUS","Australia","2018","Paying Taxes score","85.70000"
"AUT","Austria","2018","Paying Taxes score","83.50000"
"AZE","Azerbaiyán","2018","Paying Taxes score","84.00000"
"BHS","Bahamas","2018","Paying Taxes score","81.70000"
"BHR","Bahrein","2018","Paying Taxes score","100.00000"
"BGD","Bangladesh","2018","Paying Taxes score","56.10000"
"BRB","Barbados","2018","Paying Taxes score","72.30000"
"BLR","Belarús","2018","Paying Taxes score","71.20000"
"BLZ","Belice","2018","Paying Taxes score","79.90000"
"BEN","Benin","2018","Paying Taxes score","49.30000"
"BTN","Bhután","2018","Paying Taxes score","89.20000"
"BOL","Bolivia","2018","Paying Taxes score","21.60000"
"BIH","Bosnia y Herzegovina","2018","Paying Taxes score","60.40000"
"BWA","Botswana","2018","Paying Taxes score","80.00000"
"BRA","Brasil","2018","Paying Taxes score","34.40000"
"BRN","Brunei","2018","Paying Taxes score","74.00000"
"BGR","Bulgaria","2018","Paying Taxes score","72.30000"
"BFA","Burkina Faso","2018","Paying Taxes score","55.90000"
"BDI","Burundi","2018","Paying Taxes score","60.90000"
"BEL","Bélgica","2018","Paying Taxes score","78.40000"
"CPV","Cabo Verde","2018","Paying Taxes score","74.80000"
"KHM","Camboya","2018","Paying Taxes score","61.30000"
"CMR","Camerún","2018","Paying Taxes score","36.30000"
"CAN","Canadá","2018","Paying Taxes score","88.10000"
"TCD","Chad","2018","Paying Taxes score","17.90000"
"CZE","Chequia","2018","Paying Taxes score","81.40000"
"CHL","Chile","2018","Paying Taxes score","75.30000"
"CHN","China","2018","Paying Taxes score","70.10000"
"CYP","Chipre","2018","Paying Taxes score","85.50000"
"COL","Colombia","2018","Paying Taxes score","58.60000"
"COM","Comoras","2018","Paying Taxes score","49.90000"
"COG","Congo","2018","Paying Taxes score","26.80000"
"KOR","Corea del Sur","2018","Paying Taxes score","87.40000"
"CRI","Costa Rica","2018","Paying Taxes score","78.00000"
"CIV","Costa de Marfil","2018","Paying Taxes score","68.00000"
"HRV","Croacia","2018","Paying Taxes score","81.80000"
"DNK","Dinamarca","2018","Paying Taxes score","91.10000"
"DJI","Djibouti","2018","Paying Taxes score","62.70000"
"DMA","Dominica","2018","Paying Taxes score","75.60000"
"ECU","Ecuador","2018","Paying Taxes score","58.60000"
"EGY","Egipto","2018","Paying Taxes score","55.10000"
"SLV","El Salvador","2018","Paying Taxes score","77.50000"
"ARE","Emiratos Árabes Unidos","2018","Paying Taxes score","85.30000"
"ERI","Eritrea","2018","Paying Taxes score","55.90000"
"SVK","Eslovaquia","2018","Paying Taxes score","80.60000"
"SVN","Eslovenia","2018","Paying Taxes score","83.30000"
"ESP","España","2018","Paying Taxes score","84.70000"
"USA","Estados Unidos","2018","Paying Taxes score","86.80000"
"EST","Estonia","2018","Paying Taxes score","89.90000"
"SWZ","Eswatini","2018","Paying Taxes score","77.10000"
"ETH","Etiopía","2018","Paying Taxes score","63.30000"
"ECS","Europa y Asia Central","2018","Paying Taxes score","77.90000"
"FJI","Fiji","2018","Paying Taxes score","71.10000"
"PHL","Filipinas","2018","Paying Taxes score","72.60000"
"FIN","Finlandia","2018","Paying Taxes score","90.90000"
"FRA","Francia","2018","Paying Taxes score","79.20000"
"GAB","Gabón","2018","Paying Taxes score","35.90000"
"GMB","Gambia","2018","Paying Taxes score","49.00000"
"GEO","Georgia","2018","Paying Taxes score","89.20000"
"GHA","Ghana","2018","Paying Taxes score","56.00000"
"GRD","Granada","2018","Paying Taxes score","59.60000"
"GRC","Grecia","2018","Paying Taxes score","77.10000"
"GTM","Guatemala","2018","Paying Taxes score","70.30000"
"GIN","Guinea","2018","Paying Taxes score","35.50000"
"GNQ","Guinea Ecuatorial","2018","Paying Taxes score","41.50000"
"GNB","Guinea-Bissau","2018","Paying Taxes score","55.20000"
"GUY","Guyana","2018","Paying Taxes score","65.70000"
"HTI","Haití","2018","Paying Taxes score","57.60000"
"HND","Honduras","2018","Paying Taxes score","49.90000"
"HKG","Hong Kong","2018","Paying Taxes score","99.70000"
"HUN","Hungría","2018","Paying Taxes score","80.60000"
"IND","India","2018","Paying Taxes score","67.60000"
"IDN","Indonesia","2018","Paying Taxes score","75.80000"
"IRQ","Iraq","2018","Paying Taxes score","63.50000"
"IRL","Irlanda","2018","Paying Taxes score","94.60000"
"IRN","Irán","2018","Paying Taxes score","59.50000"
"ISL","Islandia","2018","Paying Taxes score","83.80000"
"MHL","Islas Marshall","2018","Paying Taxes score","76.10000"
"SLB","Islas Salomón","2018","Paying Taxes score","83.80000"
"ISR","Israel","2018","Paying Taxes score","89.60000"
"ITA","Italia","2018","Paying Taxes score","64.00000"
"JAM","Jamaica","2018","Paying Taxes score","64.90000"
"JPN","Japón","2018","Paying Taxes score","81.60000"
"JOR","Jordania","2018","Paying Taxes score","78.70000"
"KAZ","Kazajstán","2018","Paying Taxes score","78.20000"
"KEN","Kenia","2018","Paying Taxes score","72.80000"
"KGZ","Kirguistán","2018","Paying Taxes score","67.20000"
"KIR","Kiribati","2018","Paying Taxes score","71.40000"
"XKX","Kosovo","2018","Paying Taxes score","81.90000"
"KWT","Kuwait","2018","Paying Taxes score","92.50000"
"LAO","Laos","2018","Paying Taxes score","54.20000"
"LSO","Lesotho","2018","Paying Taxes score","68.90000"
"LVA","Letonia","2018","Paying Taxes score","89.00000"
"LBR","Liberia","2018","Paying Taxes score","76.40000"
"LBY","Libia","2018","Paying Taxes score","63.60000"
"LIE","Liechtenstein","2018","Paying Taxes score","79.00000"
"LTU","Lituania","2018","Paying Taxes score","88.80000"
"LUX","Luxemburgo","2018","Paying Taxes score","87.40000"
"LBN","Líbano","2018","Paying Taxes score","67.50000"
"MKD","Macedonia del Norte","2018","Paying Taxes score","84.70000"
"MDG","Madagascar","2018","Paying Taxes score","62.60000"
"MYS","Malasia","2018","Paying Taxes score","76.00000"
"MWI","Malawi","2018","Paying Taxes score","62.40000"
"MDV","Maldivas","2018","Paying Taxes score","66.40000"
"MLT","Malta","2018","Paying Taxes score","76.20000"
"MLI","Malí","2018","Paying Taxes score","48.90000"
"MAR","Marruecos","2018","Paying Taxes score","87.20000"
"MUS","Mauricio","2018","Paying Taxes score","94.00000"
"MRT","Mauritania","2018","Paying Taxes score","42.60000"
"FSM","Micronesia","2018","Paying Taxes score","68.80000"
"MDA","Moldavia","2018","Paying Taxes score","85.20000"
"MNG","Mongolia","2018","Paying Taxes score","77.30000"
"MNE","Montenegro","2018","Paying Taxes score","76.70000"
"MOZ","Mozambique","2018","Paying Taxes score","64.00000"
"MMR","Myanmar","2018","Paying Taxes score","63.90000"
"MEX","México","2018","Paying Taxes score","65.80000"
"NAM","Namibia","2018","Paying Taxes score","74.50000"
"NPL","Nepal","2018","Paying Taxes score","47.10000"
"NIC","Nicaragua","2018","Paying Taxes score","52.70000"
"NGA","Nigeria","2018","Paying Taxes score","53.70000"
"NOR","Noruega","2018","Paying Taxes score","85.10000"
"NZL","Nueva Zelanda","2018","Paying Taxes score","91.00000"
"NER","Níger","2018","Paying Taxes score","49.40000"
"OMN","Omán","2018","Paying Taxes score","90.20000"
"MEA","Oriente Medio y África del Norte","2018","Paying Taxes score","75.10000"
"PAK","Pakistán","2018","Paying Taxes score","52.90000"
"PLW","Palau","2018","Paying Taxes score","68.50000"
"PAN","Panamá","2018","Paying Taxes score","46.70000"
"PNG","Papúa Nueva Guinea","2018","Paying Taxes score","67.20000"
"PRY","Paraguay","2018","Paying Taxes score","64.10000"
"NLD","Países Bajos","2018","Paying Taxes score","87.40000"
"","Países de ingresos altos OCDE","2018","Paying Taxes score","84.30000"
"PER","Perú","2018","Paying Taxes score","65.80000"
"POL","Polonia","2018","Paying Taxes score","76.40000"
"PRT","Portugal","2018","Paying Taxes score","83.70000"
"PRI","Puerto Rico","2018","Paying Taxes score","52.00000"
"QAT","Qatar","2018","Paying Taxes score","99.40000"
"GBR","Reino Unido","2018","Paying Taxes score","86.20000"
"CAF","Rep. Centroafricana","2018","Paying Taxes score","18.90000"
"COD","Rep. Dem. Congo","2018","Paying Taxes score","40.90000"
"DOM","Rep. Dominicana","2018","Paying Taxes score","57.40000"
"RWA","Ruanda","2018","Paying Taxes score","84.60000"
"ROU","Rumania","2018","Paying Taxes score","85.20000"
"RUS","Rusia","2018","Paying Taxes score","80.50000"
"KNA","Saint Kitts y Nevis","2018","Paying Taxes score","64.40000"
"WSM","Samoa","2018","Paying Taxes score","75.70000"
"SMR","San Marino","2018","Paying Taxes score","82.00000"
"LCA","Santa Lucía","2018","Paying Taxes score","75.50000"
"STP","Santo Tomé y Príncipe","2018","Paying Taxes score","61.80000"
"SEN","Senegal","2018","Paying Taxes score","51.20000"
"SRB","Serbia","2018","Paying Taxes score","75.30000"
"SYC","Seychelles","2018","Paying Taxes score","84.70000"
"SLE","Sierra Leona","2018","Paying Taxes score","73.00000"
"SGP","Singapur","2018","Paying Taxes score","91.60000"
"SYR","Siria","2018","Paying Taxes score","74.00000"
"SOM","Somalia","2018","Paying Taxes score","0.00000"
"LKA","Sri Lanka","2018","Paying Taxes score","59.80000"
"ZAF","Sudáfrica","2018","Paying Taxes score","81.20000"
"SDN","Sudán","2018","Paying Taxes score","51.80000"
"SSD","Sudán del Sur","2018","Paying Taxes score","76.70000"
"SWE","Suecia","2018","Paying Taxes score","85.30000"
"CHE","Suiza","2018","Paying Taxes score","87.70000"
"SUR","Suriname","2018","Paying Taxes score","69.40000"
"THA","Tailandia","2018","Paying Taxes score","77.70000"
"TWN","Taiwán","2018","Paying Taxes score","84.30000"
"TZA","Tanzanía","2018","Paying Taxes score","51.30000"
"TJK","Tayikistán","2018","Paying Taxes score","60.90000"
"TLS","Timor-Leste","2018","Paying Taxes score","61.90000"
"TGO","Togo","2018","Paying Taxes score","47.30000"
"TON","Tonga","2018","Paying Taxes score","70.60000"
"TTO","Trinidad y Tobago","2018","Paying Taxes score","53.50000"
"TUR","Turquía","2018","Paying Taxes score","86.60000"
"TUN","Túnez","2018","Paying Taxes score","69.40000"
"UKR","Ucrania","2018","Paying Taxes score","78.10000"
"UGA","Uganda","2018","Paying Taxes score","73.10000"
"URY","Uruguay","2018","Paying Taxes score","70.30000"
"UZB","Uzbekistán","2018","Paying Taxes score","77.50000"
"VUT","Vanuatu","2018","Paying Taxes score","77.80000"
"VEN","Venezuela","2018","Paying Taxes score","11.40000"
"VNM","Vietnam","2018","Paying Taxes score","69.00000"
"YEM","Yemen","2018","Paying Taxes score","74.10000"
"ZMB","Zambia","2018","Paying Taxes score","88.90000"
"ZWE","Zimbabwe","2018","Paying Taxes score","58.70000"
"SSF","África Subsahariana","2018","Paying Taxes score","57.80000"
